12:30:08.759 +    0.0s §CLI_BAKE_ENV root=/tmp/wt-storey-reveal commit=a5647547 sw=v1157 db=Hospital_silent_local gpu=real out=/tmp/wt-storey-reveal/out/ending2.mp4
12:30:08.968 +    0.2s §CLI_BAKE_NAV http://127.0.0.1:8544/viewer/viewer.html?db=/buildings/Hospital_silent_local.db
12:30:30.974 +   22.2s §CLI_BAKE_LOADED building=Hospital meshes=4499
12:30:30.976 +   22.2s §CLI_BAKE_PREWARM_SEEN §PHOTO_PREWARM ms=4358 did=[mepSmooth,hdri,groundTex] — this work is now OFF the first Alt+S press (measured 8,923.6 ms of it on Hospital)
12:30:31.016 +   22.3s §CLI_BAKE_GL vendor="Google Inc. (NVIDIA Corporation)" renderer="ANGLE (NVIDIA Corporation, NVIDIA GeForce RTX 4060 Laptop GPU/PCIe/SSE2, OpenGL ES 3.2)"
12:30:32.156 +   23.4s §CLI_BAKE_BUILDUP_RESOLVED on=1 source=stored-path — decides whether the Time Machine is primed before the bake asks for a timeline
12:30:33.270 +   24.5s §CLI_BAKE_TM_PRIME ok ms=1072
12:30:33.270 +   24.5s §CLI_BAKE_CLIP in=0.74 out=1 (§SDC — a window of the same film)
12:30:59.655 +   50.9s §CLI_BAKE_PROGRESS frame=8/1222 0.7% rate=0.695s/frame (trailing 2) elapsed=12s eta=14m3s (1214 frames left) — early estimate runs LOW; frames get heavier as the model fills in
12:31:29.755 +   81.0s §CLI_BAKE_PROGRESS frame=44/1222 3.6% rate=0.738s/frame (trailing 7) elapsed=39s eta=14m30s (1178 frames left) — early estimate runs LOW; frames get heavier as the model fills in
12:31:59.836 +  111.1s §CLI_BAKE_PROGRESS frame=105/1222 8.6% rate=0.573s/frame (trailing 10) elapsed=1m10s eta=10m40s (1117 frames left) — early estimate runs LOW; frames get heavier as the model fills in
12:32:29.872 +  141.1s §CLI_BAKE_PROGRESS frame=168/1222 13.7% rate=0.514s/frame (trailing 10) elapsed=1m42s eta=9m2s (1054 frames left) — early estimate runs LOW; frames get heavier as the model fills in
12:32:59.928 +  171.2s §CLI_BAKE_PROGRESS frame=226/1222 18.5% rate=0.534s/frame (trailing 10) elapsed=2m14s eta=8m52s (996 frames left) — early estimate runs LOW; frames get heavier as the model fills in
12:33:30.003 +  201.3s §CLI_BAKE_PROGRESS frame=262/1222 21.4% rate=0.658s/frame (trailing 10) elapsed=2m41s eta=10m31s (960 frames left) — early estimate runs LOW; frames get heavier as the model fills in
12:34:00.048 +  231.3s §CLI_BAKE_PROGRESS frame=292/1222 23.9% rate=0.862s/frame (trailing 10) elapsed=3m8s eta=13m22s (930 frames left) — early estimate runs LOW; frames get heavier as the model fills in
12:34:30.118 +  261.4s §CLI_BAKE_PROGRESS frame=319/1222 26.1% rate=1.152s/frame (trailing 10) elapsed=3m42s eta=17m20s (903 frames left)
12:35:00.411 +  291.7s §CLI_BAKE_PROGRESS frame=341/1222 27.9% rate=1.250s/frame (trailing 10) elapsed=4m9s eta=18m21s (881 frames left)
12:35:30.646 +  321.9s §CLI_BAKE_PROGRESS frame=369/1222 30.2% rate=1.260s/frame (trailing 10) elapsed=4m45s eta=17m55s (853 frames left)
12:36:01.027 +  352.3s §CLI_BAKE_PROGRESS frame=390/1222 31.9% rate=1.293s/frame (trailing 10) elapsed=5m12s eta=17m55s (832 frames left)
12:36:31.284 +  382.5s §CLI_BAKE_PROGRESS frame=414/1222 33.9% rate=1.315s/frame (trailing 10) elapsed=5m44s eta=17m43s (808 frames left)
12:37:01.504 +  412.8s §CLI_BAKE_PROGRESS frame=434/1222 35.5% rate=1.335s/frame (trailing 10) elapsed=6m10s eta=17m32s (788 frames left)
12:37:31.887 +  443.1s §CLI_BAKE_PROGRESS frame=458/1222 37.5% rate=1.359s/frame (trailing 10) elapsed=6m43s eta=17m18s (764 frames left)
12:38:02.173 +  473.4s §CLI_BAKE_PROGRESS frame=482/1222 39.4% rate=1.370s/frame (trailing 10) elapsed=7m16s eta=16m54s (740 frames left)
12:38:32.406 +  503.7s §CLI_BAKE_PROGRESS frame=502/1222 41.1% rate=1.390s/frame (trailing 10) elapsed=7m44s eta=16m41s (720 frames left)
12:39:02.800 +  534.1s §CLI_BAKE_PROGRESS frame=522/1222 42.7% rate=1.405s/frame (trailing 10) elapsed=8m12s eta=16m24s (700 frames left)
12:39:32.966 +  564.2s §CLI_BAKE_PROGRESS frame=546/1222 44.7% rate=1.394s/frame (trailing 10) elapsed=8m46s eta=15m43s (676 frames left)
12:40:03.165 +  594.4s §CLI_BAKE_PROGRESS frame=566/1222 46.3% rate=1.401s/frame (trailing 10) elapsed=9m14s eta=15m19s (656 frames left)
12:40:33.472 +  624.7s §CLI_BAKE_PROGRESS frame=590/1222 48.3% rate=1.390s/frame (trailing 10) elapsed=9m47s eta=14m39s (632 frames left)
12:41:03.691 +  654.9s §CLI_BAKE_PROGRESS frame=610/1222 49.9% rate=1.387s/frame (trailing 10) elapsed=10m16s eta=14m9s (612 frames left)
12:41:33.769 +  685.0s §CLI_BAKE_PROGRESS frame=630/1222 51.6% rate=1.417s/frame (trailing 10) elapsed=10m44s eta=13m59s (592 frames left)
12:42:04.064 +  715.3s §CLI_BAKE_PROGRESS frame=654/1222 53.5% rate=1.426s/frame (trailing 10) elapsed=11m18s eta=13m30s (568 frames left)
12:42:34.145 +  745.4s §CLI_BAKE_PROGRESS frame=674/1222 55.2% rate=1.425s/frame (trailing 10) elapsed=11m46s eta=13m1s (548 frames left)
12:43:04.359 +  775.6s §CLI_BAKE_PROGRESS frame=694/1222 56.8% rate=1.425s/frame (trailing 10) elapsed=12m15s eta=12m32s (528 frames left)
12:43:34.645 +  805.9s §CLI_BAKE_PROGRESS frame=718/1222 58.8% rate=1.412s/frame (trailing 10) elapsed=12m49s eta=11m52s (504 frames left)
12:44:04.860 +  836.1s §CLI_BAKE_PROGRESS frame=738/1222 60.4% rate=1.424s/frame (trailing 10) elapsed=13m17s eta=11m29s (484 frames left)
12:44:35.101 +  866.4s §CLI_BAKE_PROGRESS frame=758/1222 62.0% rate=1.417s/frame (trailing 10) elapsed=13m45s eta=10m57s (464 frames left)
12:45:05.287 +  896.5s §CLI_BAKE_PROGRESS frame=782/1222 64.0% rate=1.405s/frame (trailing 10) elapsed=14m19s eta=10m18s (440 frames left)
12:45:35.654 +  926.9s §CLI_BAKE_PROGRESS frame=802/1222 65.6% rate=1.428s/frame (trailing 10) elapsed=14m48s eta=10m0s (420 frames left)
12:46:05.854 +  957.1s §CLI_BAKE_PROGRESS frame=822/1222 67.3% rate=1.437s/frame (trailing 10) elapsed=15m16s eta=9m35s (400 frames left)
12:46:36.015 +  987.3s §CLI_BAKE_PROGRESS frame=842/1222 68.9% rate=1.416s/frame (trailing 10) elapsed=15m45s eta=8m58s (380 frames left)
12:47:06.253 + 1017.5s §CLI_BAKE_PROGRESS frame=866/1222 70.9% rate=1.416s/frame (trailing 10) elapsed=16m19s eta=8m24s (356 frames left)
12:47:36.504 + 1047.8s §CLI_BAKE_PROGRESS frame=886/1222 72.5% rate=1.412s/frame (trailing 10) elapsed=16m47s eta=7m54s (336 frames left)
12:48:06.973 + 1078.2s §CLI_BAKE_PROGRESS frame=906/1222 74.1% rate=1.433s/frame (trailing 10) elapsed=17m16s eta=7m33s (316 frames left)
12:48:37.180 + 1108.4s §CLI_BAKE_PROGRESS frame=930/1222 76.1% rate=1.455s/frame (trailing 10) elapsed=17m51s eta=7m5s (292 frames left)
12:49:07.457 + 1138.7s §CLI_BAKE_PROGRESS frame=950/1222 77.7% rate=1.415s/frame (trailing 10) elapsed=18m19s eta=6m25s (272 frames left)
12:49:37.601 + 1168.9s §CLI_BAKE_PROGRESS frame=970/1222 79.4% rate=1.389s/frame (trailing 10) elapsed=18m47s eta=5m50s (252 frames left)
12:50:07.972 + 1199.2s §CLI_BAKE_PROGRESS frame=994/1222 81.3% rate=1.315s/frame (trailing 10) elapsed=19m18s eta=5m0s (228 frames left)
12:50:38.287 + 1229.5s §CLI_BAKE_PROGRESS frame=1021/1222 83.6% rate=1.258s/frame (trailing 10) elapsed=19m52s eta=4m13s (201 frames left)
12:51:08.481 + 1259.7s §CLI_BAKE_PROGRESS frame=1045/1222 85.5% rate=1.236s/frame (trailing 10) elapsed=20m22s eta=3m39s (177 frames left)
12:51:38.704 + 1290.0s §CLI_BAKE_PROGRESS frame=1070/1222 87.6% rate=1.224s/frame (trailing 10) elapsed=20m52s eta=3m6s (152 frames left)
12:52:08.897 + 1320.1s §CLI_BAKE_PROGRESS frame=1093/1222 89.4% rate=1.216s/frame (trailing 10) elapsed=21m20s eta=2m37s (129 frames left)
12:52:39.154 + 1350.4s §CLI_BAKE_PROGRESS frame=1118/1222 91.5% rate=1.224s/frame (trailing 10) elapsed=21m50s eta=2m7s (104 frames left)
12:53:09.342 + 1380.6s §CLI_BAKE_PROGRESS frame=1143/1222 93.5% rate=1.211s/frame (trailing 10) elapsed=22m21s eta=1m36s (79 frames left)
12:53:39.587 + 1410.8s §CLI_BAKE_PROGRESS frame=1168/1222 95.6% rate=1.206s/frame (trailing 10) elapsed=22m51s eta=1m5s (54 frames left)
12:54:09.757 + 1441.0s §CLI_BAKE_PROGRESS frame=1195/1222 97.8% rate=1.212s/frame (trailing 10) elapsed=23m24s eta=33s (27 frames left)
12:54:39.926 + 1471.2s §CLI_BAKE_PROGRESS frame=1219/1222 99.8% rate=1.217s/frame (trailing 10) elapsed=23m53s eta=4s (3 frames left)
12:55:01.990 + 1493.2s §CLI_BAKE_SINK begin name=BIM_MaxQ_Hospital_1788699301960.mp4 type=video/mp4 totalBytes=27937466 → /tmp/wt-storey-reveal/out/ending2.mp4
12:55:02.969 + 1494.2s §CLI_BAKE_SINK end bytes=27937466
12:55:04.934 + 1496.2s §CLI_BAKE_RESULT {"ok":true,"r":{"source":"db:cinema_path","deliveredBytes":27937466}}
12:55:04.938 + 1496.2s §CLI_BAKE_FRAMES poses=1222 meanMs=1170.8 p50Ms=1299.3 worstMs=2194.8
12:55:04.948 + 1496.2s §CLI_BAKE_POSECHECK INCONCLUSIVE clip window set — t-mapping not identity, check by hand
12:55:04.948 + 1496.2s §CLI_BAKE_HEAP samples=73 minMB=226 maxMB=2724 lastMB=254
12:55:04.948 + 1496.2s §CLI_BAKE_FILE path=/tmp/wt-storey-reveal/out/ending2.mp4 bytes=27937466
12:55:07.196 + 1498.4s §CLI_BAKE_FFPROBE codec=h264 1280x720 frames=1222 fps=24/1 durationSec=50.916667 bitrate=4389519
12:55:07.196 + 1498.4s §CLAIM §PHOTO_PREWARM ms=4358 did=[mepSmooth,hdri,groundTex] — this work is now OFF the first Alt+S press (measured 8,923.6 ms of it on Hospital)
12:55:07.197 + 1498.4s §CLAIM §CINEMA_PATH_RESTORE bands=4 total=278.8s holdCol=true holds=0 flagCol=true buildup=1 roomTitle=1 reveal=1 dayCounter=tl — authored path in force
12:55:07.197 + 1498.4s §CLAIM §CLI_BAKE_RESOLVED source=db:cinema_path bands=4 clip=0.74→1 total=278.8s buildup=1 roomTitle=1 reveal=1 dayCounter=tl storeyReveal=1
12:55:07.197 + 1498.4s §CLAIM §MAXQ_FRAME_BUDGET taa=8 ao=12 renders/frame=20 (was 16+24=40) — bake only, Alt+S stills keep the full fold
12:55:07.197 + 1498.4s §CLAIM §STILL_REFINE start samples=8 triplanarMaterials=52 §MAXQ_FRAME_BUDGET taa=8 ao=12 (bake budget — Alt+S stills are unaffected)
12:55:07.197 + 1498.4s §CLAIM §STILL_REFINE start samples=8 triplanarMaterials=52 §MAXQ_FRAME_BUDGET taa=8 ao=12 (bake budget — Alt+S stills are unaffected)
12:55:07.197 + 1498.4s §CLAIM §STILL_REFINE start samples=8 triplanarMaterials=52 §MAXQ_FRAME_BUDGET taa=8 ao=12 (bake budget — Alt+S stills are unaffected)
12:55:07.197 + 1498.4s §CLAIM §STILL_REFINE start samples=8 triplanarMaterials=52 §MAXQ_FRAME_BUDGET taa=8 ao=12 (bake budget — Alt+S stills are unaffected)
12:55:07.197 + 1498.4s §CLAIM §STILL_REFINE start samples=8 triplanarMaterials=52 §MAXQ_FRAME_BUDGET taa=8 ao=12 (bake budget — Alt+S stills are unaffected)
12:55:07.197 + 1498.4s §CLAIM §STILL_REFINE start samples=8 triplanarMaterials=52 §MAXQ_FRAME_BUDGET taa=8 ao=12 (bake budget — Alt+S stills are unaffected)
12:55:07.197 + 1498.4s §CLAIM §STILL_REFINE start samples=8 triplanarMaterials=52 §MAXQ_FRAME_BUDGET taa=8 ao=12 (bake budget — Alt+S stills are unaffected)
12:55:07.197 + 1498.4s §CLAIM §STILL_REFINE start samples=8 triplanarMaterials=52 §MAXQ_FRAME_BUDGET taa=8 ao=12 (bake budget — Alt+S stills are unaffected)
12:55:07.197 + 1498.4s §CLAIM §STILL_REFINE start samples=8 triplanarMaterials=52 §MAXQ_FRAME_BUDGET taa=8 ao=12 (bake budget — Alt+S stills are unaffected)
12:55:07.197 + 1498.4s §CLAIM §STILL_REFINE start samples=8 triplanarMaterials=52 §MAXQ_FRAME_BUDGET taa=8 ao=12 (bake budget — Alt+S stills are unaffected)
12:55:07.197 + 1498.4s §CLAIM §STILL_REFINE start samples=8 triplanarMaterials=52 §MAXQ_FRAME_BUDGET taa=8 ao=12 (bake budget — Alt+S stills are unaffected)
12:55:07.197 + 1498.4s §CLAIM §STILL_REFINE start samples=8 triplanarMaterials=52 §MAXQ_FRAME_BUDGET taa=8 ao=12 (bake budget — Alt+S stills are unaffected)
12:55:07.197 + 1498.4s §CLAIM §STILL_REFINE start samples=8 triplanarMaterials=52 §MAXQ_FRAME_BUDGET taa=8 ao=12 (bake budget — Alt+S stills are unaffected)
12:55:07.197 + 1498.4s §CLAIM §STILL_REFINE start samples=8 triplanarMaterials=52 §MAXQ_FRAME_BUDGET taa=8 ao=12 (bake budget — Alt+S stills are unaffected)
12:55:07.197 + 1498.4s §CLAIM §STILL_REFINE start samples=8 triplanarMaterials=52 §MAXQ_FRAME_BUDGET taa=8 ao=12 (bake budget — Alt+S stills are unaffected)
12:55:07.197 + 1498.4s §CLAIM §STILL_REFINE start samples=8 triplanarMaterials=52 §MAXQ_FRAME_BUDGET taa=8 ao=12 (bake budget — Alt+S stills are unaffected)
12:55:07.197 + 1498.4s §CLAIM §STILL_REFINE start samples=8 triplanarMaterials=52 §MAXQ_FRAME_BUDGET taa=8 ao=12 (bake budget — Alt+S stills are unaffected)
12:55:07.197 + 1498.4s §CLAIM §STILL_REFINE start samples=8 triplanarMaterials=52 §MAXQ_FRAME_BUDGET taa=8 ao=12 (bake budget — Alt+S stills are unaffected)
12:55:07.197 + 1498.4s §CLAIM §STILL_REFINE start samples=8 triplanarMaterials=52 §MAXQ_FRAME_BUDGET taa=8 ao=12 (bake budget — Alt+S stills are unaffected)
12:55:07.197 + 1498.4s §CLAIM §STILL_REFINE start samples=8 triplanarMaterials=52 §MAXQ_FRAME_BUDGET taa=8 ao=12 (bake budget — Alt+S stills are unaffected)
12:55:07.197 + 1498.4s §CLAIM §STILL_REFINE start samples=8 triplanarMaterials=52 §MAXQ_FRAME_BUDGET taa=8 ao=12 (bake budget — Alt+S stills are unaffected)
12:55:07.197 + 1498.4s §CLAIM §STILL_REFINE start samples=8 triplanarMaterials=52 §MAXQ_FRAME_BUDGET taa=8 ao=12 (bake budget — Alt+S stills are unaffected)
12:55:07.197 + 1498.4s §CLAIM §STILL_REFINE start samples=8 triplanarMaterials=52 §MAXQ_FRAME_BUDGET taa=8 ao=12 (bake budget — Alt+S stills are unaffected)
12:55:07.197 + 1498.4s §CLAIM §STILL_REFINE start samples=8 triplanarMaterials=52 §MAXQ_FRAME_BUDGET taa=8 ao=12 (bake budget — Alt+S stills are unaffected)
12:55:07.197 + 1498.4s §CLAIM §STILL_REFINE start samples=8 triplanarMaterials=52 §MAXQ_FRAME_BUDGET taa=8 ao=12 (bake budget — Alt+S stills are unaffected)
12:55:07.197 + 1498.4s §CLAIM §STILL_REFINE start samples=8 triplanarMaterials=52 §MAXQ_FRAME_BUDGET taa=8 ao=12 (bake budget — Alt+S stills are unaffected)
12:55:07.197 + 1498.4s §CLAIM §STILL_REFINE start samples=8 triplanarMaterials=52 §MAXQ_FRAME_BUDGET taa=8 ao=12 (bake budget — Alt+S stills are unaffected)
12:55:07.197 + 1498.4s §CLAIM §STILL_REFINE start samples=8 triplanarMaterials=52 §MAXQ_FRAME_BUDGET taa=8 ao=12 (bake budget — Alt+S stills are unaffected)
12:55:07.197 + 1498.4s §CLAIM §STILL_REFINE start samples=8 triplanarMaterials=52 §MAXQ_FRAME_BUDGET taa=8 ao=12 (bake budget — Alt+S stills are unaffected)
12:55:07.197 + 1498.4s §CLAIM §STILL_REFINE start samples=8 triplanarMaterials=52 §MAXQ_FRAME_BUDGET taa=8 ao=12 (bake budget — Alt+S stills are unaffected)
12:55:07.197 + 1498.4s §CLAIM §STILL_REFINE start samples=8 triplanarMaterials=52 §MAXQ_FRAME_BUDGET taa=8 ao=12 (bake budget — Alt+S stills are unaffected)
12:55:07.197 + 1498.4s §CLAIM §STILL_REFINE start samples=8 triplanarMaterials=52 §MAXQ_FRAME_BUDGET taa=8 ao=12 (bake budget — Alt+S stills are unaffected)
12:55:07.197 + 1498.4s §CLAIM §STILL_REFINE start samples=8 triplanarMaterials=52 §MAXQ_FRAME_BUDGET taa=8 ao=12 (bake budget — Alt+S stills are unaffected)
12:55:07.197 + 1498.4s §CLAIM §STILL_REFINE start samples=8 triplanarMaterials=52 §MAXQ_FRAME_BUDGET taa=8 ao=12 (bake budget — Alt+S stills are unaffected)
12:55:07.197 + 1498.4s §CLAIM §STILL_REFINE start samples=8 triplanarMaterials=52 §MAXQ_FRAME_BUDGET taa=8 ao=12 (bake budget — Alt+S stills are unaffected)
12:55:07.197 + 1498.4s §CLAIM §STILL_REFINE start samples=8 triplanarMaterials=52 §MAXQ_FRAME_BUDGET taa=8 ao=12 (bake budget — Alt+S stills are unaffected)
12:55:07.197 + 1498.4s §CLAIM §STILL_REFINE start samples=8 triplanarMaterials=52 §MAXQ_FRAME_BUDGET taa=8 ao=12 (bake budget — Alt+S stills are unaffected)
12:55:07.197 + 1498.4s §CLAIM §STILL_REFINE start samples=8 triplanarMaterials=52 §MAXQ_FRAME_BUDGET taa=8 ao=12 (bake budget — Alt+S stills are unaffected)
12:55:07.197 + 1498.4s §CLAIM §STILL_REFINE start samples=8 triplanarMaterials=52 §MAXQ_FRAME_BUDGET taa=8 ao=12 (bake budget — Alt+S stills are unaffected)
12:55:07.197 + 1498.4s §CLAIM §STILL_REFINE start samples=8 triplanarMaterials=52 §MAXQ_FRAME_BUDGET taa=8 ao=12 (bake budget — Alt+S stills are unaffected)
12:55:07.197 + 1498.4s §CLAIM §STILL_REFINE start samples=8 triplanarMaterials=52 §MAXQ_FRAME_BUDGET taa=8 ao=12 (bake budget — Alt+S stills are unaffected)
12:55:07.197 + 1498.4s §CLAIM §STILL_REFINE start samples=8 triplanarMaterials=52 §MAXQ_FRAME_BUDGET taa=8 ao=12 (bake budget — Alt+S stills are unaffected)
12:55:07.197 + 1498.4s §CLAIM §STILL_REFINE start samples=8 triplanarMaterials=52 §MAXQ_FRAME_BUDGET taa=8 ao=12 (bake budget — Alt+S stills are unaffected)
12:55:07.197 + 1498.4s §CLAIM §STILL_REFINE start samples=8 triplanarMaterials=52 §MAXQ_FRAME_BUDGET taa=8 ao=12 (bake budget — Alt+S stills are unaffected)
12:55:07.197 + 1498.4s §CLAIM §STILL_REFINE start samples=8 triplanarMaterials=52 §MAXQ_FRAME_BUDGET taa=8 ao=12 (bake budget — Alt+S stills are unaffected)
12:55:07.197 + 1498.4s §CLAIM §STILL_REFINE start samples=8 triplanarMaterials=52 §MAXQ_FRAME_BUDGET taa=8 ao=12 (bake budget — Alt+S stills are unaffected)
12:55:07.197 + 1498.4s §CLAIM §STILL_REFINE start samples=8 triplanarMaterials=52 §MAXQ_FRAME_BUDGET taa=8 ao=12 (bake budget — Alt+S stills are unaffected)
12:55:07.197 + 1498.4s §CLAIM §STILL_REFINE start samples=8 triplanarMaterials=52 §MAXQ_FRAME_BUDGET taa=8 ao=12 (bake budget — Alt+S stills are unaffected)
12:55:07.197 + 1498.4s §CLAIM §STILL_REFINE start samples=8 triplanarMaterials=52 §MAXQ_FRAME_BUDGET taa=8 ao=12 (bake budget — Alt+S stills are unaffected)
12:55:07.197 + 1498.4s §CLAIM §STILL_REFINE start samples=8 triplanarMaterials=52 §MAXQ_FRAME_BUDGET taa=8 ao=12 (bake budget — Alt+S stills are unaffected)
12:55:07.197 + 1498.4s §CLAIM §STILL_REFINE start samples=8 triplanarMaterials=52 §MAXQ_FRAME_BUDGET taa=8 ao=12 (bake budget — Alt+S stills are unaffected)
12:55:07.197 + 1498.4s §CLAIM §STILL_REFINE start samples=8 triplanarMaterials=52 §MAXQ_FRAME_BUDGET taa=8 ao=12 (bake budget — Alt+S stills are unaffected)
12:55:07.197 + 1498.4s §CLAIM §STILL_REFINE start samples=8 triplanarMaterials=52 §MAXQ_FRAME_BUDGET taa=8 ao=12 (bake budget — Alt+S stills are unaffected)
12:55:07.197 + 1498.4s §CLAIM §STILL_REFINE start samples=8 triplanarMaterials=52 §MAXQ_FRAME_BUDGET taa=8 ao=12 (bake budget — Alt+S stills are unaffected)
12:55:07.197 + 1498.4s §CLAIM §STILL_REFINE start samples=8 triplanarMaterials=52 §MAXQ_FRAME_BUDGET taa=8 ao=12 (bake budget — Alt+S stills are unaffected)
12:55:07.197 + 1498.4s §CLAIM §STILL_REFINE start samples=8 triplanarMaterials=52 §MAXQ_FRAME_BUDGET taa=8 ao=12 (bake budget — Alt+S stills are unaffected)
12:55:07.197 + 1498.4s §CLAIM §STILL_REFINE start samples=8 triplanarMaterials=52 §MAXQ_FRAME_BUDGET taa=8 ao=12 (bake budget — Alt+S stills are unaffected)
12:55:07.197 + 1498.4s §CLAIM §STILL_REFINE start samples=8 triplanarMaterials=52 §MAXQ_FRAME_BUDGET taa=8 ao=12 (bake budget — Alt+S stills are unaffected)
12:55:07.197 + 1498.4s §CLAIM §STILL_REFINE start samples=8 triplanarMaterials=52 §MAXQ_FRAME_BUDGET taa=8 ao=12 (bake budget — Alt+S stills are unaffected)
12:55:07.197 + 1498.4s §CLAIM §STILL_REFINE start samples=8 triplanarMaterials=52 §MAXQ_FRAME_BUDGET taa=8 ao=12 (bake budget — Alt+S stills are unaffected)
12:55:07.197 + 1498.4s §CLAIM §STILL_REFINE start samples=8 triplanarMaterials=52 §MAXQ_FRAME_BUDGET taa=8 ao=12 (bake budget — Alt+S stills are unaffected)
12:55:07.197 + 1498.4s §CLAIM §STILL_REFINE start samples=8 triplanarMaterials=52 §MAXQ_FRAME_BUDGET taa=8 ao=12 (bake budget — Alt+S stills are unaffected)
12:55:07.197 + 1498.4s §CLAIM §STILL_REFINE start samples=8 triplanarMaterials=52 §MAXQ_FRAME_BUDGET taa=8 ao=12 (bake budget — Alt+S stills are unaffected)
12:55:07.197 + 1498.4s §CLAIM §STILL_REFINE start samples=8 triplanarMaterials=52 §MAXQ_FRAME_BUDGET taa=8 ao=12 (bake budget — Alt+S stills are unaffected)
12:55:07.197 + 1498.4s §CLAIM §STILL_REFINE start samples=8 triplanarMaterials=52 §MAXQ_FRAME_BUDGET taa=8 ao=12 (bake budget — Alt+S stills are unaffected)
12:55:07.197 + 1498.4s §CLAIM §STILL_REFINE start samples=8 triplanarMaterials=52 §MAXQ_FRAME_BUDGET taa=8 ao=12 (bake budget — Alt+S stills are unaffected)
12:55:07.197 + 1498.4s §CLAIM §STILL_REFINE start samples=8 triplanarMaterials=52 §MAXQ_FRAME_BUDGET taa=8 ao=12 (bake budget — Alt+S stills are unaffected)
12:55:07.197 + 1498.4s §CLAIM §STILL_REFINE start samples=8 triplanarMaterials=52 §MAXQ_FRAME_BUDGET taa=8 ao=12 (bake budget — Alt+S stills are unaffected)
12:55:07.197 + 1498.4s §CLAIM §STILL_REFINE start samples=8 triplanarMaterials=52 §MAXQ_FRAME_BUDGET taa=8 ao=12 (bake budget — Alt+S stills are unaffected)
12:55:07.197 + 1498.4s §CLAIM §STILL_REFINE start samples=8 triplanarMaterials=52 §MAXQ_FRAME_BUDGET taa=8 ao=12 (bake budget — Alt+S stills are unaffected)
12:55:07.197 + 1498.4s §CLAIM §STILL_REFINE start samples=8 triplanarMaterials=52 §MAXQ_FRAME_BUDGET taa=8 ao=12 (bake budget — Alt+S stills are unaffected)
12:55:07.197 + 1498.4s §CLAIM §STILL_REFINE start samples=8 triplanarMaterials=52 §MAXQ_FRAME_BUDGET taa=8 ao=12 (bake budget — Alt+S stills are unaffected)
12:55:07.197 + 1498.4s §CLAIM §STILL_REFINE start samples=8 triplanarMaterials=52 §MAXQ_FRAME_BUDGET taa=8 ao=12 (bake budget — Alt+S stills are unaffected)
12:55:07.197 + 1498.4s §CLAIM §STILL_REFINE start samples=8 triplanarMaterials=52 §MAXQ_FRAME_BUDGET taa=8 ao=12 (bake budget — Alt+S stills are unaffected)
12:55:07.197 + 1498.4s §CLAIM §STILL_REFINE start samples=8 triplanarMaterials=52 §MAXQ_FRAME_BUDGET taa=8 ao=12 (bake budget — Alt+S stills are unaffected)
12:55:07.197 + 1498.4s §CLAIM §STILL_REFINE start samples=8 triplanarMaterials=52 §MAXQ_FRAME_BUDGET taa=8 ao=12 (bake budget — Alt+S stills are unaffected)
12:55:07.197 + 1498.4s §CLAIM §STILL_REFINE start samples=8 triplanarMaterials=52 §MAXQ_FRAME_BUDGET taa=8 ao=12 (bake budget — Alt+S stills are unaffected)
12:55:07.197 + 1498.4s §CLAIM §STILL_REFINE start samples=8 triplanarMaterials=52 §MAXQ_FRAME_BUDGET taa=8 ao=12 (bake budget — Alt+S stills are unaffected)
12:55:07.197 + 1498.4s §CLAIM §STILL_REFINE start samples=8 triplanarMaterials=52 §MAXQ_FRAME_BUDGET taa=8 ao=12 (bake budget — Alt+S stills are unaffected)
12:55:07.197 + 1498.4s §CLAIM §STILL_REFINE start samples=8 triplanarMaterials=52 §MAXQ_FRAME_BUDGET taa=8 ao=12 (bake budget — Alt+S stills are unaffected)
12:55:07.197 + 1498.4s §CLAIM §STILL_REFINE start samples=8 triplanarMaterials=52 §MAXQ_FRAME_BUDGET taa=8 ao=12 (bake budget — Alt+S stills are unaffected)
12:55:07.197 + 1498.4s §CLAIM §STILL_REFINE start samples=8 triplanarMaterials=52 §MAXQ_FRAME_BUDGET taa=8 ao=12 (bake budget — Alt+S stills are unaffected)
12:55:07.197 + 1498.4s §CLAIM §STILL_REFINE start samples=8 triplanarMaterials=52 §MAXQ_FRAME_BUDGET taa=8 ao=12 (bake budget — Alt+S stills are unaffected)
12:55:07.197 + 1498.4s §CLAIM §STILL_REFINE start samples=8 triplanarMaterials=52 §MAXQ_FRAME_BUDGET taa=8 ao=12 (bake budget — Alt+S stills are unaffected)
12:55:07.197 + 1498.4s §CLAIM §STILL_REFINE start samples=8 triplanarMaterials=52 §MAXQ_FRAME_BUDGET taa=8 ao=12 (bake budget — Alt+S stills are unaffected)
12:55:07.197 + 1498.4s §CLAIM §STILL_REFINE start samples=8 triplanarMaterials=52 §MAXQ_FRAME_BUDGET taa=8 ao=12 (bake budget — Alt+S stills are unaffected)
12:55:07.197 + 1498.4s §CLAIM §STILL_REFINE start samples=8 triplanarMaterials=52 §MAXQ_FRAME_BUDGET taa=8 ao=12 (bake budget — Alt+S stills are unaffected)
12:55:07.197 + 1498.4s §CLAIM §STILL_REFINE start samples=8 triplanarMaterials=52 §MAXQ_FRAME_BUDGET taa=8 ao=12 (bake budget — Alt+S stills are unaffected)
12:55:07.197 + 1498.4s §CLAIM §STILL_REFINE start samples=8 triplanarMaterials=52 §MAXQ_FRAME_BUDGET taa=8 ao=12 (bake budget — Alt+S stills are unaffected)
12:55:07.197 + 1498.4s §CLAIM §STILL_REFINE start samples=8 triplanarMaterials=52 §MAXQ_FRAME_BUDGET taa=8 ao=12 (bake budget — Alt+S stills are unaffected)
12:55:07.197 + 1498.4s §CLAIM §STILL_REFINE start samples=8 triplanarMaterials=52 §MAXQ_FRAME_BUDGET taa=8 ao=12 (bake budget — Alt+S stills are unaffected)
12:55:07.197 + 1498.4s §CLAIM §STILL_REFINE start samples=8 triplanarMaterials=52 §MAXQ_FRAME_BUDGET taa=8 ao=12 (bake budget — Alt+S stills are unaffected)
12:55:07.197 + 1498.4s §CLAIM §STILL_REFINE start samples=8 triplanarMaterials=52 §MAXQ_FRAME_BUDGET taa=8 ao=12 (bake budget — Alt+S stills are unaffected)
12:55:07.197 + 1498.4s §CLAIM §STILL_REFINE start samples=8 triplanarMaterials=52 §MAXQ_FRAME_BUDGET taa=8 ao=12 (bake budget — Alt+S stills are unaffected)
12:55:07.197 + 1498.4s §CLAIM §STILL_REFINE start samples=8 triplanarMaterials=52 §MAXQ_FRAME_BUDGET taa=8 ao=12 (bake budget — Alt+S stills are unaffected)
12:55:07.197 + 1498.4s §CLAIM §STILL_REFINE start samples=8 triplanarMaterials=52 §MAXQ_FRAME_BUDGET taa=8 ao=12 (bake budget — Alt+S stills are unaffected)
12:55:07.197 + 1498.4s §CLAIM §STILL_REFINE start samples=8 triplanarMaterials=52 §MAXQ_FRAME_BUDGET taa=8 ao=12 (bake budget — Alt+S stills are unaffected)
12:55:07.197 + 1498.4s §CLAIM §STILL_REFINE start samples=8 triplanarMaterials=52 §MAXQ_FRAME_BUDGET taa=8 ao=12 (bake budget — Alt+S stills are unaffected)
12:55:07.197 + 1498.4s §CLAIM §STILL_REFINE start samples=8 triplanarMaterials=52 §MAXQ_FRAME_BUDGET taa=8 ao=12 (bake budget — Alt+S stills are unaffected)
12:55:07.197 + 1498.4s §CLAIM §STILL_REFINE start samples=8 triplanarMaterials=52 §MAXQ_FRAME_BUDGET taa=8 ao=12 (bake budget — Alt+S stills are unaffected)
12:55:07.197 + 1498.4s §CLAIM §STILL_REFINE start samples=8 triplanarMaterials=52 §MAXQ_FRAME_BUDGET taa=8 ao=12 (bake budget — Alt+S stills are unaffected)
12:55:07.197 + 1498.4s §CLAIM §STILL_REFINE start samples=8 triplanarMaterials=52 §MAXQ_FRAME_BUDGET taa=8 ao=12 (bake budget — Alt+S stills are unaffected)
12:55:07.197 + 1498.4s §CLAIM §STILL_REFINE start samples=8 triplanarMaterials=52 §MAXQ_FRAME_BUDGET taa=8 ao=12 (bake budget — Alt+S stills are unaffected)
12:55:07.197 + 1498.4s §CLAIM §STILL_REFINE start samples=8 triplanarMaterials=52 §MAXQ_FRAME_BUDGET taa=8 ao=12 (bake budget — Alt+S stills are unaffected)
12:55:07.197 + 1498.4s §CLAIM §STILL_REFINE start samples=8 triplanarMaterials=52 §MAXQ_FRAME_BUDGET taa=8 ao=12 (bake budget — Alt+S stills are unaffected)
12:55:07.197 + 1498.4s §CLAIM §STILL_REFINE start samples=8 triplanarMaterials=52 §MAXQ_FRAME_BUDGET taa=8 ao=12 (bake budget — Alt+S stills are unaffected)
12:55:07.197 + 1498.4s §CLAIM §STILL_REFINE start samples=8 triplanarMaterials=52 §MAXQ_FRAME_BUDGET taa=8 ao=12 (bake budget — Alt+S stills are unaffected)
12:55:07.197 + 1498.4s §CLAIM §STILL_REFINE start samples=8 triplanarMaterials=52 §MAXQ_FRAME_BUDGET taa=8 ao=12 (bake budget — Alt+S stills are unaffected)
12:55:07.197 + 1498.4s §CLAIM §STILL_REFINE start samples=8 triplanarMaterials=52 §MAXQ_FRAME_BUDGET taa=8 ao=12 (bake budget — Alt+S stills are unaffected)
12:55:07.197 + 1498.4s §CLAIM §STILL_REFINE start samples=8 triplanarMaterials=52 §MAXQ_FRAME_BUDGET taa=8 ao=12 (bake budget — Alt+S stills are unaffected)
12:55:07.197 + 1498.4s §CLAIM §STILL_REFINE start samples=8 triplanarMaterials=52 §MAXQ_FRAME_BUDGET taa=8 ao=12 (bake budget — Alt+S stills are unaffected)
12:55:07.197 + 1498.4s §CLAIM §STILL_REFINE start samples=8 triplanarMaterials=52 §MAXQ_FRAME_BUDGET taa=8 ao=12 (bake budget — Alt+S stills are unaffected)
12:55:07.197 + 1498.4s §CLAIM §STILL_REFINE start samples=8 triplanarMaterials=52 §MAXQ_FRAME_BUDGET taa=8 ao=12 (bake budget — Alt+S stills are unaffected)
12:55:07.197 + 1498.4s §CLAIM §STILL_REFINE start samples=8 triplanarMaterials=52 §MAXQ_FRAME_BUDGET taa=8 ao=12 (bake budget — Alt+S stills are unaffected)
12:55:07.197 + 1498.4s §CLAIM §STILL_REFINE start samples=8 triplanarMaterials=52 §MAXQ_FRAME_BUDGET taa=8 ao=12 (bake budget — Alt+S stills are unaffected)
12:55:07.197 + 1498.4s §CLAIM §STILL_REFINE start samples=8 triplanarMaterials=52 §MAXQ_FRAME_BUDGET taa=8 ao=12 (bake budget — Alt+S stills are unaffected)
12:55:07.197 + 1498.4s §CLAIM §STILL_REFINE start samples=8 triplanarMaterials=52 §MAXQ_FRAME_BUDGET taa=8 ao=12 (bake budget — Alt+S stills are unaffected)
12:55:07.197 + 1498.4s §CLAIM §STILL_REFINE start samples=8 triplanarMaterials=52 §MAXQ_FRAME_BUDGET taa=8 ao=12 (bake budget — Alt+S stills are unaffected)
12:55:07.197 + 1498.4s §CLAIM §STILL_REFINE start samples=8 triplanarMaterials=52 §MAXQ_FRAME_BUDGET taa=8 ao=12 (bake budget — Alt+S stills are unaffected)
12:55:07.197 + 1498.4s §CLAIM §STILL_REFINE start samples=8 triplanarMaterials=52 §MAXQ_FRAME_BUDGET taa=8 ao=12 (bake budget — Alt+S stills are unaffected)
12:55:07.197 + 1498.4s §CLAIM §STILL_REFINE start samples=8 triplanarMaterials=52 §MAXQ_FRAME_BUDGET taa=8 ao=12 (bake budget — Alt+S stills are unaffected)
12:55:07.197 + 1498.4s §CLAIM §STILL_REFINE start samples=8 triplanarMaterials=52 §MAXQ_FRAME_BUDGET taa=8 ao=12 (bake budget — Alt+S stills are unaffected)
12:55:07.197 + 1498.4s §CLAIM §STILL_REFINE start samples=8 triplanarMaterials=52 §MAXQ_FRAME_BUDGET taa=8 ao=12 (bake budget — Alt+S stills are unaffected)
12:55:07.197 + 1498.4s §CLAIM §STILL_REFINE start samples=8 triplanarMaterials=52 §MAXQ_FRAME_BUDGET taa=8 ao=12 (bake budget — Alt+S stills are unaffected)
12:55:07.197 + 1498.4s §CLAIM §STILL_REFINE start samples=8 triplanarMaterials=52 §MAXQ_FRAME_BUDGET taa=8 ao=12 (bake budget — Alt+S stills are unaffected)
12:55:07.197 + 1498.4s §CLAIM §STILL_REFINE start samples=8 triplanarMaterials=52 §MAXQ_FRAME_BUDGET taa=8 ao=12 (bake budget — Alt+S stills are unaffected)
12:55:07.197 + 1498.4s §CLAIM §STILL_REFINE start samples=8 triplanarMaterials=52 §MAXQ_FRAME_BUDGET taa=8 ao=12 (bake budget — Alt+S stills are unaffected)
12:55:07.197 + 1498.4s §CLAIM §STILL_REFINE start samples=8 triplanarMaterials=52 §MAXQ_FRAME_BUDGET taa=8 ao=12 (bake budget — Alt+S stills are unaffected)
12:55:07.197 + 1498.4s §CLAIM §STILL_REFINE start samples=8 triplanarMaterials=52 §MAXQ_FRAME_BUDGET taa=8 ao=12 (bake budget — Alt+S stills are unaffected)
12:55:07.197 + 1498.4s §CLAIM §STILL_REFINE start samples=8 triplanarMaterials=52 §MAXQ_FRAME_BUDGET taa=8 ao=12 (bake budget — Alt+S stills are unaffected)
12:55:07.197 + 1498.4s §CLAIM §STILL_REFINE start samples=8 triplanarMaterials=52 §MAXQ_FRAME_BUDGET taa=8 ao=12 (bake budget — Alt+S stills are unaffected)
12:55:07.197 + 1498.4s §CLAIM §STILL_REFINE start samples=8 triplanarMaterials=52 §MAXQ_FRAME_BUDGET taa=8 ao=12 (bake budget — Alt+S stills are unaffected)
12:55:07.198 + 1498.4s §CLAIM §STILL_REFINE start samples=8 triplanarMaterials=52 §MAXQ_FRAME_BUDGET taa=8 ao=12 (bake budget — Alt+S stills are unaffected)
12:55:07.198 + 1498.4s §CLAIM §STILL_REFINE start samples=8 triplanarMaterials=52 §MAXQ_FRAME_BUDGET taa=8 ao=12 (bake budget — Alt+S stills are unaffected)
12:55:07.198 + 1498.4s §CLAIM §STILL_REFINE start samples=8 triplanarMaterials=52 §MAXQ_FRAME_BUDGET taa=8 ao=12 (bake budget — Alt+S stills are unaffected)
12:55:07.198 + 1498.4s §CLAIM §STILL_REFINE start samples=8 triplanarMaterials=52 §MAXQ_FRAME_BUDGET taa=8 ao=12 (bake budget — Alt+S stills are unaffected)
12:55:07.198 + 1498.4s §CLAIM §STILL_REFINE start samples=8 triplanarMaterials=52 §MAXQ_FRAME_BUDGET taa=8 ao=12 (bake budget — Alt+S stills are unaffected)
12:55:07.198 + 1498.4s §CLAIM §STILL_REFINE start samples=8 triplanarMaterials=52 §MAXQ_FRAME_BUDGET taa=8 ao=12 (bake budget — Alt+S stills are unaffected)
12:55:07.198 + 1498.4s §CLAIM §STILL_REFINE start samples=8 triplanarMaterials=52 §MAXQ_FRAME_BUDGET taa=8 ao=12 (bake budget — Alt+S stills are unaffected)
12:55:07.198 + 1498.4s §CLAIM §STILL_REFINE start samples=8 triplanarMaterials=52 §MAXQ_FRAME_BUDGET taa=8 ao=12 (bake budget — Alt+S stills are unaffected)
12:55:07.198 + 1498.4s §CLAIM §STILL_REFINE start samples=8 triplanarMaterials=52 §MAXQ_FRAME_BUDGET taa=8 ao=12 (bake budget — Alt+S stills are unaffected)
12:55:07.198 + 1498.4s §CLAIM §STILL_REFINE start samples=8 triplanarMaterials=52 §MAXQ_FRAME_BUDGET taa=8 ao=12 (bake budget — Alt+S stills are unaffected)
12:55:07.198 + 1498.4s §CLAIM §STILL_REFINE start samples=8 triplanarMaterials=52 §MAXQ_FRAME_BUDGET taa=8 ao=12 (bake budget — Alt+S stills are unaffected)
12:55:07.198 + 1498.4s §CLAIM §STILL_REFINE start samples=8 triplanarMaterials=52 §MAXQ_FRAME_BUDGET taa=8 ao=12 (bake budget — Alt+S stills are unaffected)
12:55:07.198 + 1498.4s §CLAIM §STILL_REFINE start samples=8 triplanarMaterials=52 §MAXQ_FRAME_BUDGET taa=8 ao=12 (bake budget — Alt+S stills are unaffected)
12:55:07.198 + 1498.4s §CLAIM §STILL_REFINE start samples=8 triplanarMaterials=52 §MAXQ_FRAME_BUDGET taa=8 ao=12 (bake budget — Alt+S stills are unaffected)
12:55:07.198 + 1498.4s §CLAIM §STILL_REFINE start samples=8 triplanarMaterials=52 §MAXQ_FRAME_BUDGET taa=8 ao=12 (bake budget — Alt+S stills are unaffected)
12:55:07.198 + 1498.4s §CLAIM §STILL_REFINE start samples=8 triplanarMaterials=52 §MAXQ_FRAME_BUDGET taa=8 ao=12 (bake budget — Alt+S stills are unaffected)
12:55:07.198 + 1498.4s §CLAIM §STILL_REFINE start samples=8 triplanarMaterials=52 §MAXQ_FRAME_BUDGET taa=8 ao=12 (bake budget — Alt+S stills are unaffected)
12:55:07.198 + 1498.4s §CLAIM §STILL_REFINE start samples=8 triplanarMaterials=52 §MAXQ_FRAME_BUDGET taa=8 ao=12 (bake budget — Alt+S stills are unaffected)
12:55:07.198 + 1498.4s §CLAIM §STILL_REFINE start samples=8 triplanarMaterials=52 §MAXQ_FRAME_BUDGET taa=8 ao=12 (bake budget — Alt+S stills are unaffected)
12:55:07.198 + 1498.4s §CLAIM §STILL_REFINE start samples=8 triplanarMaterials=52 §MAXQ_FRAME_BUDGET taa=8 ao=12 (bake budget — Alt+S stills are unaffected)
12:55:07.198 + 1498.4s §CLAIM §STILL_REFINE start samples=8 triplanarMaterials=52 §MAXQ_FRAME_BUDGET taa=8 ao=12 (bake budget — Alt+S stills are unaffected)
12:55:07.198 + 1498.4s §CLAIM §STILL_REFINE start samples=8 triplanarMaterials=52 §MAXQ_FRAME_BUDGET taa=8 ao=12 (bake budget — Alt+S stills are unaffected)
12:55:07.198 + 1498.4s §CLAIM §STILL_REFINE start samples=8 triplanarMaterials=52 §MAXQ_FRAME_BUDGET taa=8 ao=12 (bake budget — Alt+S stills are unaffected)
12:55:07.198 + 1498.4s §CLAIM §STILL_REFINE start samples=8 triplanarMaterials=52 §MAXQ_FRAME_BUDGET taa=8 ao=12 (bake budget — Alt+S stills are unaffected)
12:55:07.198 + 1498.4s §CLAIM §STILL_REFINE start samples=8 triplanarMaterials=52 §MAXQ_FRAME_BUDGET taa=8 ao=12 (bake budget — Alt+S stills are unaffected)
12:55:07.198 + 1498.4s §CLAIM §STILL_REFINE start samples=8 triplanarMaterials=52 §MAXQ_FRAME_BUDGET taa=8 ao=12 (bake budget — Alt+S stills are unaffected)
12:55:07.198 + 1498.4s §CLAIM §STILL_REFINE start samples=8 triplanarMaterials=52 §MAXQ_FRAME_BUDGET taa=8 ao=12 (bake budget — Alt+S stills are unaffected)
12:55:07.198 + 1498.4s §CLAIM §STILL_REFINE start samples=8 triplanarMaterials=52 §MAXQ_FRAME_BUDGET taa=8 ao=12 (bake budget — Alt+S stills are unaffected)
12:55:07.198 + 1498.4s §CLAIM §STILL_REFINE start samples=8 triplanarMaterials=52 §MAXQ_FRAME_BUDGET taa=8 ao=12 (bake budget — Alt+S stills are unaffected)
12:55:07.198 + 1498.4s §CLAIM §STILL_REFINE start samples=8 triplanarMaterials=52 §MAXQ_FRAME_BUDGET taa=8 ao=12 (bake budget — Alt+S stills are unaffected)
12:55:07.198 + 1498.4s §CLAIM §STILL_REFINE start samples=8 triplanarMaterials=52 §MAXQ_FRAME_BUDGET taa=8 ao=12 (bake budget — Alt+S stills are unaffected)
12:55:07.198 + 1498.4s §CLAIM §STILL_REFINE start samples=8 triplanarMaterials=52 §MAXQ_FRAME_BUDGET taa=8 ao=12 (bake budget — Alt+S stills are unaffected)
12:55:07.198 + 1498.4s §CLAIM §STILL_REFINE start samples=8 triplanarMaterials=52 §MAXQ_FRAME_BUDGET taa=8 ao=12 (bake budget — Alt+S stills are unaffected)
12:55:07.198 + 1498.4s §CLAIM §STILL_REFINE start samples=8 triplanarMaterials=52 §MAXQ_FRAME_BUDGET taa=8 ao=12 (bake budget — Alt+S stills are unaffected)
12:55:07.198 + 1498.4s §CLAIM §STILL_REFINE start samples=8 triplanarMaterials=52 §MAXQ_FRAME_BUDGET taa=8 ao=12 (bake budget — Alt+S stills are unaffected)
12:55:07.198 + 1498.4s §CLAIM §STILL_REFINE start samples=8 triplanarMaterials=52 §MAXQ_FRAME_BUDGET taa=8 ao=12 (bake budget — Alt+S stills are unaffected)
12:55:07.198 + 1498.4s §CLAIM §STILL_REFINE start samples=8 triplanarMaterials=52 §MAXQ_FRAME_BUDGET taa=8 ao=12 (bake budget — Alt+S stills are unaffected)
12:55:07.198 + 1498.4s §CLAIM §STILL_REFINE start samples=8 triplanarMaterials=52 §MAXQ_FRAME_BUDGET taa=8 ao=12 (bake budget — Alt+S stills are unaffected)
12:55:07.198 + 1498.4s §CLAIM §STILL_REFINE start samples=8 triplanarMaterials=52 §MAXQ_FRAME_BUDGET taa=8 ao=12 (bake budget — Alt+S stills are unaffected)
12:55:07.198 + 1498.4s §CLAIM §STILL_REFINE start samples=8 triplanarMaterials=52 §MAXQ_FRAME_BUDGET taa=8 ao=12 (bake budget — Alt+S stills are unaffected)
12:55:07.198 + 1498.4s §CLAIM §STILL_REFINE start samples=8 triplanarMaterials=52 §MAXQ_FRAME_BUDGET taa=8 ao=12 (bake budget — Alt+S stills are unaffected)
12:55:07.198 + 1498.4s §CLAIM §STILL_REFINE start samples=8 triplanarMaterials=52 §MAXQ_FRAME_BUDGET taa=8 ao=12 (bake budget — Alt+S stills are unaffected)
12:55:07.198 + 1498.4s §CLAIM §STILL_REFINE start samples=8 triplanarMaterials=52 §MAXQ_FRAME_BUDGET taa=8 ao=12 (bake budget — Alt+S stills are unaffected)
12:55:07.198 + 1498.4s §CLAIM §STILL_REFINE start samples=8 triplanarMaterials=52 §MAXQ_FRAME_BUDGET taa=8 ao=12 (bake budget — Alt+S stills are unaffected)
12:55:07.198 + 1498.4s §CLAIM §STILL_REFINE start samples=8 triplanarMaterials=52 §MAXQ_FRAME_BUDGET taa=8 ao=12 (bake budget — Alt+S stills are unaffected)
12:55:07.198 + 1498.4s §CLAIM §STILL_REFINE start samples=8 triplanarMaterials=52 §MAXQ_FRAME_BUDGET taa=8 ao=12 (bake budget — Alt+S stills are unaffected)
12:55:07.198 + 1498.4s §CLAIM §STILL_REFINE start samples=8 triplanarMaterials=52 §MAXQ_FRAME_BUDGET taa=8 ao=12 (bake budget — Alt+S stills are unaffected)
12:55:07.198 + 1498.4s §CLAIM §STILL_REFINE start samples=8 triplanarMaterials=52 §MAXQ_FRAME_BUDGET taa=8 ao=12 (bake budget — Alt+S stills are unaffected)
12:55:07.198 + 1498.4s §CLAIM §STILL_REFINE start samples=8 triplanarMaterials=52 §MAXQ_FRAME_BUDGET taa=8 ao=12 (bake budget — Alt+S stills are unaffected)
12:55:07.198 + 1498.4s §CLAIM §STILL_REFINE start samples=8 triplanarMaterials=52 §MAXQ_FRAME_BUDGET taa=8 ao=12 (bake budget — Alt+S stills are unaffected)
12:55:07.198 + 1498.4s §CLAIM §STILL_REFINE start samples=8 triplanarMaterials=52 §MAXQ_FRAME_BUDGET taa=8 ao=12 (bake budget — Alt+S stills are unaffected)
12:55:07.198 + 1498.4s §CLAIM §STILL_REFINE start samples=8 triplanarMaterials=52 §MAXQ_FRAME_BUDGET taa=8 ao=12 (bake budget — Alt+S stills are unaffected)
12:55:07.198 + 1498.4s §CLAIM §STILL_REFINE start samples=8 triplanarMaterials=52 §MAXQ_FRAME_BUDGET taa=8 ao=12 (bake budget — Alt+S stills are unaffected)
12:55:07.198 + 1498.4s §CLAIM §STILL_REFINE start samples=8 triplanarMaterials=52 §MAXQ_FRAME_BUDGET taa=8 ao=12 (bake budget — Alt+S stills are unaffected)
12:55:07.198 + 1498.4s §CLAIM §STILL_REFINE start samples=8 triplanarMaterials=52 §MAXQ_FRAME_BUDGET taa=8 ao=12 (bake budget — Alt+S stills are unaffected)
12:55:07.198 + 1498.4s §CLAIM §STILL_REFINE start samples=8 triplanarMaterials=52 §MAXQ_FRAME_BUDGET taa=8 ao=12 (bake budget — Alt+S stills are unaffected)
12:55:07.198 + 1498.4s §CLAIM §STILL_REFINE start samples=8 triplanarMaterials=52 §MAXQ_FRAME_BUDGET taa=8 ao=12 (bake budget — Alt+S stills are unaffected)
12:55:07.198 + 1498.4s §CLAIM §STILL_REFINE start samples=8 triplanarMaterials=52 §MAXQ_FRAME_BUDGET taa=8 ao=12 (bake budget — Alt+S stills are unaffected)
12:55:07.198 + 1498.4s §CLAIM §STILL_REFINE start samples=8 triplanarMaterials=52 §MAXQ_FRAME_BUDGET taa=8 ao=12 (bake budget — Alt+S stills are unaffected)
12:55:07.198 + 1498.4s §CLAIM §STILL_REFINE start samples=8 triplanarMaterials=52 §MAXQ_FRAME_BUDGET taa=8 ao=12 (bake budget — Alt+S stills are unaffected)
12:55:07.198 + 1498.4s §CLAIM §STILL_REFINE start samples=8 triplanarMaterials=52 §MAXQ_FRAME_BUDGET taa=8 ao=12 (bake budget — Alt+S stills are unaffected)
12:55:07.198 + 1498.4s §CLAIM §STILL_REFINE start samples=8 triplanarMaterials=52 §MAXQ_FRAME_BUDGET taa=8 ao=12 (bake budget — Alt+S stills are unaffected)
12:55:07.198 + 1498.4s §CLAIM §STILL_REFINE start samples=8 triplanarMaterials=52 §MAXQ_FRAME_BUDGET taa=8 ao=12 (bake budget — Alt+S stills are unaffected)
12:55:07.198 + 1498.4s §CLAIM §STILL_REFINE start samples=8 triplanarMaterials=52 §MAXQ_FRAME_BUDGET taa=8 ao=12 (bake budget — Alt+S stills are unaffected)
12:55:07.198 + 1498.4s §CLAIM §STILL_REFINE start samples=8 triplanarMaterials=52 §MAXQ_FRAME_BUDGET taa=8 ao=12 (bake budget — Alt+S stills are unaffected)
12:55:07.198 + 1498.4s §CLAIM §STILL_REFINE start samples=8 triplanarMaterials=52 §MAXQ_FRAME_BUDGET taa=8 ao=12 (bake budget — Alt+S stills are unaffected)
12:55:07.198 + 1498.4s §CLAIM §STILL_REFINE start samples=8 triplanarMaterials=52 §MAXQ_FRAME_BUDGET taa=8 ao=12 (bake budget — Alt+S stills are unaffected)
12:55:07.198 + 1498.4s §CLAIM §STILL_REFINE start samples=8 triplanarMaterials=52 §MAXQ_FRAME_BUDGET taa=8 ao=12 (bake budget — Alt+S stills are unaffected)
12:55:07.198 + 1498.4s §CLAIM §STILL_REFINE start samples=8 triplanarMaterials=52 §MAXQ_FRAME_BUDGET taa=8 ao=12 (bake budget — Alt+S stills are unaffected)
12:55:07.198 + 1498.4s §CLAIM §STILL_REFINE start samples=8 triplanarMaterials=52 §MAXQ_FRAME_BUDGET taa=8 ao=12 (bake budget — Alt+S stills are unaffected)
12:55:07.198 + 1498.4s §CLAIM §STILL_REFINE start samples=8 triplanarMaterials=52 §MAXQ_FRAME_BUDGET taa=8 ao=12 (bake budget — Alt+S stills are unaffected)
12:55:07.198 + 1498.4s §CLAIM §STILL_REFINE start samples=8 triplanarMaterials=52 §MAXQ_FRAME_BUDGET taa=8 ao=12 (bake budget — Alt+S stills are unaffected)
12:55:07.198 + 1498.4s §CLAIM §STILL_REFINE start samples=8 triplanarMaterials=52 §MAXQ_FRAME_BUDGET taa=8 ao=12 (bake budget — Alt+S stills are unaffected)
12:55:07.198 + 1498.4s §CLAIM §STILL_REFINE start samples=8 triplanarMaterials=52 §MAXQ_FRAME_BUDGET taa=8 ao=12 (bake budget — Alt+S stills are unaffected)
12:55:07.198 + 1498.4s §CLAIM §STILL_REFINE start samples=8 triplanarMaterials=52 §MAXQ_FRAME_BUDGET taa=8 ao=12 (bake budget — Alt+S stills are unaffected)
12:55:07.198 + 1498.4s §CLAIM §STILL_REFINE start samples=8 triplanarMaterials=52 §MAXQ_FRAME_BUDGET taa=8 ao=12 (bake budget — Alt+S stills are unaffected)
12:55:07.198 + 1498.4s §CLAIM §STILL_REFINE start samples=8 triplanarMaterials=52 §MAXQ_FRAME_BUDGET taa=8 ao=12 (bake budget — Alt+S stills are unaffected)
12:55:07.198 + 1498.4s §CLAIM §STILL_REFINE start samples=8 triplanarMaterials=52 §MAXQ_FRAME_BUDGET taa=8 ao=12 (bake budget — Alt+S stills are unaffected)
12:55:07.198 + 1498.4s §CLAIM §STILL_REFINE start samples=8 triplanarMaterials=52 §MAXQ_FRAME_BUDGET taa=8 ao=12 (bake budget — Alt+S stills are unaffected)
12:55:07.198 + 1498.4s §CLAIM §STILL_REFINE start samples=8 triplanarMaterials=52 §MAXQ_FRAME_BUDGET taa=8 ao=12 (bake budget — Alt+S stills are unaffected)
12:55:07.198 + 1498.4s §CLAIM §STILL_REFINE start samples=8 triplanarMaterials=52 §MAXQ_FRAME_BUDGET taa=8 ao=12 (bake budget — Alt+S stills are unaffected)
12:55:07.198 + 1498.4s §CLAIM §STILL_REFINE start samples=8 triplanarMaterials=52 §MAXQ_FRAME_BUDGET taa=8 ao=12 (bake budget — Alt+S stills are unaffected)
12:55:07.198 + 1498.4s §CLAIM §STILL_REFINE start samples=8 triplanarMaterials=52 §MAXQ_FRAME_BUDGET taa=8 ao=12 (bake budget — Alt+S stills are unaffected)
12:55:07.198 + 1498.4s §CLAIM §STILL_REFINE start samples=8 triplanarMaterials=52 §MAXQ_FRAME_BUDGET taa=8 ao=12 (bake budget — Alt+S stills are unaffected)
12:55:07.198 + 1498.4s §CLAIM §STILL_REFINE start samples=8 triplanarMaterials=52 §MAXQ_FRAME_BUDGET taa=8 ao=12 (bake budget — Alt+S stills are unaffected)
12:55:07.198 + 1498.4s §CLAIM §STILL_REFINE start samples=8 triplanarMaterials=52 §MAXQ_FRAME_BUDGET taa=8 ao=12 (bake budget — Alt+S stills are unaffected)
12:55:07.198 + 1498.4s §CLAIM §STILL_REFINE start samples=8 triplanarMaterials=52 §MAXQ_FRAME_BUDGET taa=8 ao=12 (bake budget — Alt+S stills are unaffected)
12:55:07.198 + 1498.4s §CLAIM §STILL_REFINE start samples=8 triplanarMaterials=52 §MAXQ_FRAME_BUDGET taa=8 ao=12 (bake budget — Alt+S stills are unaffected)
12:55:07.198 + 1498.4s §CLAIM §STILL_REFINE start samples=8 triplanarMaterials=52 §MAXQ_FRAME_BUDGET taa=8 ao=12 (bake budget — Alt+S stills are unaffected)
12:55:07.198 + 1498.4s §CLAIM §STILL_REFINE start samples=8 triplanarMaterials=52 §MAXQ_FRAME_BUDGET taa=8 ao=12 (bake budget — Alt+S stills are unaffected)
12:55:07.198 + 1498.4s §CLAIM §STILL_REFINE start samples=8 triplanarMaterials=52 §MAXQ_FRAME_BUDGET taa=8 ao=12 (bake budget — Alt+S stills are unaffected)
12:55:07.198 + 1498.4s §CLAIM §STILL_REFINE start samples=8 triplanarMaterials=52 §MAXQ_FRAME_BUDGET taa=8 ao=12 (bake budget — Alt+S stills are unaffected)
12:55:07.198 + 1498.4s §CLAIM §STILL_REFINE start samples=8 triplanarMaterials=52 §MAXQ_FRAME_BUDGET taa=8 ao=12 (bake budget — Alt+S stills are unaffected)
12:55:07.198 + 1498.4s §CLAIM §STILL_REFINE start samples=8 triplanarMaterials=52 §MAXQ_FRAME_BUDGET taa=8 ao=12 (bake budget — Alt+S stills are unaffected)
12:55:07.198 + 1498.4s §CLAIM §STILL_REFINE start samples=8 triplanarMaterials=52 §MAXQ_FRAME_BUDGET taa=8 ao=12 (bake budget — Alt+S stills are unaffected)
12:55:07.198 + 1498.4s §CLAIM §STILL_REFINE start samples=8 triplanarMaterials=52 §MAXQ_FRAME_BUDGET taa=8 ao=12 (bake budget — Alt+S stills are unaffected)
12:55:07.198 + 1498.4s §CLAIM §STILL_REFINE start samples=8 triplanarMaterials=52 §MAXQ_FRAME_BUDGET taa=8 ao=12 (bake budget — Alt+S stills are unaffected)
12:55:07.198 + 1498.4s §CLAIM §STILL_REFINE start samples=8 triplanarMaterials=52 §MAXQ_FRAME_BUDGET taa=8 ao=12 (bake budget — Alt+S stills are unaffected)
12:55:07.198 + 1498.4s §CLAIM §STILL_REFINE start samples=8 triplanarMaterials=52 §MAXQ_FRAME_BUDGET taa=8 ao=12 (bake budget — Alt+S stills are unaffected)
12:55:07.198 + 1498.4s §CLAIM §STILL_REFINE start samples=8 triplanarMaterials=52 §MAXQ_FRAME_BUDGET taa=8 ao=12 (bake budget — Alt+S stills are unaffected)
12:55:07.198 + 1498.4s §CLAIM §STILL_REFINE start samples=8 triplanarMaterials=52 §MAXQ_FRAME_BUDGET taa=8 ao=12 (bake budget — Alt+S stills are unaffected)
12:55:07.198 + 1498.4s §CLAIM §STILL_REFINE start samples=8 triplanarMaterials=52 §MAXQ_FRAME_BUDGET taa=8 ao=12 (bake budget — Alt+S stills are unaffected)
12:55:07.198 + 1498.4s §CLAIM §STILL_REFINE start samples=8 triplanarMaterials=52 §MAXQ_FRAME_BUDGET taa=8 ao=12 (bake budget — Alt+S stills are unaffected)
12:55:07.198 + 1498.4s §CLAIM §STILL_REFINE start samples=8 triplanarMaterials=52 §MAXQ_FRAME_BUDGET taa=8 ao=12 (bake budget — Alt+S stills are unaffected)
12:55:07.198 + 1498.4s §CLAIM §STILL_REFINE start samples=8 triplanarMaterials=52 §MAXQ_FRAME_BUDGET taa=8 ao=12 (bake budget — Alt+S stills are unaffected)
12:55:07.198 + 1498.4s §CLAIM §STILL_REFINE start samples=8 triplanarMaterials=52 §MAXQ_FRAME_BUDGET taa=8 ao=12 (bake budget — Alt+S stills are unaffected)
12:55:07.198 + 1498.4s §CLAIM §STILL_REFINE start samples=8 triplanarMaterials=52 §MAXQ_FRAME_BUDGET taa=8 ao=12 (bake budget — Alt+S stills are unaffected)
12:55:07.198 + 1498.4s §CLAIM §STILL_REFINE start samples=8 triplanarMaterials=52 §MAXQ_FRAME_BUDGET taa=8 ao=12 (bake budget — Alt+S stills are unaffected)
12:55:07.198 + 1498.4s §CLAIM §STILL_REFINE start samples=8 triplanarMaterials=52 §MAXQ_FRAME_BUDGET taa=8 ao=12 (bake budget — Alt+S stills are unaffected)
12:55:07.198 + 1498.4s §CLAIM §STILL_REFINE start samples=8 triplanarMaterials=52 §MAXQ_FRAME_BUDGET taa=8 ao=12 (bake budget — Alt+S stills are unaffected)
12:55:07.198 + 1498.4s §CLAIM §STILL_REFINE start samples=8 triplanarMaterials=52 §MAXQ_FRAME_BUDGET taa=8 ao=12 (bake budget — Alt+S stills are unaffected)
12:55:07.198 + 1498.4s §CLAIM §STILL_REFINE start samples=8 triplanarMaterials=52 §MAXQ_FRAME_BUDGET taa=8 ao=12 (bake budget — Alt+S stills are unaffected)
12:55:07.198 + 1498.4s §CLAIM §STILL_REFINE start samples=8 triplanarMaterials=52 §MAXQ_FRAME_BUDGET taa=8 ao=12 (bake budget — Alt+S stills are unaffected)
12:55:07.198 + 1498.4s §CLAIM §STILL_REFINE start samples=8 triplanarMaterials=52 §MAXQ_FRAME_BUDGET taa=8 ao=12 (bake budget — Alt+S stills are unaffected)
12:55:07.198 + 1498.4s §CLAIM §STILL_REFINE start samples=8 triplanarMaterials=52 §MAXQ_FRAME_BUDGET taa=8 ao=12 (bake budget — Alt+S stills are unaffected)
12:55:07.198 + 1498.4s §CLAIM §STILL_REFINE start samples=8 triplanarMaterials=52 §MAXQ_FRAME_BUDGET taa=8 ao=12 (bake budget — Alt+S stills are unaffected)
12:55:07.198 + 1498.4s §CLAIM §STILL_REFINE start samples=8 triplanarMaterials=52 §MAXQ_FRAME_BUDGET taa=8 ao=12 (bake budget — Alt+S stills are unaffected)
12:55:07.198 + 1498.4s §CLAIM §STILL_REFINE start samples=8 triplanarMaterials=52 §MAXQ_FRAME_BUDGET taa=8 ao=12 (bake budget — Alt+S stills are unaffected)
12:55:07.198 + 1498.4s §CLAIM §STILL_REFINE start samples=8 triplanarMaterials=52 §MAXQ_FRAME_BUDGET taa=8 ao=12 (bake budget — Alt+S stills are unaffected)
12:55:07.198 + 1498.4s §CLAIM §STILL_REFINE start samples=8 triplanarMaterials=52 §MAXQ_FRAME_BUDGET taa=8 ao=12 (bake budget — Alt+S stills are unaffected)
12:55:07.198 + 1498.4s §CLAIM §STILL_REFINE start samples=8 triplanarMaterials=52 §MAXQ_FRAME_BUDGET taa=8 ao=12 (bake budget — Alt+S stills are unaffected)
12:55:07.198 + 1498.4s §CLAIM §STILL_REFINE start samples=8 triplanarMaterials=52 §MAXQ_FRAME_BUDGET taa=8 ao=12 (bake budget — Alt+S stills are unaffected)
12:55:07.198 + 1498.4s §CLAIM §STILL_REFINE start samples=8 triplanarMaterials=52 §MAXQ_FRAME_BUDGET taa=8 ao=12 (bake budget — Alt+S stills are unaffected)
12:55:07.198 + 1498.4s §CLAIM §STILL_REFINE start samples=8 triplanarMaterials=52 §MAXQ_FRAME_BUDGET taa=8 ao=12 (bake budget — Alt+S stills are unaffected)
12:55:07.198 + 1498.4s §CLAIM §STILL_REFINE start samples=8 triplanarMaterials=52 §MAXQ_FRAME_BUDGET taa=8 ao=12 (bake budget — Alt+S stills are unaffected)
12:55:07.198 + 1498.4s §CLAIM §STILL_REFINE start samples=8 triplanarMaterials=52 §MAXQ_FRAME_BUDGET taa=8 ao=12 (bake budget — Alt+S stills are unaffected)
12:55:07.198 + 1498.4s §CLAIM §STILL_REFINE start samples=8 triplanarMaterials=52 §MAXQ_FRAME_BUDGET taa=8 ao=12 (bake budget — Alt+S stills are unaffected)
12:55:07.199 + 1498.5s §CLAIM §STILL_REFINE start samples=8 triplanarMaterials=52 §MAXQ_FRAME_BUDGET taa=8 ao=12 (bake budget — Alt+S stills are unaffected)
12:55:07.199 + 1498.5s §CLAIM §STILL_REFINE start samples=8 triplanarMaterials=52 §MAXQ_FRAME_BUDGET taa=8 ao=12 (bake budget — Alt+S stills are unaffected)
12:55:07.199 + 1498.5s §CLAIM §STILL_REFINE start samples=8 triplanarMaterials=52 §MAXQ_FRAME_BUDGET taa=8 ao=12 (bake budget — Alt+S stills are unaffected)
12:55:07.199 + 1498.5s §CLAIM §STILL_REFINE start samples=8 triplanarMaterials=52 §MAXQ_FRAME_BUDGET taa=8 ao=12 (bake budget — Alt+S stills are unaffected)
12:55:07.199 + 1498.5s §CLAIM §STILL_REFINE start samples=8 triplanarMaterials=52 §MAXQ_FRAME_BUDGET taa=8 ao=12 (bake budget — Alt+S stills are unaffected)
12:55:07.199 + 1498.5s §CLAIM §STILL_REFINE start samples=8 triplanarMaterials=52 §MAXQ_FRAME_BUDGET taa=8 ao=12 (bake budget — Alt+S stills are unaffected)
12:55:07.199 + 1498.5s §CLAIM §STILL_REFINE start samples=8 triplanarMaterials=52 §MAXQ_FRAME_BUDGET taa=8 ao=12 (bake budget — Alt+S stills are unaffected)
12:55:07.199 + 1498.5s §CLAIM §STILL_REFINE start samples=8 triplanarMaterials=52 §MAXQ_FRAME_BUDGET taa=8 ao=12 (bake budget — Alt+S stills are unaffected)
12:55:07.199 + 1498.5s §CLAIM §STILL_REFINE start samples=8 triplanarMaterials=52 §MAXQ_FRAME_BUDGET taa=8 ao=12 (bake budget — Alt+S stills are unaffected)
12:55:07.199 + 1498.5s §CLAIM §STILL_REFINE start samples=8 triplanarMaterials=52 §MAXQ_FRAME_BUDGET taa=8 ao=12 (bake budget — Alt+S stills are unaffected)
12:55:07.199 + 1498.5s §CLAIM §STILL_REFINE start samples=8 triplanarMaterials=52 §MAXQ_FRAME_BUDGET taa=8 ao=12 (bake budget — Alt+S stills are unaffected)
12:55:07.199 + 1498.5s §CLAIM §STILL_REFINE start samples=8 triplanarMaterials=52 §MAXQ_FRAME_BUDGET taa=8 ao=12 (bake budget — Alt+S stills are unaffected)
12:55:07.199 + 1498.5s §CLAIM §STILL_REFINE start samples=8 triplanarMaterials=52 §MAXQ_FRAME_BUDGET taa=8 ao=12 (bake budget — Alt+S stills are unaffected)
12:55:07.199 + 1498.5s §CLAIM §STILL_REFINE start samples=8 triplanarMaterials=52 §MAXQ_FRAME_BUDGET taa=8 ao=12 (bake budget — Alt+S stills are unaffected)
12:55:07.199 + 1498.5s §CLAIM §STILL_REFINE start samples=8 triplanarMaterials=52 §MAXQ_FRAME_BUDGET taa=8 ao=12 (bake budget — Alt+S stills are unaffected)
12:55:07.199 + 1498.5s §CLAIM §STILL_REFINE start samples=8 triplanarMaterials=52 §MAXQ_FRAME_BUDGET taa=8 ao=12 (bake budget — Alt+S stills are unaffected)
12:55:07.199 + 1498.5s §CLAIM §STILL_REFINE start samples=8 triplanarMaterials=52 §MAXQ_FRAME_BUDGET taa=8 ao=12 (bake budget — Alt+S stills are unaffected)
12:55:07.199 + 1498.5s §CLAIM §STILL_REFINE start samples=8 triplanarMaterials=52 §MAXQ_FRAME_BUDGET taa=8 ao=12 (bake budget — Alt+S stills are unaffected)
12:55:07.199 + 1498.5s §CLAIM §STILL_REFINE start samples=8 triplanarMaterials=52 §MAXQ_FRAME_BUDGET taa=8 ao=12 (bake budget — Alt+S stills are unaffected)
12:55:07.199 + 1498.5s §CLAIM §STILL_REFINE start samples=8 triplanarMaterials=52 §MAXQ_FRAME_BUDGET taa=8 ao=12 (bake budget — Alt+S stills are unaffected)
12:55:07.199 + 1498.5s §CLAIM §STILL_REFINE start samples=8 triplanarMaterials=52 §MAXQ_FRAME_BUDGET taa=8 ao=12 (bake budget — Alt+S stills are unaffected)
12:55:07.199 + 1498.5s §CLAIM §STILL_REFINE start samples=8 triplanarMaterials=52 §MAXQ_FRAME_BUDGET taa=8 ao=12 (bake budget — Alt+S stills are unaffected)
12:55:07.199 + 1498.5s §CLAIM §STILL_REFINE start samples=8 triplanarMaterials=52 §MAXQ_FRAME_BUDGET taa=8 ao=12 (bake budget — Alt+S stills are unaffected)
12:55:07.199 + 1498.5s §CLAIM §STILL_REFINE start samples=8 triplanarMaterials=52 §MAXQ_FRAME_BUDGET taa=8 ao=12 (bake budget — Alt+S stills are unaffected)
12:55:07.199 + 1498.5s §CLAIM §STILL_REFINE start samples=8 triplanarMaterials=52 §MAXQ_FRAME_BUDGET taa=8 ao=12 (bake budget — Alt+S stills are unaffected)
12:55:07.199 + 1498.5s §CLAIM §STILL_REFINE start samples=8 triplanarMaterials=52 §MAXQ_FRAME_BUDGET taa=8 ao=12 (bake budget — Alt+S stills are unaffected)
12:55:07.199 + 1498.5s §CLAIM §STILL_REFINE start samples=8 triplanarMaterials=52 §MAXQ_FRAME_BUDGET taa=8 ao=12 (bake budget — Alt+S stills are unaffected)
12:55:07.199 + 1498.5s §CLAIM §STILL_REFINE start samples=8 triplanarMaterials=52 §MAXQ_FRAME_BUDGET taa=8 ao=12 (bake budget — Alt+S stills are unaffected)
12:55:07.199 + 1498.5s §CLAIM §STILL_REFINE start samples=8 triplanarMaterials=52 §MAXQ_FRAME_BUDGET taa=8 ao=12 (bake budget — Alt+S stills are unaffected)
12:55:07.199 + 1498.5s §CLAIM §STILL_REFINE start samples=8 triplanarMaterials=52 §MAXQ_FRAME_BUDGET taa=8 ao=12 (bake budget — Alt+S stills are unaffected)
12:55:07.199 + 1498.5s §CLAIM §STILL_REFINE start samples=8 triplanarMaterials=52 §MAXQ_FRAME_BUDGET taa=8 ao=12 (bake budget — Alt+S stills are unaffected)
12:55:07.199 + 1498.5s §CLAIM §STILL_REFINE start samples=8 triplanarMaterials=52 §MAXQ_FRAME_BUDGET taa=8 ao=12 (bake budget — Alt+S stills are unaffected)
12:55:07.199 + 1498.5s §CLAIM §STILL_REFINE start samples=8 triplanarMaterials=52 §MAXQ_FRAME_BUDGET taa=8 ao=12 (bake budget — Alt+S stills are unaffected)
12:55:07.199 + 1498.5s §CLAIM §STILL_REFINE start samples=8 triplanarMaterials=52 §MAXQ_FRAME_BUDGET taa=8 ao=12 (bake budget — Alt+S stills are unaffected)
12:55:07.199 + 1498.5s §CLAIM §STILL_REFINE start samples=8 triplanarMaterials=52 §MAXQ_FRAME_BUDGET taa=8 ao=12 (bake budget — Alt+S stills are unaffected)
12:55:07.199 + 1498.5s §CLAIM §STILL_REFINE start samples=8 triplanarMaterials=52 §MAXQ_FRAME_BUDGET taa=8 ao=12 (bake budget — Alt+S stills are unaffected)
12:55:07.199 + 1498.5s §CLAIM §STILL_REFINE start samples=8 triplanarMaterials=52 §MAXQ_FRAME_BUDGET taa=8 ao=12 (bake budget — Alt+S stills are unaffected)
12:55:07.199 + 1498.5s §CLAIM §STILL_REFINE start samples=8 triplanarMaterials=52 §MAXQ_FRAME_BUDGET taa=8 ao=12 (bake budget — Alt+S stills are unaffected)
12:55:07.199 + 1498.5s §CLAIM §STILL_REFINE start samples=8 triplanarMaterials=52 §MAXQ_FRAME_BUDGET taa=8 ao=12 (bake budget — Alt+S stills are unaffected)
12:55:07.199 + 1498.5s §CLAIM §STILL_REFINE start samples=8 triplanarMaterials=52 §MAXQ_FRAME_BUDGET taa=8 ao=12 (bake budget — Alt+S stills are unaffected)
12:55:07.199 + 1498.5s §CLAIM §STILL_REFINE start samples=8 triplanarMaterials=52 §MAXQ_FRAME_BUDGET taa=8 ao=12 (bake budget — Alt+S stills are unaffected)
12:55:07.199 + 1498.5s §CLAIM §STILL_REFINE start samples=8 triplanarMaterials=52 §MAXQ_FRAME_BUDGET taa=8 ao=12 (bake budget — Alt+S stills are unaffected)
12:55:07.199 + 1498.5s §CLAIM §STILL_REFINE start samples=8 triplanarMaterials=52 §MAXQ_FRAME_BUDGET taa=8 ao=12 (bake budget — Alt+S stills are unaffected)
12:55:07.199 + 1498.5s §CLAIM §STILL_REFINE start samples=8 triplanarMaterials=52 §MAXQ_FRAME_BUDGET taa=8 ao=12 (bake budget — Alt+S stills are unaffected)
12:55:07.199 + 1498.5s §CLAIM §STILL_REFINE start samples=8 triplanarMaterials=52 §MAXQ_FRAME_BUDGET taa=8 ao=12 (bake budget — Alt+S stills are unaffected)
12:55:07.199 + 1498.5s §CLAIM §STILL_REFINE start samples=8 triplanarMaterials=52 §MAXQ_FRAME_BUDGET taa=8 ao=12 (bake budget — Alt+S stills are unaffected)
12:55:07.199 + 1498.5s §CLAIM §STILL_REFINE start samples=8 triplanarMaterials=52 §MAXQ_FRAME_BUDGET taa=8 ao=12 (bake budget — Alt+S stills are unaffected)
12:55:07.199 + 1498.5s §CLAIM §STILL_REFINE start samples=8 triplanarMaterials=52 §MAXQ_FRAME_BUDGET taa=8 ao=12 (bake budget — Alt+S stills are unaffected)
12:55:07.199 + 1498.5s §CLAIM §STILL_REFINE start samples=8 triplanarMaterials=52 §MAXQ_FRAME_BUDGET taa=8 ao=12 (bake budget — Alt+S stills are unaffected)
12:55:07.199 + 1498.5s §CLAIM §STILL_REFINE start samples=8 triplanarMaterials=52 §MAXQ_FRAME_BUDGET taa=8 ao=12 (bake budget — Alt+S stills are unaffected)
12:55:07.199 + 1498.5s §CLAIM §STILL_REFINE start samples=8 triplanarMaterials=52 §MAXQ_FRAME_BUDGET taa=8 ao=12 (bake budget — Alt+S stills are unaffected)
12:55:07.199 + 1498.5s §CLAIM §STILL_REFINE start samples=8 triplanarMaterials=52 §MAXQ_FRAME_BUDGET taa=8 ao=12 (bake budget — Alt+S stills are unaffected)
12:55:07.199 + 1498.5s §CLAIM §STILL_REFINE start samples=8 triplanarMaterials=52 §MAXQ_FRAME_BUDGET taa=8 ao=12 (bake budget — Alt+S stills are unaffected)
12:55:07.199 + 1498.5s §CLAIM §STILL_REFINE start samples=8 triplanarMaterials=52 §MAXQ_FRAME_BUDGET taa=8 ao=12 (bake budget — Alt+S stills are unaffected)
12:55:07.199 + 1498.5s §CLAIM §STILL_REFINE start samples=8 triplanarMaterials=52 §MAXQ_FRAME_BUDGET taa=8 ao=12 (bake budget — Alt+S stills are unaffected)
12:55:07.199 + 1498.5s §CLAIM §STILL_REFINE start samples=8 triplanarMaterials=52 §MAXQ_FRAME_BUDGET taa=8 ao=12 (bake budget — Alt+S stills are unaffected)
12:55:07.199 + 1498.5s §CLAIM §STILL_REFINE start samples=8 triplanarMaterials=52 §MAXQ_FRAME_BUDGET taa=8 ao=12 (bake budget — Alt+S stills are unaffected)
12:55:07.199 + 1498.5s §CLAIM §STILL_REFINE start samples=8 triplanarMaterials=52 §MAXQ_FRAME_BUDGET taa=8 ao=12 (bake budget — Alt+S stills are unaffected)
12:55:07.199 + 1498.5s §CLAIM §STILL_REFINE start samples=8 triplanarMaterials=52 §MAXQ_FRAME_BUDGET taa=8 ao=12 (bake budget — Alt+S stills are unaffected)
12:55:07.199 + 1498.5s §CLAIM §STILL_REFINE start samples=8 triplanarMaterials=52 §MAXQ_FRAME_BUDGET taa=8 ao=12 (bake budget — Alt+S stills are unaffected)
12:55:07.199 + 1498.5s §CLAIM §STILL_REFINE start samples=8 triplanarMaterials=52 §MAXQ_FRAME_BUDGET taa=8 ao=12 (bake budget — Alt+S stills are unaffected)
12:55:07.199 + 1498.5s §CLAIM §STILL_REFINE start samples=8 triplanarMaterials=52 §MAXQ_FRAME_BUDGET taa=8 ao=12 (bake budget — Alt+S stills are unaffected)
12:55:07.199 + 1498.5s §CLAIM §STILL_REFINE start samples=8 triplanarMaterials=52 §MAXQ_FRAME_BUDGET taa=8 ao=12 (bake budget — Alt+S stills are unaffected)
12:55:07.199 + 1498.5s §CLAIM §STILL_REFINE start samples=8 triplanarMaterials=52 §MAXQ_FRAME_BUDGET taa=8 ao=12 (bake budget — Alt+S stills are unaffected)
12:55:07.199 + 1498.5s §CLAIM §STILL_REFINE start samples=8 triplanarMaterials=52 §MAXQ_FRAME_BUDGET taa=8 ao=12 (bake budget — Alt+S stills are unaffected)
12:55:07.199 + 1498.5s §CLAIM §STILL_REFINE start samples=8 triplanarMaterials=52 §MAXQ_FRAME_BUDGET taa=8 ao=12 (bake budget — Alt+S stills are unaffected)
12:55:07.199 + 1498.5s §CLAIM §STILL_REFINE start samples=8 triplanarMaterials=52 §MAXQ_FRAME_BUDGET taa=8 ao=12 (bake budget — Alt+S stills are unaffected)
12:55:07.199 + 1498.5s §CLAIM §STILL_REFINE start samples=8 triplanarMaterials=52 §MAXQ_FRAME_BUDGET taa=8 ao=12 (bake budget — Alt+S stills are unaffected)
12:55:07.199 + 1498.5s §CLAIM §STILL_REFINE start samples=8 triplanarMaterials=52 §MAXQ_FRAME_BUDGET taa=8 ao=12 (bake budget — Alt+S stills are unaffected)
12:55:07.199 + 1498.5s §CLAIM §STILL_REFINE start samples=8 triplanarMaterials=52 §MAXQ_FRAME_BUDGET taa=8 ao=12 (bake budget — Alt+S stills are unaffected)
12:55:07.199 + 1498.5s §CLAIM §STILL_REFINE start samples=8 triplanarMaterials=52 §MAXQ_FRAME_BUDGET taa=8 ao=12 (bake budget — Alt+S stills are unaffected)
12:55:07.199 + 1498.5s §CLAIM §STILL_REFINE start samples=8 triplanarMaterials=52 §MAXQ_FRAME_BUDGET taa=8 ao=12 (bake budget — Alt+S stills are unaffected)
12:55:07.199 + 1498.5s §CLAIM §STILL_REFINE start samples=8 triplanarMaterials=52 §MAXQ_FRAME_BUDGET taa=8 ao=12 (bake budget — Alt+S stills are unaffected)
12:55:07.199 + 1498.5s §CLAIM §STILL_REFINE start samples=8 triplanarMaterials=52 §MAXQ_FRAME_BUDGET taa=8 ao=12 (bake budget — Alt+S stills are unaffected)
12:55:07.199 + 1498.5s §CLAIM §STILL_REFINE start samples=8 triplanarMaterials=52 §MAXQ_FRAME_BUDGET taa=8 ao=12 (bake budget — Alt+S stills are unaffected)
12:55:07.199 + 1498.5s §CLAIM §STILL_REFINE start samples=8 triplanarMaterials=52 §MAXQ_FRAME_BUDGET taa=8 ao=12 (bake budget — Alt+S stills are unaffected)
12:55:07.199 + 1498.5s §CLAIM §STILL_REFINE start samples=8 triplanarMaterials=52 §MAXQ_FRAME_BUDGET taa=8 ao=12 (bake budget — Alt+S stills are unaffected)
12:55:07.199 + 1498.5s §CLAIM §STILL_REFINE start samples=8 triplanarMaterials=52 §MAXQ_FRAME_BUDGET taa=8 ao=12 (bake budget — Alt+S stills are unaffected)
12:55:07.199 + 1498.5s §CLAIM §STILL_REFINE start samples=8 triplanarMaterials=52 §MAXQ_FRAME_BUDGET taa=8 ao=12 (bake budget — Alt+S stills are unaffected)
12:55:07.199 + 1498.5s §CLAIM §STILL_REFINE start samples=8 triplanarMaterials=52 §MAXQ_FRAME_BUDGET taa=8 ao=12 (bake budget — Alt+S stills are unaffected)
12:55:07.199 + 1498.5s §CLAIM §STILL_REFINE start samples=8 triplanarMaterials=52 §MAXQ_FRAME_BUDGET taa=8 ao=12 (bake budget — Alt+S stills are unaffected)
12:55:07.199 + 1498.5s §CLAIM §STILL_REFINE start samples=8 triplanarMaterials=52 §MAXQ_FRAME_BUDGET taa=8 ao=12 (bake budget — Alt+S stills are unaffected)
12:55:07.199 + 1498.5s §CLAIM §STILL_REFINE start samples=8 triplanarMaterials=52 §MAXQ_FRAME_BUDGET taa=8 ao=12 (bake budget — Alt+S stills are unaffected)
12:55:07.199 + 1498.5s §CLAIM §STILL_REFINE start samples=8 triplanarMaterials=52 §MAXQ_FRAME_BUDGET taa=8 ao=12 (bake budget — Alt+S stills are unaffected)
12:55:07.199 + 1498.5s §CLAIM §STILL_REFINE start samples=8 triplanarMaterials=52 §MAXQ_FRAME_BUDGET taa=8 ao=12 (bake budget — Alt+S stills are unaffected)
12:55:07.199 + 1498.5s §CLAIM §STILL_REFINE start samples=8 triplanarMaterials=52 §MAXQ_FRAME_BUDGET taa=8 ao=12 (bake budget — Alt+S stills are unaffected)
12:55:07.199 + 1498.5s §CLAIM §STILL_REFINE start samples=8 triplanarMaterials=52 §MAXQ_FRAME_BUDGET taa=8 ao=12 (bake budget — Alt+S stills are unaffected)
12:55:07.199 + 1498.5s §CLAIM §STILL_REFINE start samples=8 triplanarMaterials=52 §MAXQ_FRAME_BUDGET taa=8 ao=12 (bake budget — Alt+S stills are unaffected)
12:55:07.199 + 1498.5s §CLAIM §STILL_REFINE start samples=8 triplanarMaterials=52 §MAXQ_FRAME_BUDGET taa=8 ao=12 (bake budget — Alt+S stills are unaffected)
12:55:07.199 + 1498.5s §CLAIM §STILL_REFINE start samples=8 triplanarMaterials=52 §MAXQ_FRAME_BUDGET taa=8 ao=12 (bake budget — Alt+S stills are unaffected)
12:55:07.199 + 1498.5s §CLAIM §STILL_REFINE start samples=8 triplanarMaterials=52 §MAXQ_FRAME_BUDGET taa=8 ao=12 (bake budget — Alt+S stills are unaffected)
12:55:07.199 + 1498.5s §CLAIM §STILL_REFINE start samples=8 triplanarMaterials=52 §MAXQ_FRAME_BUDGET taa=8 ao=12 (bake budget — Alt+S stills are unaffected)
12:55:07.199 + 1498.5s §CLAIM §STILL_REFINE start samples=8 triplanarMaterials=52 §MAXQ_FRAME_BUDGET taa=8 ao=12 (bake budget — Alt+S stills are unaffected)
12:55:07.199 + 1498.5s §CLAIM §STILL_REFINE start samples=8 triplanarMaterials=52 §MAXQ_FRAME_BUDGET taa=8 ao=12 (bake budget — Alt+S stills are unaffected)
12:55:07.199 + 1498.5s §CLAIM §STILL_REFINE start samples=8 triplanarMaterials=52 §MAXQ_FRAME_BUDGET taa=8 ao=12 (bake budget — Alt+S stills are unaffected)
12:55:07.199 + 1498.5s §CLAIM §STILL_REFINE start samples=8 triplanarMaterials=52 §MAXQ_FRAME_BUDGET taa=8 ao=12 (bake budget — Alt+S stills are unaffected)
12:55:07.199 + 1498.5s §CLAIM §STILL_REFINE start samples=8 triplanarMaterials=52 §MAXQ_FRAME_BUDGET taa=8 ao=12 (bake budget — Alt+S stills are unaffected)
12:55:07.199 + 1498.5s §CLAIM §STILL_REFINE start samples=8 triplanarMaterials=52 §MAXQ_FRAME_BUDGET taa=8 ao=12 (bake budget — Alt+S stills are unaffected)
12:55:07.199 + 1498.5s §CLAIM §STILL_REFINE start samples=8 triplanarMaterials=52 §MAXQ_FRAME_BUDGET taa=8 ao=12 (bake budget — Alt+S stills are unaffected)
12:55:07.199 + 1498.5s §CLAIM §STILL_REFINE start samples=8 triplanarMaterials=52 §MAXQ_FRAME_BUDGET taa=8 ao=12 (bake budget — Alt+S stills are unaffected)
12:55:07.199 + 1498.5s §CLAIM §STILL_REFINE start samples=8 triplanarMaterials=52 §MAXQ_FRAME_BUDGET taa=8 ao=12 (bake budget — Alt+S stills are unaffected)
12:55:07.199 + 1498.5s §CLAIM §STILL_REFINE start samples=8 triplanarMaterials=52 §MAXQ_FRAME_BUDGET taa=8 ao=12 (bake budget — Alt+S stills are unaffected)
12:55:07.199 + 1498.5s §CLAIM §STILL_REFINE start samples=8 triplanarMaterials=52 §MAXQ_FRAME_BUDGET taa=8 ao=12 (bake budget — Alt+S stills are unaffected)
12:55:07.199 + 1498.5s §CLAIM §STILL_REFINE start samples=8 triplanarMaterials=52 §MAXQ_FRAME_BUDGET taa=8 ao=12 (bake budget — Alt+S stills are unaffected)
12:55:07.199 + 1498.5s §CLAIM §STILL_REFINE start samples=8 triplanarMaterials=52 §MAXQ_FRAME_BUDGET taa=8 ao=12 (bake budget — Alt+S stills are unaffected)
12:55:07.199 + 1498.5s §CLAIM §STILL_REFINE start samples=8 triplanarMaterials=52 §MAXQ_FRAME_BUDGET taa=8 ao=12 (bake budget — Alt+S stills are unaffected)
12:55:07.199 + 1498.5s §CLAIM §STILL_REFINE start samples=8 triplanarMaterials=52 §MAXQ_FRAME_BUDGET taa=8 ao=12 (bake budget — Alt+S stills are unaffected)
12:55:07.199 + 1498.5s §CLAIM §STILL_REFINE start samples=8 triplanarMaterials=52 §MAXQ_FRAME_BUDGET taa=8 ao=12 (bake budget — Alt+S stills are unaffected)
12:55:07.199 + 1498.5s §CLAIM §STILL_REFINE start samples=8 triplanarMaterials=52 §MAXQ_FRAME_BUDGET taa=8 ao=12 (bake budget — Alt+S stills are unaffected)
12:55:07.199 + 1498.5s §CLAIM §STILL_REFINE start samples=8 triplanarMaterials=52 §MAXQ_FRAME_BUDGET taa=8 ao=12 (bake budget — Alt+S stills are unaffected)
12:55:07.199 + 1498.5s §CLAIM §STILL_REFINE start samples=8 triplanarMaterials=52 §MAXQ_FRAME_BUDGET taa=8 ao=12 (bake budget — Alt+S stills are unaffected)
12:55:07.199 + 1498.5s §CLAIM §STILL_REFINE start samples=8 triplanarMaterials=52 §MAXQ_FRAME_BUDGET taa=8 ao=12 (bake budget — Alt+S stills are unaffected)
12:55:07.199 + 1498.5s §CLAIM §STILL_REFINE start samples=8 triplanarMaterials=52 §MAXQ_FRAME_BUDGET taa=8 ao=12 (bake budget — Alt+S stills are unaffected)
12:55:07.199 + 1498.5s §CLAIM §STILL_REFINE start samples=8 triplanarMaterials=52 §MAXQ_FRAME_BUDGET taa=8 ao=12 (bake budget — Alt+S stills are unaffected)
12:55:07.199 + 1498.5s §CLAIM §STILL_REFINE start samples=8 triplanarMaterials=52 §MAXQ_FRAME_BUDGET taa=8 ao=12 (bake budget — Alt+S stills are unaffected)
12:55:07.199 + 1498.5s §CLAIM §STILL_REFINE start samples=8 triplanarMaterials=52 §MAXQ_FRAME_BUDGET taa=8 ao=12 (bake budget — Alt+S stills are unaffected)
12:55:07.199 + 1498.5s §CLAIM §STILL_REFINE start samples=8 triplanarMaterials=52 §MAXQ_FRAME_BUDGET taa=8 ao=12 (bake budget — Alt+S stills are unaffected)
12:55:07.199 + 1498.5s §CLAIM §STILL_REFINE start samples=8 triplanarMaterials=52 §MAXQ_FRAME_BUDGET taa=8 ao=12 (bake budget — Alt+S stills are unaffected)
12:55:07.199 + 1498.5s §CLAIM §STILL_REFINE start samples=8 triplanarMaterials=52 §MAXQ_FRAME_BUDGET taa=8 ao=12 (bake budget — Alt+S stills are unaffected)
12:55:07.199 + 1498.5s §CLAIM §STILL_REFINE start samples=8 triplanarMaterials=52 §MAXQ_FRAME_BUDGET taa=8 ao=12 (bake budget — Alt+S stills are unaffected)
12:55:07.199 + 1498.5s §CLAIM §STILL_REFINE start samples=8 triplanarMaterials=52 §MAXQ_FRAME_BUDGET taa=8 ao=12 (bake budget — Alt+S stills are unaffected)
12:55:07.199 + 1498.5s §CLAIM §STILL_REFINE start samples=8 triplanarMaterials=52 §MAXQ_FRAME_BUDGET taa=8 ao=12 (bake budget — Alt+S stills are unaffected)
12:55:07.199 + 1498.5s §CLAIM §STILL_REFINE start samples=8 triplanarMaterials=52 §MAXQ_FRAME_BUDGET taa=8 ao=12 (bake budget — Alt+S stills are unaffected)
12:55:07.199 + 1498.5s §CLAIM §STILL_REFINE start samples=8 triplanarMaterials=52 §MAXQ_FRAME_BUDGET taa=8 ao=12 (bake budget — Alt+S stills are unaffected)
12:55:07.199 + 1498.5s §CLAIM §STILL_REFINE start samples=8 triplanarMaterials=52 §MAXQ_FRAME_BUDGET taa=8 ao=12 (bake budget — Alt+S stills are unaffected)
12:55:07.199 + 1498.5s §CLAIM §STILL_REFINE start samples=8 triplanarMaterials=52 §MAXQ_FRAME_BUDGET taa=8 ao=12 (bake budget — Alt+S stills are unaffected)
12:55:07.199 + 1498.5s §CLAIM §STILL_REFINE start samples=8 triplanarMaterials=52 §MAXQ_FRAME_BUDGET taa=8 ao=12 (bake budget — Alt+S stills are unaffected)
12:55:07.199 + 1498.5s §CLAIM §STILL_REFINE start samples=8 triplanarMaterials=52 §MAXQ_FRAME_BUDGET taa=8 ao=12 (bake budget — Alt+S stills are unaffected)
12:55:07.199 + 1498.5s §CLAIM §STILL_REFINE start samples=8 triplanarMaterials=52 §MAXQ_FRAME_BUDGET taa=8 ao=12 (bake budget — Alt+S stills are unaffected)
12:55:07.199 + 1498.5s §CLAIM §STILL_REFINE start samples=8 triplanarMaterials=52 §MAXQ_FRAME_BUDGET taa=8 ao=12 (bake budget — Alt+S stills are unaffected)
12:55:07.199 + 1498.5s §CLAIM §STILL_REFINE start samples=8 triplanarMaterials=52 §MAXQ_FRAME_BUDGET taa=8 ao=12 (bake budget — Alt+S stills are unaffected)
12:55:07.199 + 1498.5s §CLAIM §STILL_REFINE start samples=8 triplanarMaterials=52 §MAXQ_FRAME_BUDGET taa=8 ao=12 (bake budget — Alt+S stills are unaffected)
12:55:07.199 + 1498.5s §CLAIM §STILL_REFINE start samples=8 triplanarMaterials=52 §MAXQ_FRAME_BUDGET taa=8 ao=12 (bake budget — Alt+S stills are unaffected)
12:55:07.199 + 1498.5s §CLAIM §STILL_REFINE start samples=8 triplanarMaterials=52 §MAXQ_FRAME_BUDGET taa=8 ao=12 (bake budget — Alt+S stills are unaffected)
12:55:07.199 + 1498.5s §CLAIM §STILL_REFINE start samples=8 triplanarMaterials=52 §MAXQ_FRAME_BUDGET taa=8 ao=12 (bake budget — Alt+S stills are unaffected)
12:55:07.199 + 1498.5s §CLAIM §STILL_REFINE start samples=8 triplanarMaterials=52 §MAXQ_FRAME_BUDGET taa=8 ao=12 (bake budget — Alt+S stills are unaffected)
12:55:07.199 + 1498.5s §CLAIM §STILL_REFINE start samples=8 triplanarMaterials=52 §MAXQ_FRAME_BUDGET taa=8 ao=12 (bake budget — Alt+S stills are unaffected)
12:55:07.199 + 1498.5s §CLAIM §STILL_REFINE start samples=8 triplanarMaterials=52 §MAXQ_FRAME_BUDGET taa=8 ao=12 (bake budget — Alt+S stills are unaffected)
12:55:07.199 + 1498.5s §CLAIM §STILL_REFINE start samples=8 triplanarMaterials=52 §MAXQ_FRAME_BUDGET taa=8 ao=12 (bake budget — Alt+S stills are unaffected)
12:55:07.199 + 1498.5s §CLAIM §STILL_REFINE start samples=8 triplanarMaterials=52 §MAXQ_FRAME_BUDGET taa=8 ao=12 (bake budget — Alt+S stills are unaffected)
12:55:07.199 + 1498.5s §CLAIM §STILL_REFINE start samples=8 triplanarMaterials=52 §MAXQ_FRAME_BUDGET taa=8 ao=12 (bake budget — Alt+S stills are unaffected)
12:55:07.199 + 1498.5s §CLAIM §STILL_REFINE start samples=8 triplanarMaterials=52 §MAXQ_FRAME_BUDGET taa=8 ao=12 (bake budget — Alt+S stills are unaffected)
12:55:07.199 + 1498.5s §CLAIM §STILL_REFINE start samples=8 triplanarMaterials=52 §MAXQ_FRAME_BUDGET taa=8 ao=12 (bake budget — Alt+S stills are unaffected)
12:55:07.199 + 1498.5s §CLAIM §STILL_REFINE start samples=8 triplanarMaterials=52 §MAXQ_FRAME_BUDGET taa=8 ao=12 (bake budget — Alt+S stills are unaffected)
12:55:07.199 + 1498.5s §CLAIM §STILL_REFINE start samples=8 triplanarMaterials=52 §MAXQ_FRAME_BUDGET taa=8 ao=12 (bake budget — Alt+S stills are unaffected)
12:55:07.199 + 1498.5s §CLAIM §STILL_REFINE start samples=8 triplanarMaterials=52 §MAXQ_FRAME_BUDGET taa=8 ao=12 (bake budget — Alt+S stills are unaffected)
12:55:07.199 + 1498.5s §CLAIM §STILL_REFINE start samples=8 triplanarMaterials=52 §MAXQ_FRAME_BUDGET taa=8 ao=12 (bake budget — Alt+S stills are unaffected)
12:55:07.199 + 1498.5s §CLAIM §STILL_REFINE start samples=8 triplanarMaterials=52 §MAXQ_FRAME_BUDGET taa=8 ao=12 (bake budget — Alt+S stills are unaffected)
12:55:07.199 + 1498.5s §CLAIM §STILL_REFINE start samples=8 triplanarMaterials=52 §MAXQ_FRAME_BUDGET taa=8 ao=12 (bake budget — Alt+S stills are unaffected)
12:55:07.199 + 1498.5s §CLAIM §STILL_REFINE start samples=8 triplanarMaterials=52 §MAXQ_FRAME_BUDGET taa=8 ao=12 (bake budget — Alt+S stills are unaffected)
12:55:07.199 + 1498.5s §CLAIM §STILL_REFINE start samples=8 triplanarMaterials=52 §MAXQ_FRAME_BUDGET taa=8 ao=12 (bake budget — Alt+S stills are unaffected)
12:55:07.199 + 1498.5s §CLAIM §STILL_REFINE start samples=8 triplanarMaterials=52 §MAXQ_FRAME_BUDGET taa=8 ao=12 (bake budget — Alt+S stills are unaffected)
12:55:07.199 + 1498.5s §CLAIM §STILL_REFINE start samples=8 triplanarMaterials=52 §MAXQ_FRAME_BUDGET taa=8 ao=12 (bake budget — Alt+S stills are unaffected)
12:55:07.200 + 1498.5s §CLAIM §STILL_REFINE start samples=8 triplanarMaterials=52 §MAXQ_FRAME_BUDGET taa=8 ao=12 (bake budget — Alt+S stills are unaffected)
12:55:07.200 + 1498.5s §CLAIM §STILL_REFINE start samples=8 triplanarMaterials=52 §MAXQ_FRAME_BUDGET taa=8 ao=12 (bake budget — Alt+S stills are unaffected)
12:55:07.200 + 1498.5s §CLAIM §STILL_REFINE start samples=8 triplanarMaterials=52 §MAXQ_FRAME_BUDGET taa=8 ao=12 (bake budget — Alt+S stills are unaffected)
12:55:07.200 + 1498.5s §CLAIM §STILL_REFINE start samples=8 triplanarMaterials=52 §MAXQ_FRAME_BUDGET taa=8 ao=12 (bake budget — Alt+S stills are unaffected)
12:55:07.200 + 1498.5s §CLAIM §STILL_REFINE start samples=8 triplanarMaterials=52 §MAXQ_FRAME_BUDGET taa=8 ao=12 (bake budget — Alt+S stills are unaffected)
12:55:07.200 + 1498.5s §CLAIM §STILL_REFINE start samples=8 triplanarMaterials=52 §MAXQ_FRAME_BUDGET taa=8 ao=12 (bake budget — Alt+S stills are unaffected)
12:55:07.200 + 1498.5s §CLAIM §STILL_REFINE start samples=8 triplanarMaterials=52 §MAXQ_FRAME_BUDGET taa=8 ao=12 (bake budget — Alt+S stills are unaffected)
12:55:07.200 + 1498.5s §CLAIM §STILL_REFINE start samples=8 triplanarMaterials=52 §MAXQ_FRAME_BUDGET taa=8 ao=12 (bake budget — Alt+S stills are unaffected)
12:55:07.200 + 1498.5s §CLAIM §STILL_REFINE start samples=8 triplanarMaterials=52 §MAXQ_FRAME_BUDGET taa=8 ao=12 (bake budget — Alt+S stills are unaffected)
12:55:07.200 + 1498.5s §CLAIM §STILL_REFINE start samples=8 triplanarMaterials=52 §MAXQ_FRAME_BUDGET taa=8 ao=12 (bake budget — Alt+S stills are unaffected)
12:55:07.200 + 1498.5s §CLAIM §STILL_REFINE start samples=8 triplanarMaterials=52 §MAXQ_FRAME_BUDGET taa=8 ao=12 (bake budget — Alt+S stills are unaffected)
12:55:07.200 + 1498.5s §CLAIM §STILL_REFINE start samples=8 triplanarMaterials=52 §MAXQ_FRAME_BUDGET taa=8 ao=12 (bake budget — Alt+S stills are unaffected)
12:55:07.200 + 1498.5s §CLAIM §STILL_REFINE start samples=8 triplanarMaterials=52 §MAXQ_FRAME_BUDGET taa=8 ao=12 (bake budget — Alt+S stills are unaffected)
12:55:07.200 + 1498.5s §CLAIM §STILL_REFINE start samples=8 triplanarMaterials=52 §MAXQ_FRAME_BUDGET taa=8 ao=12 (bake budget — Alt+S stills are unaffected)
12:55:07.200 + 1498.5s §CLAIM §STILL_REFINE start samples=8 triplanarMaterials=52 §MAXQ_FRAME_BUDGET taa=8 ao=12 (bake budget — Alt+S stills are unaffected)
12:55:07.200 + 1498.5s §CLAIM §STILL_REFINE start samples=8 triplanarMaterials=52 §MAXQ_FRAME_BUDGET taa=8 ao=12 (bake budget — Alt+S stills are unaffected)
12:55:07.200 + 1498.5s §CLAIM §STILL_REFINE start samples=8 triplanarMaterials=52 §MAXQ_FRAME_BUDGET taa=8 ao=12 (bake budget — Alt+S stills are unaffected)
12:55:07.200 + 1498.5s §CLAIM §STILL_REFINE start samples=8 triplanarMaterials=52 §MAXQ_FRAME_BUDGET taa=8 ao=12 (bake budget — Alt+S stills are unaffected)
12:55:07.200 + 1498.5s §CLAIM §STILL_REFINE start samples=8 triplanarMaterials=52 §MAXQ_FRAME_BUDGET taa=8 ao=12 (bake budget — Alt+S stills are unaffected)
12:55:07.200 + 1498.5s §CLAIM §STILL_REFINE start samples=8 triplanarMaterials=52 §MAXQ_FRAME_BUDGET taa=8 ao=12 (bake budget — Alt+S stills are unaffected)
12:55:07.200 + 1498.5s §CLAIM §STILL_REFINE start samples=8 triplanarMaterials=52 §MAXQ_FRAME_BUDGET taa=8 ao=12 (bake budget — Alt+S stills are unaffected)
12:55:07.200 + 1498.5s §CLAIM §STILL_REFINE start samples=8 triplanarMaterials=52 §MAXQ_FRAME_BUDGET taa=8 ao=12 (bake budget — Alt+S stills are unaffected)
12:55:07.200 + 1498.5s §CLAIM §STILL_REFINE start samples=8 triplanarMaterials=52 §MAXQ_FRAME_BUDGET taa=8 ao=12 (bake budget — Alt+S stills are unaffected)
12:55:07.200 + 1498.5s §CLAIM §STILL_REFINE start samples=8 triplanarMaterials=52 §MAXQ_FRAME_BUDGET taa=8 ao=12 (bake budget — Alt+S stills are unaffected)
12:55:07.200 + 1498.5s §CLAIM §STILL_REFINE start samples=8 triplanarMaterials=52 §MAXQ_FRAME_BUDGET taa=8 ao=12 (bake budget — Alt+S stills are unaffected)
12:55:07.200 + 1498.5s §CLAIM §STILL_REFINE start samples=8 triplanarMaterials=52 §MAXQ_FRAME_BUDGET taa=8 ao=12 (bake budget — Alt+S stills are unaffected)
12:55:07.200 + 1498.5s §CLAIM §STILL_REFINE start samples=8 triplanarMaterials=52 §MAXQ_FRAME_BUDGET taa=8 ao=12 (bake budget — Alt+S stills are unaffected)
12:55:07.200 + 1498.5s §CLAIM §STILL_REFINE start samples=8 triplanarMaterials=52 §MAXQ_FRAME_BUDGET taa=8 ao=12 (bake budget — Alt+S stills are unaffected)
12:55:07.200 + 1498.5s §CLAIM §STILL_REFINE start samples=8 triplanarMaterials=52 §MAXQ_FRAME_BUDGET taa=8 ao=12 (bake budget — Alt+S stills are unaffected)
12:55:07.200 + 1498.5s §CLAIM §STILL_REFINE start samples=8 triplanarMaterials=52 §MAXQ_FRAME_BUDGET taa=8 ao=12 (bake budget — Alt+S stills are unaffected)
12:55:07.200 + 1498.5s §CLAIM §STILL_REFINE start samples=8 triplanarMaterials=52 §MAXQ_FRAME_BUDGET taa=8 ao=12 (bake budget — Alt+S stills are unaffected)
12:55:07.200 + 1498.5s §CLAIM §STILL_REFINE start samples=8 triplanarMaterials=52 §MAXQ_FRAME_BUDGET taa=8 ao=12 (bake budget — Alt+S stills are unaffected)
12:55:07.200 + 1498.5s §CLAIM §STILL_REFINE start samples=8 triplanarMaterials=52 §MAXQ_FRAME_BUDGET taa=8 ao=12 (bake budget — Alt+S stills are unaffected)
12:55:07.200 + 1498.5s §CLAIM §STILL_REFINE start samples=8 triplanarMaterials=52 §MAXQ_FRAME_BUDGET taa=8 ao=12 (bake budget — Alt+S stills are unaffected)
12:55:07.200 + 1498.5s §CLAIM §STILL_REFINE start samples=8 triplanarMaterials=52 §MAXQ_FRAME_BUDGET taa=8 ao=12 (bake budget — Alt+S stills are unaffected)
12:55:07.200 + 1498.5s §CLAIM §STILL_REFINE start samples=8 triplanarMaterials=52 §MAXQ_FRAME_BUDGET taa=8 ao=12 (bake budget — Alt+S stills are unaffected)
12:55:07.200 + 1498.5s §CLAIM §STILL_REFINE start samples=8 triplanarMaterials=52 §MAXQ_FRAME_BUDGET taa=8 ao=12 (bake budget — Alt+S stills are unaffected)
12:55:07.200 + 1498.5s §CLAIM §STILL_REFINE start samples=8 triplanarMaterials=52 §MAXQ_FRAME_BUDGET taa=8 ao=12 (bake budget — Alt+S stills are unaffected)
12:55:07.200 + 1498.5s §CLAIM §STILL_REFINE start samples=8 triplanarMaterials=52 §MAXQ_FRAME_BUDGET taa=8 ao=12 (bake budget — Alt+S stills are unaffected)
12:55:07.200 + 1498.5s §CLAIM §STILL_REFINE start samples=8 triplanarMaterials=52 §MAXQ_FRAME_BUDGET taa=8 ao=12 (bake budget — Alt+S stills are unaffected)
12:55:07.200 + 1498.5s §CLAIM §STILL_REFINE start samples=8 triplanarMaterials=52 §MAXQ_FRAME_BUDGET taa=8 ao=12 (bake budget — Alt+S stills are unaffected)
12:55:07.200 + 1498.5s §CLAIM §STILL_REFINE start samples=8 triplanarMaterials=52 §MAXQ_FRAME_BUDGET taa=8 ao=12 (bake budget — Alt+S stills are unaffected)
12:55:07.200 + 1498.5s §CLAIM §STILL_REFINE start samples=8 triplanarMaterials=52 §MAXQ_FRAME_BUDGET taa=8 ao=12 (bake budget — Alt+S stills are unaffected)
12:55:07.200 + 1498.5s §CLAIM §STILL_REFINE start samples=8 triplanarMaterials=52 §MAXQ_FRAME_BUDGET taa=8 ao=12 (bake budget — Alt+S stills are unaffected)
12:55:07.200 + 1498.5s §CLAIM §STILL_REFINE start samples=8 triplanarMaterials=52 §MAXQ_FRAME_BUDGET taa=8 ao=12 (bake budget — Alt+S stills are unaffected)
12:55:07.200 + 1498.5s §CLAIM §STILL_REFINE start samples=8 triplanarMaterials=52 §MAXQ_FRAME_BUDGET taa=8 ao=12 (bake budget — Alt+S stills are unaffected)
12:55:07.200 + 1498.5s §CLAIM §STILL_REFINE start samples=8 triplanarMaterials=52 §MAXQ_FRAME_BUDGET taa=8 ao=12 (bake budget — Alt+S stills are unaffected)
12:55:07.200 + 1498.5s §CLAIM §STILL_REFINE start samples=8 triplanarMaterials=52 §MAXQ_FRAME_BUDGET taa=8 ao=12 (bake budget — Alt+S stills are unaffected)
12:55:07.200 + 1498.5s §CLAIM §STILL_REFINE start samples=8 triplanarMaterials=52 §MAXQ_FRAME_BUDGET taa=8 ao=12 (bake budget — Alt+S stills are unaffected)
12:55:07.200 + 1498.5s §CLAIM §STILL_REFINE start samples=8 triplanarMaterials=52 §MAXQ_FRAME_BUDGET taa=8 ao=12 (bake budget — Alt+S stills are unaffected)
12:55:07.200 + 1498.5s §CLAIM §STILL_REFINE start samples=8 triplanarMaterials=52 §MAXQ_FRAME_BUDGET taa=8 ao=12 (bake budget — Alt+S stills are unaffected)
12:55:07.200 + 1498.5s §CLAIM §STILL_REFINE start samples=8 triplanarMaterials=52 §MAXQ_FRAME_BUDGET taa=8 ao=12 (bake budget — Alt+S stills are unaffected)
12:55:07.200 + 1498.5s §CLAIM §STILL_REFINE start samples=8 triplanarMaterials=52 §MAXQ_FRAME_BUDGET taa=8 ao=12 (bake budget — Alt+S stills are unaffected)
12:55:07.200 + 1498.5s §CLAIM §STILL_REFINE start samples=8 triplanarMaterials=52 §MAXQ_FRAME_BUDGET taa=8 ao=12 (bake budget — Alt+S stills are unaffected)
12:55:07.200 + 1498.5s §CLAIM §STILL_REFINE start samples=8 triplanarMaterials=52 §MAXQ_FRAME_BUDGET taa=8 ao=12 (bake budget — Alt+S stills are unaffected)
12:55:07.200 + 1498.5s §CLAIM §STILL_REFINE start samples=8 triplanarMaterials=52 §MAXQ_FRAME_BUDGET taa=8 ao=12 (bake budget — Alt+S stills are unaffected)
12:55:07.200 + 1498.5s §CLAIM §STILL_REFINE start samples=8 triplanarMaterials=52 §MAXQ_FRAME_BUDGET taa=8 ao=12 (bake budget — Alt+S stills are unaffected)
12:55:07.200 + 1498.5s §CLAIM §STILL_REFINE start samples=8 triplanarMaterials=52 §MAXQ_FRAME_BUDGET taa=8 ao=12 (bake budget — Alt+S stills are unaffected)
12:55:07.200 + 1498.5s §CLAIM §STILL_REFINE start samples=8 triplanarMaterials=52 §MAXQ_FRAME_BUDGET taa=8 ao=12 (bake budget — Alt+S stills are unaffected)
12:55:07.200 + 1498.5s §CLAIM §STILL_REFINE start samples=8 triplanarMaterials=52 §MAXQ_FRAME_BUDGET taa=8 ao=12 (bake budget — Alt+S stills are unaffected)
12:55:07.200 + 1498.5s §CLAIM §STILL_REFINE start samples=8 triplanarMaterials=52 §MAXQ_FRAME_BUDGET taa=8 ao=12 (bake budget — Alt+S stills are unaffected)
12:55:07.200 + 1498.5s §CLAIM §STILL_REFINE start samples=8 triplanarMaterials=52 §MAXQ_FRAME_BUDGET taa=8 ao=12 (bake budget — Alt+S stills are unaffected)
12:55:07.200 + 1498.5s §CLAIM §STILL_REFINE start samples=8 triplanarMaterials=52 §MAXQ_FRAME_BUDGET taa=8 ao=12 (bake budget — Alt+S stills are unaffected)
12:55:07.200 + 1498.5s §CLAIM §STILL_REFINE start samples=8 triplanarMaterials=52 §MAXQ_FRAME_BUDGET taa=8 ao=12 (bake budget — Alt+S stills are unaffected)
12:55:07.200 + 1498.5s §CLAIM §STILL_REFINE start samples=8 triplanarMaterials=52 §MAXQ_FRAME_BUDGET taa=8 ao=12 (bake budget — Alt+S stills are unaffected)
12:55:07.200 + 1498.5s §CLAIM §STILL_REFINE start samples=8 triplanarMaterials=52 §MAXQ_FRAME_BUDGET taa=8 ao=12 (bake budget — Alt+S stills are unaffected)
12:55:07.200 + 1498.5s §CLAIM §STILL_REFINE start samples=8 triplanarMaterials=52 §MAXQ_FRAME_BUDGET taa=8 ao=12 (bake budget — Alt+S stills are unaffected)
12:55:07.200 + 1498.5s §CLAIM §STILL_REFINE start samples=8 triplanarMaterials=52 §MAXQ_FRAME_BUDGET taa=8 ao=12 (bake budget — Alt+S stills are unaffected)
12:55:07.200 + 1498.5s §CLAIM §STILL_REFINE start samples=8 triplanarMaterials=52 §MAXQ_FRAME_BUDGET taa=8 ao=12 (bake budget — Alt+S stills are unaffected)
12:55:07.200 + 1498.5s §CLAIM §STILL_REFINE start samples=8 triplanarMaterials=52 §MAXQ_FRAME_BUDGET taa=8 ao=12 (bake budget — Alt+S stills are unaffected)
12:55:07.200 + 1498.5s §CLAIM §STILL_REFINE start samples=8 triplanarMaterials=52 §MAXQ_FRAME_BUDGET taa=8 ao=12 (bake budget — Alt+S stills are unaffected)
12:55:07.200 + 1498.5s §CLAIM §STILL_REFINE start samples=8 triplanarMaterials=52 §MAXQ_FRAME_BUDGET taa=8 ao=12 (bake budget — Alt+S stills are unaffected)
12:55:07.200 + 1498.5s §CLAIM §STILL_REFINE start samples=8 triplanarMaterials=52 §MAXQ_FRAME_BUDGET taa=8 ao=12 (bake budget — Alt+S stills are unaffected)
12:55:07.200 + 1498.5s §CLAIM §STILL_REFINE start samples=8 triplanarMaterials=52 §MAXQ_FRAME_BUDGET taa=8 ao=12 (bake budget — Alt+S stills are unaffected)
12:55:07.200 + 1498.5s §CLAIM §STILL_REFINE start samples=8 triplanarMaterials=52 §MAXQ_FRAME_BUDGET taa=8 ao=12 (bake budget — Alt+S stills are unaffected)
12:55:07.200 + 1498.5s §CLAIM §STILL_REFINE start samples=8 triplanarMaterials=52 §MAXQ_FRAME_BUDGET taa=8 ao=12 (bake budget — Alt+S stills are unaffected)
12:55:07.200 + 1498.5s §CLAIM §STILL_REFINE start samples=8 triplanarMaterials=52 §MAXQ_FRAME_BUDGET taa=8 ao=12 (bake budget — Alt+S stills are unaffected)
12:55:07.200 + 1498.5s §CLAIM §STILL_REFINE start samples=8 triplanarMaterials=52 §MAXQ_FRAME_BUDGET taa=8 ao=12 (bake budget — Alt+S stills are unaffected)
12:55:07.200 + 1498.5s §CLAIM §STILL_REFINE start samples=8 triplanarMaterials=52 §MAXQ_FRAME_BUDGET taa=8 ao=12 (bake budget — Alt+S stills are unaffected)
12:55:07.200 + 1498.5s §CLAIM §STILL_REFINE start samples=8 triplanarMaterials=52 §MAXQ_FRAME_BUDGET taa=8 ao=12 (bake budget — Alt+S stills are unaffected)
12:55:07.200 + 1498.5s §CLAIM §STILL_REFINE start samples=8 triplanarMaterials=52 §MAXQ_FRAME_BUDGET taa=8 ao=12 (bake budget — Alt+S stills are unaffected)
12:55:07.200 + 1498.5s §CLAIM §STILL_REFINE start samples=8 triplanarMaterials=52 §MAXQ_FRAME_BUDGET taa=8 ao=12 (bake budget — Alt+S stills are unaffected)
12:55:07.200 + 1498.5s §CLAIM §STILL_REFINE start samples=8 triplanarMaterials=52 §MAXQ_FRAME_BUDGET taa=8 ao=12 (bake budget — Alt+S stills are unaffected)
12:55:07.200 + 1498.5s §CLAIM §STILL_REFINE start samples=8 triplanarMaterials=52 §MAXQ_FRAME_BUDGET taa=8 ao=12 (bake budget — Alt+S stills are unaffected)
12:55:07.200 + 1498.5s §CLAIM §STILL_REFINE start samples=8 triplanarMaterials=52 §MAXQ_FRAME_BUDGET taa=8 ao=12 (bake budget — Alt+S stills are unaffected)
12:55:07.200 + 1498.5s §CLAIM §STILL_REFINE start samples=8 triplanarMaterials=52 §MAXQ_FRAME_BUDGET taa=8 ao=12 (bake budget — Alt+S stills are unaffected)
12:55:07.200 + 1498.5s §CLAIM §STILL_REFINE start samples=8 triplanarMaterials=52 §MAXQ_FRAME_BUDGET taa=8 ao=12 (bake budget — Alt+S stills are unaffected)
12:55:07.200 + 1498.5s §CLAIM §STILL_REFINE start samples=8 triplanarMaterials=52 §MAXQ_FRAME_BUDGET taa=8 ao=12 (bake budget — Alt+S stills are unaffected)
12:55:07.200 + 1498.5s §CLAIM §STILL_REFINE start samples=8 triplanarMaterials=52 §MAXQ_FRAME_BUDGET taa=8 ao=12 (bake budget — Alt+S stills are unaffected)
12:55:07.200 + 1498.5s §CLAIM §STILL_REFINE start samples=8 triplanarMaterials=52 §MAXQ_FRAME_BUDGET taa=8 ao=12 (bake budget — Alt+S stills are unaffected)
12:55:07.200 + 1498.5s §CLAIM §STILL_REFINE start samples=8 triplanarMaterials=52 §MAXQ_FRAME_BUDGET taa=8 ao=12 (bake budget — Alt+S stills are unaffected)
12:55:07.200 + 1498.5s §CLAIM §STILL_REFINE start samples=8 triplanarMaterials=52 §MAXQ_FRAME_BUDGET taa=8 ao=12 (bake budget — Alt+S stills are unaffected)
12:55:07.200 + 1498.5s §CLAIM §STILL_REFINE start samples=8 triplanarMaterials=52 §MAXQ_FRAME_BUDGET taa=8 ao=12 (bake budget — Alt+S stills are unaffected)
12:55:07.200 + 1498.5s §CLAIM §STILL_REFINE start samples=8 triplanarMaterials=52 §MAXQ_FRAME_BUDGET taa=8 ao=12 (bake budget — Alt+S stills are unaffected)
12:55:07.200 + 1498.5s §CLAIM §STILL_REFINE start samples=8 triplanarMaterials=52 §MAXQ_FRAME_BUDGET taa=8 ao=12 (bake budget — Alt+S stills are unaffected)
12:55:07.200 + 1498.5s §CLAIM §STILL_REFINE start samples=8 triplanarMaterials=52 §MAXQ_FRAME_BUDGET taa=8 ao=12 (bake budget — Alt+S stills are unaffected)
12:55:07.200 + 1498.5s §CLAIM §STILL_REFINE start samples=8 triplanarMaterials=52 §MAXQ_FRAME_BUDGET taa=8 ao=12 (bake budget — Alt+S stills are unaffected)
12:55:07.200 + 1498.5s §CLAIM §STILL_REFINE start samples=8 triplanarMaterials=52 §MAXQ_FRAME_BUDGET taa=8 ao=12 (bake budget — Alt+S stills are unaffected)
12:55:07.200 + 1498.5s §CLAIM §STILL_REFINE start samples=8 triplanarMaterials=52 §MAXQ_FRAME_BUDGET taa=8 ao=12 (bake budget — Alt+S stills are unaffected)
12:55:07.200 + 1498.5s §CLAIM §STILL_REFINE start samples=8 triplanarMaterials=52 §MAXQ_FRAME_BUDGET taa=8 ao=12 (bake budget — Alt+S stills are unaffected)
12:55:07.200 + 1498.5s §CLAIM §STILL_REFINE start samples=8 triplanarMaterials=52 §MAXQ_FRAME_BUDGET taa=8 ao=12 (bake budget — Alt+S stills are unaffected)
12:55:07.200 + 1498.5s §CLAIM §STILL_REFINE start samples=8 triplanarMaterials=52 §MAXQ_FRAME_BUDGET taa=8 ao=12 (bake budget — Alt+S stills are unaffected)
12:55:07.200 + 1498.5s §CLAIM §STILL_REFINE start samples=8 triplanarMaterials=52 §MAXQ_FRAME_BUDGET taa=8 ao=12 (bake budget — Alt+S stills are unaffected)
12:55:07.200 + 1498.5s §CLAIM §STILL_REFINE start samples=8 triplanarMaterials=52 §MAXQ_FRAME_BUDGET taa=8 ao=12 (bake budget — Alt+S stills are unaffected)
12:55:07.200 + 1498.5s §CLAIM §STILL_REFINE start samples=8 triplanarMaterials=52 §MAXQ_FRAME_BUDGET taa=8 ao=12 (bake budget — Alt+S stills are unaffected)
12:55:07.200 + 1498.5s §CLAIM §STILL_REFINE start samples=8 triplanarMaterials=52 §MAXQ_FRAME_BUDGET taa=8 ao=12 (bake budget — Alt+S stills are unaffected)
12:55:07.200 + 1498.5s §CLAIM §STILL_REFINE start samples=8 triplanarMaterials=52 §MAXQ_FRAME_BUDGET taa=8 ao=12 (bake budget — Alt+S stills are unaffected)
12:55:07.200 + 1498.5s §CLAIM §STILL_REFINE start samples=8 triplanarMaterials=52 §MAXQ_FRAME_BUDGET taa=8 ao=12 (bake budget — Alt+S stills are unaffected)
12:55:07.200 + 1498.5s §CLAIM §STILL_REFINE start samples=8 triplanarMaterials=52 §MAXQ_FRAME_BUDGET taa=8 ao=12 (bake budget — Alt+S stills are unaffected)
12:55:07.200 + 1498.5s §CLAIM §STILL_REFINE start samples=8 triplanarMaterials=52 §MAXQ_FRAME_BUDGET taa=8 ao=12 (bake budget — Alt+S stills are unaffected)
12:55:07.200 + 1498.5s §CLAIM §STILL_REFINE start samples=8 triplanarMaterials=52 §MAXQ_FRAME_BUDGET taa=8 ao=12 (bake budget — Alt+S stills are unaffected)
12:55:07.200 + 1498.5s §CLAIM §STILL_REFINE start samples=8 triplanarMaterials=52 §MAXQ_FRAME_BUDGET taa=8 ao=12 (bake budget — Alt+S stills are unaffected)
12:55:07.200 + 1498.5s §CLAIM §STILL_REFINE start samples=8 triplanarMaterials=52 §MAXQ_FRAME_BUDGET taa=8 ao=12 (bake budget — Alt+S stills are unaffected)
12:55:07.200 + 1498.5s §CLAIM §STILL_REFINE start samples=8 triplanarMaterials=52 §MAXQ_FRAME_BUDGET taa=8 ao=12 (bake budget — Alt+S stills are unaffected)
12:55:07.200 + 1498.5s §CLAIM §STILL_REFINE start samples=8 triplanarMaterials=52 §MAXQ_FRAME_BUDGET taa=8 ao=12 (bake budget — Alt+S stills are unaffected)
12:55:07.200 + 1498.5s §CLAIM §STILL_REFINE start samples=8 triplanarMaterials=52 §MAXQ_FRAME_BUDGET taa=8 ao=12 (bake budget — Alt+S stills are unaffected)
12:55:07.200 + 1498.5s §CLAIM §STILL_REFINE start samples=8 triplanarMaterials=52 §MAXQ_FRAME_BUDGET taa=8 ao=12 (bake budget — Alt+S stills are unaffected)
12:55:07.200 + 1498.5s §CLAIM §STILL_REFINE start samples=8 triplanarMaterials=52 §MAXQ_FRAME_BUDGET taa=8 ao=12 (bake budget — Alt+S stills are unaffected)
12:55:07.200 + 1498.5s §CLAIM §STILL_REFINE start samples=8 triplanarMaterials=52 §MAXQ_FRAME_BUDGET taa=8 ao=12 (bake budget — Alt+S stills are unaffected)
12:55:07.200 + 1498.5s §CLAIM §STILL_REFINE start samples=8 triplanarMaterials=52 §MAXQ_FRAME_BUDGET taa=8 ao=12 (bake budget — Alt+S stills are unaffected)
12:55:07.200 + 1498.5s §CLAIM §STILL_REFINE start samples=8 triplanarMaterials=52 §MAXQ_FRAME_BUDGET taa=8 ao=12 (bake budget — Alt+S stills are unaffected)
12:55:07.200 + 1498.5s §CLAIM §STILL_REFINE start samples=8 triplanarMaterials=52 §MAXQ_FRAME_BUDGET taa=8 ao=12 (bake budget — Alt+S stills are unaffected)
12:55:07.200 + 1498.5s §CLAIM §STILL_REFINE start samples=8 triplanarMaterials=52 §MAXQ_FRAME_BUDGET taa=8 ao=12 (bake budget — Alt+S stills are unaffected)
12:55:07.200 + 1498.5s §CLAIM §STILL_REFINE start samples=8 triplanarMaterials=52 §MAXQ_FRAME_BUDGET taa=8 ao=12 (bake budget — Alt+S stills are unaffected)
12:55:07.200 + 1498.5s §CLAIM §STILL_REFINE start samples=8 triplanarMaterials=52 §MAXQ_FRAME_BUDGET taa=8 ao=12 (bake budget — Alt+S stills are unaffected)
12:55:07.200 + 1498.5s §CLAIM §STILL_REFINE start samples=8 triplanarMaterials=52 §MAXQ_FRAME_BUDGET taa=8 ao=12 (bake budget — Alt+S stills are unaffected)
12:55:07.200 + 1498.5s §CLAIM §STILL_REFINE start samples=8 triplanarMaterials=52 §MAXQ_FRAME_BUDGET taa=8 ao=12 (bake budget — Alt+S stills are unaffected)
12:55:07.200 + 1498.5s §CLAIM §STILL_REFINE start samples=8 triplanarMaterials=52 §MAXQ_FRAME_BUDGET taa=8 ao=12 (bake budget — Alt+S stills are unaffected)
12:55:07.200 + 1498.5s §CLAIM §STILL_REFINE start samples=8 triplanarMaterials=52 §MAXQ_FRAME_BUDGET taa=8 ao=12 (bake budget — Alt+S stills are unaffected)
12:55:07.200 + 1498.5s §CLAIM §STILL_REFINE start samples=8 triplanarMaterials=52 §MAXQ_FRAME_BUDGET taa=8 ao=12 (bake budget — Alt+S stills are unaffected)
12:55:07.200 + 1498.5s §CLAIM §STILL_REFINE start samples=8 triplanarMaterials=52 §MAXQ_FRAME_BUDGET taa=8 ao=12 (bake budget — Alt+S stills are unaffected)
12:55:07.200 + 1498.5s §CLAIM §STILL_REFINE start samples=8 triplanarMaterials=52 §MAXQ_FRAME_BUDGET taa=8 ao=12 (bake budget — Alt+S stills are unaffected)
12:55:07.200 + 1498.5s §CLAIM §STILL_REFINE start samples=8 triplanarMaterials=52 §MAXQ_FRAME_BUDGET taa=8 ao=12 (bake budget — Alt+S stills are unaffected)
12:55:07.200 + 1498.5s §CLAIM §STILL_REFINE start samples=8 triplanarMaterials=52 §MAXQ_FRAME_BUDGET taa=8 ao=12 (bake budget — Alt+S stills are unaffected)
12:55:07.200 + 1498.5s §CLAIM §STILL_REFINE start samples=8 triplanarMaterials=52 §MAXQ_FRAME_BUDGET taa=8 ao=12 (bake budget — Alt+S stills are unaffected)
12:55:07.200 + 1498.5s §CLAIM §STILL_REFINE start samples=8 triplanarMaterials=52 §MAXQ_FRAME_BUDGET taa=8 ao=12 (bake budget — Alt+S stills are unaffected)
12:55:07.200 + 1498.5s §CLAIM §STILL_REFINE start samples=8 triplanarMaterials=52 §MAXQ_FRAME_BUDGET taa=8 ao=12 (bake budget — Alt+S stills are unaffected)
12:55:07.200 + 1498.5s §CLAIM §STILL_REFINE start samples=8 triplanarMaterials=52 §MAXQ_FRAME_BUDGET taa=8 ao=12 (bake budget — Alt+S stills are unaffected)
12:55:07.200 + 1498.5s §CLAIM §STILL_REFINE start samples=8 triplanarMaterials=52 §MAXQ_FRAME_BUDGET taa=8 ao=12 (bake budget — Alt+S stills are unaffected)
12:55:07.200 + 1498.5s §CLAIM §STILL_REFINE start samples=8 triplanarMaterials=52 §MAXQ_FRAME_BUDGET taa=8 ao=12 (bake budget — Alt+S stills are unaffected)
12:55:07.200 + 1498.5s §CLAIM §STILL_REFINE start samples=8 triplanarMaterials=52 §MAXQ_FRAME_BUDGET taa=8 ao=12 (bake budget — Alt+S stills are unaffected)
12:55:07.200 + 1498.5s §CLAIM §STILL_REFINE start samples=8 triplanarMaterials=52 §MAXQ_FRAME_BUDGET taa=8 ao=12 (bake budget — Alt+S stills are unaffected)
12:55:07.200 + 1498.5s §CLAIM §STILL_REFINE start samples=8 triplanarMaterials=52 §MAXQ_FRAME_BUDGET taa=8 ao=12 (bake budget — Alt+S stills are unaffected)
12:55:07.201 + 1498.5s §CLAIM §STILL_REFINE start samples=8 triplanarMaterials=52 §MAXQ_FRAME_BUDGET taa=8 ao=12 (bake budget — Alt+S stills are unaffected)
12:55:07.201 + 1498.5s §CLAIM §STILL_REFINE start samples=8 triplanarMaterials=52 §MAXQ_FRAME_BUDGET taa=8 ao=12 (bake budget — Alt+S stills are unaffected)
12:55:07.201 + 1498.5s §CLAIM §STILL_REFINE start samples=8 triplanarMaterials=52 §MAXQ_FRAME_BUDGET taa=8 ao=12 (bake budget — Alt+S stills are unaffected)
12:55:07.201 + 1498.5s §CLAIM §STILL_REFINE start samples=8 triplanarMaterials=52 §MAXQ_FRAME_BUDGET taa=8 ao=12 (bake budget — Alt+S stills are unaffected)
12:55:07.201 + 1498.5s §CLAIM §STILL_REFINE start samples=8 triplanarMaterials=52 §MAXQ_FRAME_BUDGET taa=8 ao=12 (bake budget — Alt+S stills are unaffected)
12:55:07.201 + 1498.5s §CLAIM §STILL_REFINE start samples=8 triplanarMaterials=52 §MAXQ_FRAME_BUDGET taa=8 ao=12 (bake budget — Alt+S stills are unaffected)
12:55:07.201 + 1498.5s §CLAIM §STILL_REFINE start samples=8 triplanarMaterials=52 §MAXQ_FRAME_BUDGET taa=8 ao=12 (bake budget — Alt+S stills are unaffected)
12:55:07.201 + 1498.5s §CLAIM §STILL_REFINE start samples=8 triplanarMaterials=52 §MAXQ_FRAME_BUDGET taa=8 ao=12 (bake budget — Alt+S stills are unaffected)
12:55:07.201 + 1498.5s §CLAIM §STILL_REFINE start samples=8 triplanarMaterials=52 §MAXQ_FRAME_BUDGET taa=8 ao=12 (bake budget — Alt+S stills are unaffected)
12:55:07.201 + 1498.5s §CLAIM §STILL_REFINE start samples=8 triplanarMaterials=52 §MAXQ_FRAME_BUDGET taa=8 ao=12 (bake budget — Alt+S stills are unaffected)
12:55:07.201 + 1498.5s §CLAIM §STILL_REFINE start samples=8 triplanarMaterials=52 §MAXQ_FRAME_BUDGET taa=8 ao=12 (bake budget — Alt+S stills are unaffected)
12:55:07.201 + 1498.5s §CLAIM §STILL_REFINE start samples=8 triplanarMaterials=52 §MAXQ_FRAME_BUDGET taa=8 ao=12 (bake budget — Alt+S stills are unaffected)
12:55:07.201 + 1498.5s §CLAIM §STILL_REFINE start samples=8 triplanarMaterials=52 §MAXQ_FRAME_BUDGET taa=8 ao=12 (bake budget — Alt+S stills are unaffected)
12:55:07.201 + 1498.5s §CLAIM §STILL_REFINE start samples=8 triplanarMaterials=52 §MAXQ_FRAME_BUDGET taa=8 ao=12 (bake budget — Alt+S stills are unaffected)
12:55:07.201 + 1498.5s §CLAIM §STILL_REFINE start samples=8 triplanarMaterials=52 §MAXQ_FRAME_BUDGET taa=8 ao=12 (bake budget — Alt+S stills are unaffected)
12:55:07.201 + 1498.5s §CLAIM §STILL_REFINE start samples=8 triplanarMaterials=52 §MAXQ_FRAME_BUDGET taa=8 ao=12 (bake budget — Alt+S stills are unaffected)
12:55:07.201 + 1498.5s §CLAIM §STILL_REFINE start samples=8 triplanarMaterials=52 §MAXQ_FRAME_BUDGET taa=8 ao=12 (bake budget — Alt+S stills are unaffected)
12:55:07.201 + 1498.5s §CLAIM §STILL_REFINE start samples=8 triplanarMaterials=52 §MAXQ_FRAME_BUDGET taa=8 ao=12 (bake budget — Alt+S stills are unaffected)
12:55:07.201 + 1498.5s §CLAIM §STILL_REFINE start samples=8 triplanarMaterials=52 §MAXQ_FRAME_BUDGET taa=8 ao=12 (bake budget — Alt+S stills are unaffected)
12:55:07.201 + 1498.5s §CLAIM §STILL_REFINE start samples=8 triplanarMaterials=52 §MAXQ_FRAME_BUDGET taa=8 ao=12 (bake budget — Alt+S stills are unaffected)
12:55:07.201 + 1498.5s §CLAIM §STILL_REFINE start samples=8 triplanarMaterials=52 §MAXQ_FRAME_BUDGET taa=8 ao=12 (bake budget — Alt+S stills are unaffected)
12:55:07.201 + 1498.5s §CLAIM §STILL_REFINE start samples=8 triplanarMaterials=52 §MAXQ_FRAME_BUDGET taa=8 ao=12 (bake budget — Alt+S stills are unaffected)
12:55:07.201 + 1498.5s §CLAIM §STILL_REFINE start samples=8 triplanarMaterials=52 §MAXQ_FRAME_BUDGET taa=8 ao=12 (bake budget — Alt+S stills are unaffected)
12:55:07.201 + 1498.5s §CLAIM §STILL_REFINE start samples=8 triplanarMaterials=52 §MAXQ_FRAME_BUDGET taa=8 ao=12 (bake budget — Alt+S stills are unaffected)
12:55:07.201 + 1498.5s §CLAIM §STILL_REFINE start samples=8 triplanarMaterials=52 §MAXQ_FRAME_BUDGET taa=8 ao=12 (bake budget — Alt+S stills are unaffected)
12:55:07.201 + 1498.5s §CLAIM §STILL_REFINE start samples=8 triplanarMaterials=52 §MAXQ_FRAME_BUDGET taa=8 ao=12 (bake budget — Alt+S stills are unaffected)
12:55:07.201 + 1498.5s §CLAIM §STILL_REFINE start samples=8 triplanarMaterials=52 §MAXQ_FRAME_BUDGET taa=8 ao=12 (bake budget — Alt+S stills are unaffected)
12:55:07.201 + 1498.5s §CLAIM §STILL_REFINE start samples=8 triplanarMaterials=52 §MAXQ_FRAME_BUDGET taa=8 ao=12 (bake budget — Alt+S stills are unaffected)
12:55:07.201 + 1498.5s §CLAIM §STILL_REFINE start samples=8 triplanarMaterials=52 §MAXQ_FRAME_BUDGET taa=8 ao=12 (bake budget — Alt+S stills are unaffected)
12:55:07.201 + 1498.5s §CLAIM §STILL_REFINE start samples=8 triplanarMaterials=52 §MAXQ_FRAME_BUDGET taa=8 ao=12 (bake budget — Alt+S stills are unaffected)
12:55:07.201 + 1498.5s §CLAIM §STILL_REFINE start samples=8 triplanarMaterials=52 §MAXQ_FRAME_BUDGET taa=8 ao=12 (bake budget — Alt+S stills are unaffected)
12:55:07.201 + 1498.5s §CLAIM §STILL_REFINE start samples=8 triplanarMaterials=52 §MAXQ_FRAME_BUDGET taa=8 ao=12 (bake budget — Alt+S stills are unaffected)
12:55:07.201 + 1498.5s §CLAIM §STILL_REFINE start samples=8 triplanarMaterials=52 §MAXQ_FRAME_BUDGET taa=8 ao=12 (bake budget — Alt+S stills are unaffected)
12:55:07.201 + 1498.5s §CLAIM §STILL_REFINE start samples=8 triplanarMaterials=52 §MAXQ_FRAME_BUDGET taa=8 ao=12 (bake budget — Alt+S stills are unaffected)
12:55:07.201 + 1498.5s §CLAIM §STILL_REFINE start samples=8 triplanarMaterials=52 §MAXQ_FRAME_BUDGET taa=8 ao=12 (bake budget — Alt+S stills are unaffected)
12:55:07.201 + 1498.5s §CLAIM §STILL_REFINE start samples=8 triplanarMaterials=52 §MAXQ_FRAME_BUDGET taa=8 ao=12 (bake budget — Alt+S stills are unaffected)
12:55:07.201 + 1498.5s §CLAIM §STILL_REFINE start samples=8 triplanarMaterials=52 §MAXQ_FRAME_BUDGET taa=8 ao=12 (bake budget — Alt+S stills are unaffected)
12:55:07.201 + 1498.5s §CLAIM §STILL_REFINE start samples=8 triplanarMaterials=52 §MAXQ_FRAME_BUDGET taa=8 ao=12 (bake budget — Alt+S stills are unaffected)
12:55:07.201 + 1498.5s §CLAIM §STILL_REFINE start samples=8 triplanarMaterials=52 §MAXQ_FRAME_BUDGET taa=8 ao=12 (bake budget — Alt+S stills are unaffected)
12:55:07.201 + 1498.5s §CLAIM §STILL_REFINE start samples=8 triplanarMaterials=52 §MAXQ_FRAME_BUDGET taa=8 ao=12 (bake budget — Alt+S stills are unaffected)
12:55:07.201 + 1498.5s §CLAIM §STILL_REFINE start samples=8 triplanarMaterials=52 §MAXQ_FRAME_BUDGET taa=8 ao=12 (bake budget — Alt+S stills are unaffected)
12:55:07.201 + 1498.5s §CLAIM §STILL_REFINE start samples=8 triplanarMaterials=52 §MAXQ_FRAME_BUDGET taa=8 ao=12 (bake budget — Alt+S stills are unaffected)
12:55:07.201 + 1498.5s §CLAIM §STILL_REFINE start samples=8 triplanarMaterials=52 §MAXQ_FRAME_BUDGET taa=8 ao=12 (bake budget — Alt+S stills are unaffected)
12:55:07.201 + 1498.5s §CLAIM §STILL_REFINE start samples=8 triplanarMaterials=52 §MAXQ_FRAME_BUDGET taa=8 ao=12 (bake budget — Alt+S stills are unaffected)
12:55:07.201 + 1498.5s §CLAIM §STILL_REFINE start samples=8 triplanarMaterials=52 §MAXQ_FRAME_BUDGET taa=8 ao=12 (bake budget — Alt+S stills are unaffected)
12:55:07.201 + 1498.5s §CLAIM §STILL_REFINE start samples=8 triplanarMaterials=52 §MAXQ_FRAME_BUDGET taa=8 ao=12 (bake budget — Alt+S stills are unaffected)
12:55:07.201 + 1498.5s §CLAIM §STILL_REFINE start samples=8 triplanarMaterials=52 §MAXQ_FRAME_BUDGET taa=8 ao=12 (bake budget — Alt+S stills are unaffected)
12:55:07.201 + 1498.5s §CLAIM §STILL_REFINE start samples=8 triplanarMaterials=52 §MAXQ_FRAME_BUDGET taa=8 ao=12 (bake budget — Alt+S stills are unaffected)
12:55:07.201 + 1498.5s §CLAIM §STILL_REFINE start samples=8 triplanarMaterials=52 §MAXQ_FRAME_BUDGET taa=8 ao=12 (bake budget — Alt+S stills are unaffected)
12:55:07.201 + 1498.5s §CLAIM §STILL_REFINE start samples=8 triplanarMaterials=52 §MAXQ_FRAME_BUDGET taa=8 ao=12 (bake budget — Alt+S stills are unaffected)
12:55:07.201 + 1498.5s §CLAIM §STILL_REFINE start samples=8 triplanarMaterials=52 §MAXQ_FRAME_BUDGET taa=8 ao=12 (bake budget — Alt+S stills are unaffected)
12:55:07.201 + 1498.5s §CLAIM §STILL_REFINE start samples=8 triplanarMaterials=52 §MAXQ_FRAME_BUDGET taa=8 ao=12 (bake budget — Alt+S stills are unaffected)
12:55:07.201 + 1498.5s §CLAIM §STILL_REFINE start samples=8 triplanarMaterials=52 §MAXQ_FRAME_BUDGET taa=8 ao=12 (bake budget — Alt+S stills are unaffected)
12:55:07.201 + 1498.5s §CLAIM §STILL_REFINE start samples=8 triplanarMaterials=52 §MAXQ_FRAME_BUDGET taa=8 ao=12 (bake budget — Alt+S stills are unaffected)
12:55:07.201 + 1498.5s §CLAIM §STILL_REFINE start samples=8 triplanarMaterials=52 §MAXQ_FRAME_BUDGET taa=8 ao=12 (bake budget — Alt+S stills are unaffected)
12:55:07.201 + 1498.5s §CLAIM §STILL_REFINE start samples=8 triplanarMaterials=52 §MAXQ_FRAME_BUDGET taa=8 ao=12 (bake budget — Alt+S stills are unaffected)
12:55:07.201 + 1498.5s §CLAIM §STILL_REFINE start samples=8 triplanarMaterials=52 §MAXQ_FRAME_BUDGET taa=8 ao=12 (bake budget — Alt+S stills are unaffected)
12:55:07.201 + 1498.5s §CLAIM §STILL_REFINE start samples=8 triplanarMaterials=52 §MAXQ_FRAME_BUDGET taa=8 ao=12 (bake budget — Alt+S stills are unaffected)
12:55:07.201 + 1498.5s §CLAIM §STILL_REFINE start samples=8 triplanarMaterials=52 §MAXQ_FRAME_BUDGET taa=8 ao=12 (bake budget — Alt+S stills are unaffected)
12:55:07.201 + 1498.5s §CLAIM §STILL_REFINE start samples=8 triplanarMaterials=52 §MAXQ_FRAME_BUDGET taa=8 ao=12 (bake budget — Alt+S stills are unaffected)
12:55:07.201 + 1498.5s §CLAIM §STILL_REFINE start samples=8 triplanarMaterials=52 §MAXQ_FRAME_BUDGET taa=8 ao=12 (bake budget — Alt+S stills are unaffected)
12:55:07.201 + 1498.5s §CLAIM §STILL_REFINE start samples=8 triplanarMaterials=52 §MAXQ_FRAME_BUDGET taa=8 ao=12 (bake budget — Alt+S stills are unaffected)
12:55:07.201 + 1498.5s §CLAIM §STILL_REFINE start samples=8 triplanarMaterials=52 §MAXQ_FRAME_BUDGET taa=8 ao=12 (bake budget — Alt+S stills are unaffected)
12:55:07.201 + 1498.5s §CLAIM §STILL_REFINE start samples=8 triplanarMaterials=52 §MAXQ_FRAME_BUDGET taa=8 ao=12 (bake budget — Alt+S stills are unaffected)
12:55:07.201 + 1498.5s §CLAIM §STILL_REFINE start samples=8 triplanarMaterials=52 §MAXQ_FRAME_BUDGET taa=8 ao=12 (bake budget — Alt+S stills are unaffected)
12:55:07.201 + 1498.5s §CLAIM §STILL_REFINE start samples=8 triplanarMaterials=52 §MAXQ_FRAME_BUDGET taa=8 ao=12 (bake budget — Alt+S stills are unaffected)
12:55:07.201 + 1498.5s §CLAIM §STILL_REFINE start samples=8 triplanarMaterials=52 §MAXQ_FRAME_BUDGET taa=8 ao=12 (bake budget — Alt+S stills are unaffected)
12:55:07.201 + 1498.5s §CLAIM §STILL_REFINE start samples=8 triplanarMaterials=52 §MAXQ_FRAME_BUDGET taa=8 ao=12 (bake budget — Alt+S stills are unaffected)
12:55:07.201 + 1498.5s §CLAIM §STILL_REFINE start samples=8 triplanarMaterials=52 §MAXQ_FRAME_BUDGET taa=8 ao=12 (bake budget — Alt+S stills are unaffected)
12:55:07.201 + 1498.5s §CLAIM §STILL_REFINE start samples=8 triplanarMaterials=52 §MAXQ_FRAME_BUDGET taa=8 ao=12 (bake budget — Alt+S stills are unaffected)
12:55:07.201 + 1498.5s §CLAIM §STILL_REFINE start samples=8 triplanarMaterials=52 §MAXQ_FRAME_BUDGET taa=8 ao=12 (bake budget — Alt+S stills are unaffected)
12:55:07.201 + 1498.5s §CLAIM §STILL_REFINE start samples=8 triplanarMaterials=52 §MAXQ_FRAME_BUDGET taa=8 ao=12 (bake budget — Alt+S stills are unaffected)
12:55:07.201 + 1498.5s §CLAIM §STILL_REFINE start samples=8 triplanarMaterials=52 §MAXQ_FRAME_BUDGET taa=8 ao=12 (bake budget — Alt+S stills are unaffected)
12:55:07.201 + 1498.5s §CLAIM §STILL_REFINE start samples=8 triplanarMaterials=52 §MAXQ_FRAME_BUDGET taa=8 ao=12 (bake budget — Alt+S stills are unaffected)
12:55:07.201 + 1498.5s §CLAIM §STILL_REFINE start samples=8 triplanarMaterials=52 §MAXQ_FRAME_BUDGET taa=8 ao=12 (bake budget — Alt+S stills are unaffected)
12:55:07.201 + 1498.5s §CLAIM §STILL_REFINE start samples=8 triplanarMaterials=52 §MAXQ_FRAME_BUDGET taa=8 ao=12 (bake budget — Alt+S stills are unaffected)
12:55:07.201 + 1498.5s §CLAIM §STILL_REFINE start samples=8 triplanarMaterials=52 §MAXQ_FRAME_BUDGET taa=8 ao=12 (bake budget — Alt+S stills are unaffected)
12:55:07.201 + 1498.5s §CLAIM §STILL_REFINE start samples=8 triplanarMaterials=52 §MAXQ_FRAME_BUDGET taa=8 ao=12 (bake budget — Alt+S stills are unaffected)
12:55:07.201 + 1498.5s §CLAIM §STILL_REFINE start samples=8 triplanarMaterials=52 §MAXQ_FRAME_BUDGET taa=8 ao=12 (bake budget — Alt+S stills are unaffected)
12:55:07.201 + 1498.5s §CLAIM §STILL_REFINE start samples=8 triplanarMaterials=52 §MAXQ_FRAME_BUDGET taa=8 ao=12 (bake budget — Alt+S stills are unaffected)
12:55:07.201 + 1498.5s §CLAIM §STILL_REFINE start samples=8 triplanarMaterials=52 §MAXQ_FRAME_BUDGET taa=8 ao=12 (bake budget — Alt+S stills are unaffected)
12:55:07.201 + 1498.5s §CLAIM §STILL_REFINE start samples=8 triplanarMaterials=52 §MAXQ_FRAME_BUDGET taa=8 ao=12 (bake budget — Alt+S stills are unaffected)
12:55:07.201 + 1498.5s §CLAIM §STILL_REFINE start samples=8 triplanarMaterials=52 §MAXQ_FRAME_BUDGET taa=8 ao=12 (bake budget — Alt+S stills are unaffected)
12:55:07.201 + 1498.5s §CLAIM §STILL_REFINE start samples=8 triplanarMaterials=52 §MAXQ_FRAME_BUDGET taa=8 ao=12 (bake budget — Alt+S stills are unaffected)
12:55:07.201 + 1498.5s §CLAIM §STILL_REFINE start samples=8 triplanarMaterials=52 §MAXQ_FRAME_BUDGET taa=8 ao=12 (bake budget — Alt+S stills are unaffected)
12:55:07.201 + 1498.5s §CLAIM §STILL_REFINE start samples=8 triplanarMaterials=52 §MAXQ_FRAME_BUDGET taa=8 ao=12 (bake budget — Alt+S stills are unaffected)
12:55:07.201 + 1498.5s §CLAIM §STILL_REFINE start samples=8 triplanarMaterials=52 §MAXQ_FRAME_BUDGET taa=8 ao=12 (bake budget — Alt+S stills are unaffected)
12:55:07.201 + 1498.5s §CLAIM §STILL_REFINE start samples=8 triplanarMaterials=52 §MAXQ_FRAME_BUDGET taa=8 ao=12 (bake budget — Alt+S stills are unaffected)
12:55:07.201 + 1498.5s §CLAIM §STILL_REFINE start samples=8 triplanarMaterials=52 §MAXQ_FRAME_BUDGET taa=8 ao=12 (bake budget — Alt+S stills are unaffected)
12:55:07.201 + 1498.5s §CLAIM §STILL_REFINE start samples=8 triplanarMaterials=52 §MAXQ_FRAME_BUDGET taa=8 ao=12 (bake budget — Alt+S stills are unaffected)
12:55:07.201 + 1498.5s §CLAIM §STILL_REFINE start samples=8 triplanarMaterials=52 §MAXQ_FRAME_BUDGET taa=8 ao=12 (bake budget — Alt+S stills are unaffected)
12:55:07.201 + 1498.5s §CLAIM §STILL_REFINE start samples=8 triplanarMaterials=52 §MAXQ_FRAME_BUDGET taa=8 ao=12 (bake budget — Alt+S stills are unaffected)
12:55:07.201 + 1498.5s §CLAIM §STILL_REFINE start samples=8 triplanarMaterials=52 §MAXQ_FRAME_BUDGET taa=8 ao=12 (bake budget — Alt+S stills are unaffected)
12:55:07.201 + 1498.5s §CLAIM §STILL_REFINE start samples=8 triplanarMaterials=52 §MAXQ_FRAME_BUDGET taa=8 ao=12 (bake budget — Alt+S stills are unaffected)
12:55:07.201 + 1498.5s §CLAIM §STILL_REFINE start samples=8 triplanarMaterials=52 §MAXQ_FRAME_BUDGET taa=8 ao=12 (bake budget — Alt+S stills are unaffected)
12:55:07.201 + 1498.5s §CLAIM §STILL_REFINE start samples=8 triplanarMaterials=52 §MAXQ_FRAME_BUDGET taa=8 ao=12 (bake budget — Alt+S stills are unaffected)
12:55:07.201 + 1498.5s §CLAIM §STILL_REFINE start samples=8 triplanarMaterials=52 §MAXQ_FRAME_BUDGET taa=8 ao=12 (bake budget — Alt+S stills are unaffected)
12:55:07.201 + 1498.5s §CLAIM §STILL_REFINE start samples=8 triplanarMaterials=52 §MAXQ_FRAME_BUDGET taa=8 ao=12 (bake budget — Alt+S stills are unaffected)
12:55:07.201 + 1498.5s §CLAIM §STILL_REFINE start samples=8 triplanarMaterials=52 §MAXQ_FRAME_BUDGET taa=8 ao=12 (bake budget — Alt+S stills are unaffected)
12:55:07.201 + 1498.5s §CLAIM §STILL_REFINE start samples=8 triplanarMaterials=52 §MAXQ_FRAME_BUDGET taa=8 ao=12 (bake budget — Alt+S stills are unaffected)
12:55:07.201 + 1498.5s §CLAIM §STILL_REFINE start samples=8 triplanarMaterials=52 §MAXQ_FRAME_BUDGET taa=8 ao=12 (bake budget — Alt+S stills are unaffected)
12:55:07.201 + 1498.5s §CLAIM §STILL_REFINE start samples=8 triplanarMaterials=52 §MAXQ_FRAME_BUDGET taa=8 ao=12 (bake budget — Alt+S stills are unaffected)
12:55:07.201 + 1498.5s §CLAIM §STILL_REFINE start samples=8 triplanarMaterials=52 §MAXQ_FRAME_BUDGET taa=8 ao=12 (bake budget — Alt+S stills are unaffected)
12:55:07.201 + 1498.5s §CLAIM §STILL_REFINE start samples=8 triplanarMaterials=52 §MAXQ_FRAME_BUDGET taa=8 ao=12 (bake budget — Alt+S stills are unaffected)
12:55:07.201 + 1498.5s §CLAIM §STILL_REFINE start samples=8 triplanarMaterials=52 §MAXQ_FRAME_BUDGET taa=8 ao=12 (bake budget — Alt+S stills are unaffected)
12:55:07.201 + 1498.5s §CLAIM §STILL_REFINE start samples=8 triplanarMaterials=52 §MAXQ_FRAME_BUDGET taa=8 ao=12 (bake budget — Alt+S stills are unaffected)
12:55:07.201 + 1498.5s §CLAIM §STILL_REFINE start samples=8 triplanarMaterials=52 §MAXQ_FRAME_BUDGET taa=8 ao=12 (bake budget — Alt+S stills are unaffected)
12:55:07.201 + 1498.5s §CLAIM §STILL_REFINE start samples=8 triplanarMaterials=52 §MAXQ_FRAME_BUDGET taa=8 ao=12 (bake budget — Alt+S stills are unaffected)
12:55:07.201 + 1498.5s §CLAIM §STILL_REFINE start samples=8 triplanarMaterials=52 §MAXQ_FRAME_BUDGET taa=8 ao=12 (bake budget — Alt+S stills are unaffected)
12:55:07.201 + 1498.5s §CLAIM §STILL_REFINE start samples=8 triplanarMaterials=52 §MAXQ_FRAME_BUDGET taa=8 ao=12 (bake budget — Alt+S stills are unaffected)
12:55:07.201 + 1498.5s §CLAIM §STILL_REFINE start samples=8 triplanarMaterials=52 §MAXQ_FRAME_BUDGET taa=8 ao=12 (bake budget — Alt+S stills are unaffected)
12:55:07.201 + 1498.5s §CLAIM §STILL_REFINE start samples=8 triplanarMaterials=52 §MAXQ_FRAME_BUDGET taa=8 ao=12 (bake budget — Alt+S stills are unaffected)
12:55:07.201 + 1498.5s §CLAIM §STILL_REFINE start samples=8 triplanarMaterials=52 §MAXQ_FRAME_BUDGET taa=8 ao=12 (bake budget — Alt+S stills are unaffected)
12:55:07.201 + 1498.5s §CLAIM §STILL_REFINE start samples=8 triplanarMaterials=52 §MAXQ_FRAME_BUDGET taa=8 ao=12 (bake budget — Alt+S stills are unaffected)
12:55:07.201 + 1498.5s §CLAIM §STILL_REFINE start samples=8 triplanarMaterials=52 §MAXQ_FRAME_BUDGET taa=8 ao=12 (bake budget — Alt+S stills are unaffected)
12:55:07.201 + 1498.5s §CLAIM §STILL_REFINE start samples=8 triplanarMaterials=52 §MAXQ_FRAME_BUDGET taa=8 ao=12 (bake budget — Alt+S stills are unaffected)
12:55:07.201 + 1498.5s §CLAIM §STILL_REFINE start samples=8 triplanarMaterials=52 §MAXQ_FRAME_BUDGET taa=8 ao=12 (bake budget — Alt+S stills are unaffected)
12:55:07.201 + 1498.5s §CLAIM §STILL_REFINE start samples=8 triplanarMaterials=52 §MAXQ_FRAME_BUDGET taa=8 ao=12 (bake budget — Alt+S stills are unaffected)
12:55:07.201 + 1498.5s §CLAIM §STILL_REFINE start samples=8 triplanarMaterials=52 §MAXQ_FRAME_BUDGET taa=8 ao=12 (bake budget — Alt+S stills are unaffected)
12:55:07.201 + 1498.5s §CLAIM §STILL_REFINE start samples=8 triplanarMaterials=52 §MAXQ_FRAME_BUDGET taa=8 ao=12 (bake budget — Alt+S stills are unaffected)
12:55:07.201 + 1498.5s §CLAIM §STILL_REFINE start samples=8 triplanarMaterials=52 §MAXQ_FRAME_BUDGET taa=8 ao=12 (bake budget — Alt+S stills are unaffected)
12:55:07.201 + 1498.5s §CLAIM §STILL_REFINE start samples=8 triplanarMaterials=52 §MAXQ_FRAME_BUDGET taa=8 ao=12 (bake budget — Alt+S stills are unaffected)
12:55:07.201 + 1498.5s §CLAIM §STILL_REFINE start samples=8 triplanarMaterials=52 §MAXQ_FRAME_BUDGET taa=8 ao=12 (bake budget — Alt+S stills are unaffected)
12:55:07.201 + 1498.5s §CLAIM §STILL_REFINE start samples=8 triplanarMaterials=52 §MAXQ_FRAME_BUDGET taa=8 ao=12 (bake budget — Alt+S stills are unaffected)
12:55:07.201 + 1498.5s §CLAIM §STILL_REFINE start samples=8 triplanarMaterials=52 §MAXQ_FRAME_BUDGET taa=8 ao=12 (bake budget — Alt+S stills are unaffected)
12:55:07.201 + 1498.5s §CLAIM §STILL_REFINE start samples=8 triplanarMaterials=52 §MAXQ_FRAME_BUDGET taa=8 ao=12 (bake budget — Alt+S stills are unaffected)
12:55:07.201 + 1498.5s §CLAIM §STILL_REFINE start samples=8 triplanarMaterials=52 §MAXQ_FRAME_BUDGET taa=8 ao=12 (bake budget — Alt+S stills are unaffected)
12:55:07.201 + 1498.5s §CLAIM §STILL_REFINE start samples=8 triplanarMaterials=52 §MAXQ_FRAME_BUDGET taa=8 ao=12 (bake budget — Alt+S stills are unaffected)
12:55:07.201 + 1498.5s §CLAIM §STILL_REFINE start samples=8 triplanarMaterials=52 §MAXQ_FRAME_BUDGET taa=8 ao=12 (bake budget — Alt+S stills are unaffected)
12:55:07.201 + 1498.5s §CLAIM §STILL_REFINE start samples=8 triplanarMaterials=52 §MAXQ_FRAME_BUDGET taa=8 ao=12 (bake budget — Alt+S stills are unaffected)
12:55:07.201 + 1498.5s §CLAIM §STILL_REFINE start samples=8 triplanarMaterials=52 §MAXQ_FRAME_BUDGET taa=8 ao=12 (bake budget — Alt+S stills are unaffected)
12:55:07.201 + 1498.5s §CLAIM §STILL_REFINE start samples=8 triplanarMaterials=52 §MAXQ_FRAME_BUDGET taa=8 ao=12 (bake budget — Alt+S stills are unaffected)
12:55:07.201 + 1498.5s §CLAIM §STILL_REFINE start samples=8 triplanarMaterials=52 §MAXQ_FRAME_BUDGET taa=8 ao=12 (bake budget — Alt+S stills are unaffected)
12:55:07.201 + 1498.5s §CLAIM §STILL_REFINE start samples=8 triplanarMaterials=52 §MAXQ_FRAME_BUDGET taa=8 ao=12 (bake budget — Alt+S stills are unaffected)
12:55:07.201 + 1498.5s §CLAIM §STILL_REFINE start samples=8 triplanarMaterials=52 §MAXQ_FRAME_BUDGET taa=8 ao=12 (bake budget — Alt+S stills are unaffected)
12:55:07.201 + 1498.5s §CLAIM §STILL_REFINE start samples=8 triplanarMaterials=52 §MAXQ_FRAME_BUDGET taa=8 ao=12 (bake budget — Alt+S stills are unaffected)
12:55:07.201 + 1498.5s §CLAIM §STILL_REFINE start samples=8 triplanarMaterials=52 §MAXQ_FRAME_BUDGET taa=8 ao=12 (bake budget — Alt+S stills are unaffected)
12:55:07.201 + 1498.5s §CLAIM §STILL_REFINE start samples=8 triplanarMaterials=52 §MAXQ_FRAME_BUDGET taa=8 ao=12 (bake budget — Alt+S stills are unaffected)
12:55:07.201 + 1498.5s §CLAIM §STILL_REFINE start samples=8 triplanarMaterials=52 §MAXQ_FRAME_BUDGET taa=8 ao=12 (bake budget — Alt+S stills are unaffected)
12:55:07.201 + 1498.5s §CLAIM §STILL_REFINE start samples=8 triplanarMaterials=52 §MAXQ_FRAME_BUDGET taa=8 ao=12 (bake budget — Alt+S stills are unaffected)
12:55:07.202 + 1498.5s §CLAIM §STILL_REFINE start samples=8 triplanarMaterials=52 §MAXQ_FRAME_BUDGET taa=8 ao=12 (bake budget — Alt+S stills are unaffected)
12:55:07.202 + 1498.5s §CLAIM §STILL_REFINE start samples=8 triplanarMaterials=52 §MAXQ_FRAME_BUDGET taa=8 ao=12 (bake budget — Alt+S stills are unaffected)
12:55:07.202 + 1498.5s §CLAIM §STILL_REFINE start samples=8 triplanarMaterials=52 §MAXQ_FRAME_BUDGET taa=8 ao=12 (bake budget — Alt+S stills are unaffected)
12:55:07.202 + 1498.5s §CLAIM §STILL_REFINE start samples=8 triplanarMaterials=52 §MAXQ_FRAME_BUDGET taa=8 ao=12 (bake budget — Alt+S stills are unaffected)
12:55:07.202 + 1498.5s §CLAIM §STILL_REFINE start samples=8 triplanarMaterials=52 §MAXQ_FRAME_BUDGET taa=8 ao=12 (bake budget — Alt+S stills are unaffected)
12:55:07.202 + 1498.5s §CLAIM §STILL_REFINE start samples=8 triplanarMaterials=52 §MAXQ_FRAME_BUDGET taa=8 ao=12 (bake budget — Alt+S stills are unaffected)
12:55:07.202 + 1498.5s §CLAIM §STILL_REFINE start samples=8 triplanarMaterials=52 §MAXQ_FRAME_BUDGET taa=8 ao=12 (bake budget — Alt+S stills are unaffected)
12:55:07.202 + 1498.5s §CLAIM §STILL_REFINE start samples=8 triplanarMaterials=52 §MAXQ_FRAME_BUDGET taa=8 ao=12 (bake budget — Alt+S stills are unaffected)
12:55:07.202 + 1498.5s §CLAIM §STILL_REFINE start samples=8 triplanarMaterials=52 §MAXQ_FRAME_BUDGET taa=8 ao=12 (bake budget — Alt+S stills are unaffected)
12:55:07.202 + 1498.5s §CLAIM §STILL_REFINE start samples=8 triplanarMaterials=52 §MAXQ_FRAME_BUDGET taa=8 ao=12 (bake budget — Alt+S stills are unaffected)
12:55:07.202 + 1498.5s §CLAIM §STILL_REFINE start samples=8 triplanarMaterials=52 §MAXQ_FRAME_BUDGET taa=8 ao=12 (bake budget — Alt+S stills are unaffected)
12:55:07.202 + 1498.5s §CLAIM §STILL_REFINE start samples=8 triplanarMaterials=52 §MAXQ_FRAME_BUDGET taa=8 ao=12 (bake budget — Alt+S stills are unaffected)
12:55:07.202 + 1498.5s §CLAIM §STILL_REFINE start samples=8 triplanarMaterials=52 §MAXQ_FRAME_BUDGET taa=8 ao=12 (bake budget — Alt+S stills are unaffected)
12:55:07.202 + 1498.5s §CLAIM §STILL_REFINE start samples=8 triplanarMaterials=52 §MAXQ_FRAME_BUDGET taa=8 ao=12 (bake budget — Alt+S stills are unaffected)
12:55:07.202 + 1498.5s §CLAIM §STILL_REFINE start samples=8 triplanarMaterials=52 §MAXQ_FRAME_BUDGET taa=8 ao=12 (bake budget — Alt+S stills are unaffected)
12:55:07.202 + 1498.5s §CLAIM §STILL_REFINE start samples=8 triplanarMaterials=52 §MAXQ_FRAME_BUDGET taa=8 ao=12 (bake budget — Alt+S stills are unaffected)
12:55:07.202 + 1498.5s §CLAIM §STILL_REFINE start samples=8 triplanarMaterials=52 §MAXQ_FRAME_BUDGET taa=8 ao=12 (bake budget — Alt+S stills are unaffected)
12:55:07.202 + 1498.5s §CLAIM §STILL_REFINE start samples=8 triplanarMaterials=52 §MAXQ_FRAME_BUDGET taa=8 ao=12 (bake budget — Alt+S stills are unaffected)
12:55:07.202 + 1498.5s §CLAIM §STILL_REFINE start samples=8 triplanarMaterials=52 §MAXQ_FRAME_BUDGET taa=8 ao=12 (bake budget — Alt+S stills are unaffected)
12:55:07.202 + 1498.5s §CLAIM §STILL_REFINE start samples=8 triplanarMaterials=52 §MAXQ_FRAME_BUDGET taa=8 ao=12 (bake budget — Alt+S stills are unaffected)
12:55:07.202 + 1498.5s §CLAIM §STILL_REFINE start samples=8 triplanarMaterials=52 §MAXQ_FRAME_BUDGET taa=8 ao=12 (bake budget — Alt+S stills are unaffected)
12:55:07.202 + 1498.5s §CLAIM §STILL_REFINE start samples=8 triplanarMaterials=52 §MAXQ_FRAME_BUDGET taa=8 ao=12 (bake budget — Alt+S stills are unaffected)
12:55:07.202 + 1498.5s §CLAIM §STILL_REFINE start samples=8 triplanarMaterials=52 §MAXQ_FRAME_BUDGET taa=8 ao=12 (bake budget — Alt+S stills are unaffected)
12:55:07.202 + 1498.5s §CLAIM §STILL_REFINE start samples=8 triplanarMaterials=52 §MAXQ_FRAME_BUDGET taa=8 ao=12 (bake budget — Alt+S stills are unaffected)
12:55:07.202 + 1498.5s §CLAIM §STILL_REFINE start samples=8 triplanarMaterials=52 §MAXQ_FRAME_BUDGET taa=8 ao=12 (bake budget — Alt+S stills are unaffected)
12:55:07.202 + 1498.5s §CLAIM §STILL_REFINE start samples=8 triplanarMaterials=52 §MAXQ_FRAME_BUDGET taa=8 ao=12 (bake budget — Alt+S stills are unaffected)
12:55:07.202 + 1498.5s §CLAIM §STILL_REFINE start samples=8 triplanarMaterials=52 §MAXQ_FRAME_BUDGET taa=8 ao=12 (bake budget — Alt+S stills are unaffected)
12:55:07.202 + 1498.5s §CLAIM §STILL_REFINE start samples=8 triplanarMaterials=52 §MAXQ_FRAME_BUDGET taa=8 ao=12 (bake budget — Alt+S stills are unaffected)
12:55:07.202 + 1498.5s §CLAIM §STILL_REFINE start samples=8 triplanarMaterials=52 §MAXQ_FRAME_BUDGET taa=8 ao=12 (bake budget — Alt+S stills are unaffected)
12:55:07.202 + 1498.5s §CLAIM §STILL_REFINE start samples=8 triplanarMaterials=52 §MAXQ_FRAME_BUDGET taa=8 ao=12 (bake budget — Alt+S stills are unaffected)
12:55:07.202 + 1498.5s §CLAIM §STILL_REFINE start samples=8 triplanarMaterials=52 §MAXQ_FRAME_BUDGET taa=8 ao=12 (bake budget — Alt+S stills are unaffected)
12:55:07.202 + 1498.5s §CLAIM §STILL_REFINE start samples=8 triplanarMaterials=52 §MAXQ_FRAME_BUDGET taa=8 ao=12 (bake budget — Alt+S stills are unaffected)
12:55:07.202 + 1498.5s §CLAIM §STILL_REFINE start samples=8 triplanarMaterials=52 §MAXQ_FRAME_BUDGET taa=8 ao=12 (bake budget — Alt+S stills are unaffected)
12:55:07.202 + 1498.5s §CLAIM §STILL_REFINE start samples=8 triplanarMaterials=52 §MAXQ_FRAME_BUDGET taa=8 ao=12 (bake budget — Alt+S stills are unaffected)
12:55:07.202 + 1498.5s §CLAIM §STILL_REFINE start samples=8 triplanarMaterials=52 §MAXQ_FRAME_BUDGET taa=8 ao=12 (bake budget — Alt+S stills are unaffected)
12:55:07.202 + 1498.5s §CLAIM §STILL_REFINE start samples=8 triplanarMaterials=52 §MAXQ_FRAME_BUDGET taa=8 ao=12 (bake budget — Alt+S stills are unaffected)
12:55:07.202 + 1498.5s §CLAIM §STILL_REFINE start samples=8 triplanarMaterials=52 §MAXQ_FRAME_BUDGET taa=8 ao=12 (bake budget — Alt+S stills are unaffected)
12:55:07.202 + 1498.5s §CLAIM §STILL_REFINE start samples=8 triplanarMaterials=52 §MAXQ_FRAME_BUDGET taa=8 ao=12 (bake budget — Alt+S stills are unaffected)
12:55:07.202 + 1498.5s §CLAIM §STILL_REFINE start samples=8 triplanarMaterials=52 §MAXQ_FRAME_BUDGET taa=8 ao=12 (bake budget — Alt+S stills are unaffected)
12:55:07.202 + 1498.5s §CLAIM §STILL_REFINE start samples=8 triplanarMaterials=52 §MAXQ_FRAME_BUDGET taa=8 ao=12 (bake budget — Alt+S stills are unaffected)
12:55:07.202 + 1498.5s §CLAIM §STILL_REFINE start samples=8 triplanarMaterials=52 §MAXQ_FRAME_BUDGET taa=8 ao=12 (bake budget — Alt+S stills are unaffected)
12:55:07.202 + 1498.5s §CLAIM §STILL_REFINE start samples=8 triplanarMaterials=52 §MAXQ_FRAME_BUDGET taa=8 ao=12 (bake budget — Alt+S stills are unaffected)
12:55:07.202 + 1498.5s §CLAIM §STILL_REFINE start samples=8 triplanarMaterials=52 §MAXQ_FRAME_BUDGET taa=8 ao=12 (bake budget — Alt+S stills are unaffected)
12:55:07.202 + 1498.5s §CLAIM §STILL_REFINE start samples=8 triplanarMaterials=52 §MAXQ_FRAME_BUDGET taa=8 ao=12 (bake budget — Alt+S stills are unaffected)
12:55:07.202 + 1498.5s §CLAIM §STILL_REFINE start samples=8 triplanarMaterials=52 §MAXQ_FRAME_BUDGET taa=8 ao=12 (bake budget — Alt+S stills are unaffected)
12:55:07.202 + 1498.5s §CLAIM §STILL_REFINE start samples=8 triplanarMaterials=52 §MAXQ_FRAME_BUDGET taa=8 ao=12 (bake budget — Alt+S stills are unaffected)
12:55:07.202 + 1498.5s §CLAIM §STILL_REFINE start samples=8 triplanarMaterials=52 §MAXQ_FRAME_BUDGET taa=8 ao=12 (bake budget — Alt+S stills are unaffected)
12:55:07.202 + 1498.5s §CLAIM §STILL_REFINE start samples=8 triplanarMaterials=52 §MAXQ_FRAME_BUDGET taa=8 ao=12 (bake budget — Alt+S stills are unaffected)
12:55:07.202 + 1498.5s §CLAIM §STILL_REFINE start samples=8 triplanarMaterials=52 §MAXQ_FRAME_BUDGET taa=8 ao=12 (bake budget — Alt+S stills are unaffected)
12:55:07.202 + 1498.5s §CLAIM §STILL_REFINE start samples=8 triplanarMaterials=52 §MAXQ_FRAME_BUDGET taa=8 ao=12 (bake budget — Alt+S stills are unaffected)
12:55:07.202 + 1498.5s §CLAIM §STILL_REFINE start samples=8 triplanarMaterials=52 §MAXQ_FRAME_BUDGET taa=8 ao=12 (bake budget — Alt+S stills are unaffected)
12:55:07.202 + 1498.5s §CLAIM §STILL_REFINE start samples=8 triplanarMaterials=52 §MAXQ_FRAME_BUDGET taa=8 ao=12 (bake budget — Alt+S stills are unaffected)
12:55:07.202 + 1498.5s §CLAIM §STILL_REFINE start samples=8 triplanarMaterials=52 §MAXQ_FRAME_BUDGET taa=8 ao=12 (bake budget — Alt+S stills are unaffected)
12:55:07.202 + 1498.5s §CLAIM §STILL_REFINE start samples=8 triplanarMaterials=52 §MAXQ_FRAME_BUDGET taa=8 ao=12 (bake budget — Alt+S stills are unaffected)
12:55:07.202 + 1498.5s §CLAIM §STILL_REFINE start samples=8 triplanarMaterials=52 §MAXQ_FRAME_BUDGET taa=8 ao=12 (bake budget — Alt+S stills are unaffected)
12:55:07.202 + 1498.5s §CLAIM §STILL_REFINE start samples=8 triplanarMaterials=52 §MAXQ_FRAME_BUDGET taa=8 ao=12 (bake budget — Alt+S stills are unaffected)
12:55:07.202 + 1498.5s §CLAIM §STILL_REFINE start samples=8 triplanarMaterials=52 §MAXQ_FRAME_BUDGET taa=8 ao=12 (bake budget — Alt+S stills are unaffected)
12:55:07.202 + 1498.5s §CLAIM §STILL_REFINE start samples=8 triplanarMaterials=52 §MAXQ_FRAME_BUDGET taa=8 ao=12 (bake budget — Alt+S stills are unaffected)
12:55:07.202 + 1498.5s §CLAIM §STILL_REFINE start samples=8 triplanarMaterials=52 §MAXQ_FRAME_BUDGET taa=8 ao=12 (bake budget — Alt+S stills are unaffected)
12:55:07.202 + 1498.5s §CLAIM §STILL_REFINE start samples=8 triplanarMaterials=52 §MAXQ_FRAME_BUDGET taa=8 ao=12 (bake budget — Alt+S stills are unaffected)
12:55:07.202 + 1498.5s §CLAIM §STILL_REFINE start samples=8 triplanarMaterials=52 §MAXQ_FRAME_BUDGET taa=8 ao=12 (bake budget — Alt+S stills are unaffected)
12:55:07.202 + 1498.5s §CLAIM §STILL_REFINE start samples=8 triplanarMaterials=52 §MAXQ_FRAME_BUDGET taa=8 ao=12 (bake budget — Alt+S stills are unaffected)
12:55:07.202 + 1498.5s §CLAIM §STILL_REFINE start samples=8 triplanarMaterials=52 §MAXQ_FRAME_BUDGET taa=8 ao=12 (bake budget — Alt+S stills are unaffected)
12:55:07.202 + 1498.5s §CLAIM §STILL_REFINE start samples=8 triplanarMaterials=52 §MAXQ_FRAME_BUDGET taa=8 ao=12 (bake budget — Alt+S stills are unaffected)
12:55:07.202 + 1498.5s §CLAIM §STILL_REFINE start samples=8 triplanarMaterials=52 §MAXQ_FRAME_BUDGET taa=8 ao=12 (bake budget — Alt+S stills are unaffected)
12:55:07.202 + 1498.5s §CLAIM §STILL_REFINE start samples=8 triplanarMaterials=52 §MAXQ_FRAME_BUDGET taa=8 ao=12 (bake budget — Alt+S stills are unaffected)
12:55:07.202 + 1498.5s §CLAIM §STILL_REFINE start samples=8 triplanarMaterials=52 §MAXQ_FRAME_BUDGET taa=8 ao=12 (bake budget — Alt+S stills are unaffected)
12:55:07.202 + 1498.5s §CLAIM §STILL_REFINE start samples=8 triplanarMaterials=52 §MAXQ_FRAME_BUDGET taa=8 ao=12 (bake budget — Alt+S stills are unaffected)
12:55:07.202 + 1498.5s §CLAIM §STILL_REFINE start samples=8 triplanarMaterials=52 §MAXQ_FRAME_BUDGET taa=8 ao=12 (bake budget — Alt+S stills are unaffected)
12:55:07.202 + 1498.5s §CLAIM §STILL_REFINE start samples=8 triplanarMaterials=52 §MAXQ_FRAME_BUDGET taa=8 ao=12 (bake budget — Alt+S stills are unaffected)
12:55:07.202 + 1498.5s §CLAIM §STILL_REFINE start samples=8 triplanarMaterials=52 §MAXQ_FRAME_BUDGET taa=8 ao=12 (bake budget — Alt+S stills are unaffected)
12:55:07.202 + 1498.5s §CLAIM §STILL_REFINE start samples=8 triplanarMaterials=52 §MAXQ_FRAME_BUDGET taa=8 ao=12 (bake budget — Alt+S stills are unaffected)
12:55:07.202 + 1498.5s §CLAIM §STILL_REFINE start samples=8 triplanarMaterials=52 §MAXQ_FRAME_BUDGET taa=8 ao=12 (bake budget — Alt+S stills are unaffected)
12:55:07.202 + 1498.5s §CLAIM §STILL_REFINE start samples=8 triplanarMaterials=52 §MAXQ_FRAME_BUDGET taa=8 ao=12 (bake budget — Alt+S stills are unaffected)
12:55:07.202 + 1498.5s §CLAIM §STILL_REFINE start samples=8 triplanarMaterials=52 §MAXQ_FRAME_BUDGET taa=8 ao=12 (bake budget — Alt+S stills are unaffected)
12:55:07.202 + 1498.5s §CLAIM §STILL_REFINE start samples=8 triplanarMaterials=52 §MAXQ_FRAME_BUDGET taa=8 ao=12 (bake budget — Alt+S stills are unaffected)
12:55:07.202 + 1498.5s §CLAIM §STILL_REFINE start samples=8 triplanarMaterials=52 §MAXQ_FRAME_BUDGET taa=8 ao=12 (bake budget — Alt+S stills are unaffected)
12:55:07.202 + 1498.5s §CLAIM §STILL_REFINE start samples=8 triplanarMaterials=52 §MAXQ_FRAME_BUDGET taa=8 ao=12 (bake budget — Alt+S stills are unaffected)
12:55:07.202 + 1498.5s §CLAIM §STILL_REFINE start samples=8 triplanarMaterials=52 §MAXQ_FRAME_BUDGET taa=8 ao=12 (bake budget — Alt+S stills are unaffected)
12:55:07.202 + 1498.5s §CLAIM §STILL_REFINE start samples=8 triplanarMaterials=52 §MAXQ_FRAME_BUDGET taa=8 ao=12 (bake budget — Alt+S stills are unaffected)
12:55:07.202 + 1498.5s §CLAIM §STILL_REFINE start samples=8 triplanarMaterials=52 §MAXQ_FRAME_BUDGET taa=8 ao=12 (bake budget — Alt+S stills are unaffected)
12:55:07.202 + 1498.5s §CLAIM §STILL_REFINE start samples=8 triplanarMaterials=52 §MAXQ_FRAME_BUDGET taa=8 ao=12 (bake budget — Alt+S stills are unaffected)
12:55:07.202 + 1498.5s §CLAIM §STILL_REFINE start samples=8 triplanarMaterials=52 §MAXQ_FRAME_BUDGET taa=8 ao=12 (bake budget — Alt+S stills are unaffected)
12:55:07.202 + 1498.5s §CLAIM §STILL_REFINE start samples=8 triplanarMaterials=52 §MAXQ_FRAME_BUDGET taa=8 ao=12 (bake budget — Alt+S stills are unaffected)
12:55:07.202 + 1498.5s §CLAIM §STILL_REFINE start samples=8 triplanarMaterials=52 §MAXQ_FRAME_BUDGET taa=8 ao=12 (bake budget — Alt+S stills are unaffected)
12:55:07.202 + 1498.5s §CLAIM §STILL_REFINE start samples=8 triplanarMaterials=52 §MAXQ_FRAME_BUDGET taa=8 ao=12 (bake budget — Alt+S stills are unaffected)
12:55:07.202 + 1498.5s §CLAIM §STILL_REFINE start samples=8 triplanarMaterials=52 §MAXQ_FRAME_BUDGET taa=8 ao=12 (bake budget — Alt+S stills are unaffected)
12:55:07.202 + 1498.5s §CLAIM §STILL_REFINE start samples=8 triplanarMaterials=52 §MAXQ_FRAME_BUDGET taa=8 ao=12 (bake budget — Alt+S stills are unaffected)
12:55:07.202 + 1498.5s §CLAIM §STILL_REFINE start samples=8 triplanarMaterials=52 §MAXQ_FRAME_BUDGET taa=8 ao=12 (bake budget — Alt+S stills are unaffected)
12:55:07.202 + 1498.5s §CLAIM §STILL_REFINE start samples=8 triplanarMaterials=52 §MAXQ_FRAME_BUDGET taa=8 ao=12 (bake budget — Alt+S stills are unaffected)
12:55:07.202 + 1498.5s §CLAIM §STILL_REFINE start samples=8 triplanarMaterials=52 §MAXQ_FRAME_BUDGET taa=8 ao=12 (bake budget — Alt+S stills are unaffected)
12:55:07.202 + 1498.5s §CLAIM §STILL_REFINE start samples=8 triplanarMaterials=52 §MAXQ_FRAME_BUDGET taa=8 ao=12 (bake budget — Alt+S stills are unaffected)
12:55:07.202 + 1498.5s §CLAIM §STILL_REFINE start samples=8 triplanarMaterials=52 §MAXQ_FRAME_BUDGET taa=8 ao=12 (bake budget — Alt+S stills are unaffected)
12:55:07.202 + 1498.5s §CLAIM §STILL_REFINE start samples=8 triplanarMaterials=52 §MAXQ_FRAME_BUDGET taa=8 ao=12 (bake budget — Alt+S stills are unaffected)
12:55:07.202 + 1498.5s §CLAIM §STILL_REFINE start samples=8 triplanarMaterials=52 §MAXQ_FRAME_BUDGET taa=8 ao=12 (bake budget — Alt+S stills are unaffected)
12:55:07.202 + 1498.5s §CLAIM §STILL_REFINE start samples=8 triplanarMaterials=52 §MAXQ_FRAME_BUDGET taa=8 ao=12 (bake budget — Alt+S stills are unaffected)
12:55:07.202 + 1498.5s §CLAIM §STILL_REFINE start samples=8 triplanarMaterials=52 §MAXQ_FRAME_BUDGET taa=8 ao=12 (bake budget — Alt+S stills are unaffected)
12:55:07.202 + 1498.5s §CLAIM §STILL_REFINE start samples=8 triplanarMaterials=52 §MAXQ_FRAME_BUDGET taa=8 ao=12 (bake budget — Alt+S stills are unaffected)
12:55:07.202 + 1498.5s §CLAIM §STILL_REFINE start samples=8 triplanarMaterials=52 §MAXQ_FRAME_BUDGET taa=8 ao=12 (bake budget — Alt+S stills are unaffected)
12:55:07.202 + 1498.5s §CLAIM §STILL_REFINE start samples=8 triplanarMaterials=52 §MAXQ_FRAME_BUDGET taa=8 ao=12 (bake budget — Alt+S stills are unaffected)
12:55:07.202 + 1498.5s §CLAIM §STILL_REFINE start samples=8 triplanarMaterials=52 §MAXQ_FRAME_BUDGET taa=8 ao=12 (bake budget — Alt+S stills are unaffected)
12:55:07.202 + 1498.5s §CLAIM §STILL_REFINE start samples=8 triplanarMaterials=52 §MAXQ_FRAME_BUDGET taa=8 ao=12 (bake budget — Alt+S stills are unaffected)
12:55:07.202 + 1498.5s §CLAIM §STILL_REFINE start samples=8 triplanarMaterials=52 §MAXQ_FRAME_BUDGET taa=8 ao=12 (bake budget — Alt+S stills are unaffected)
12:55:07.202 + 1498.5s §CLAIM §STILL_REFINE start samples=8 triplanarMaterials=52 §MAXQ_FRAME_BUDGET taa=8 ao=12 (bake budget — Alt+S stills are unaffected)
12:55:07.202 + 1498.5s §CLAIM §STILL_REFINE start samples=8 triplanarMaterials=52 §MAXQ_FRAME_BUDGET taa=8 ao=12 (bake budget — Alt+S stills are unaffected)
12:55:07.202 + 1498.5s §CLAIM §STILL_REFINE start samples=8 triplanarMaterials=52 §MAXQ_FRAME_BUDGET taa=8 ao=12 (bake budget — Alt+S stills are unaffected)
12:55:07.202 + 1498.5s §CLAIM §STILL_REFINE start samples=8 triplanarMaterials=52 §MAXQ_FRAME_BUDGET taa=8 ao=12 (bake budget — Alt+S stills are unaffected)
12:55:07.202 + 1498.5s §CLAIM §STILL_REFINE start samples=8 triplanarMaterials=52 §MAXQ_FRAME_BUDGET taa=8 ao=12 (bake budget — Alt+S stills are unaffected)
12:55:07.202 + 1498.5s §CLAIM §STILL_REFINE start samples=8 triplanarMaterials=52 §MAXQ_FRAME_BUDGET taa=8 ao=12 (bake budget — Alt+S stills are unaffected)
12:55:07.202 + 1498.5s §CLAIM §STILL_REFINE start samples=8 triplanarMaterials=52 §MAXQ_FRAME_BUDGET taa=8 ao=12 (bake budget — Alt+S stills are unaffected)
12:55:07.202 + 1498.5s §CLAIM §STILL_REFINE start samples=8 triplanarMaterials=52 §MAXQ_FRAME_BUDGET taa=8 ao=12 (bake budget — Alt+S stills are unaffected)
12:55:07.202 + 1498.5s §CLAIM §STILL_REFINE start samples=8 triplanarMaterials=52 §MAXQ_FRAME_BUDGET taa=8 ao=12 (bake budget — Alt+S stills are unaffected)
12:55:07.202 + 1498.5s §CLAIM §STILL_REFINE start samples=8 triplanarMaterials=52 §MAXQ_FRAME_BUDGET taa=8 ao=12 (bake budget — Alt+S stills are unaffected)
12:55:07.202 + 1498.5s §CLAIM §STILL_REFINE start samples=8 triplanarMaterials=52 §MAXQ_FRAME_BUDGET taa=8 ao=12 (bake budget — Alt+S stills are unaffected)
12:55:07.202 + 1498.5s §CLAIM §STILL_REFINE start samples=8 triplanarMaterials=52 §MAXQ_FRAME_BUDGET taa=8 ao=12 (bake budget — Alt+S stills are unaffected)
12:55:07.202 + 1498.5s §CLAIM §STILL_REFINE start samples=8 triplanarMaterials=52 §MAXQ_FRAME_BUDGET taa=8 ao=12 (bake budget — Alt+S stills are unaffected)
12:55:07.202 + 1498.5s §CLAIM §STILL_REFINE start samples=8 triplanarMaterials=52 §MAXQ_FRAME_BUDGET taa=8 ao=12 (bake budget — Alt+S stills are unaffected)
12:55:07.202 + 1498.5s §CLAIM §STILL_REFINE start samples=8 triplanarMaterials=52 §MAXQ_FRAME_BUDGET taa=8 ao=12 (bake budget — Alt+S stills are unaffected)
12:55:07.202 + 1498.5s §CLAIM §STILL_REFINE start samples=8 triplanarMaterials=52 §MAXQ_FRAME_BUDGET taa=8 ao=12 (bake budget — Alt+S stills are unaffected)
12:55:07.202 + 1498.5s §CLAIM §STILL_REFINE start samples=8 triplanarMaterials=52 §MAXQ_FRAME_BUDGET taa=8 ao=12 (bake budget — Alt+S stills are unaffected)
12:55:07.202 + 1498.5s §CLAIM §STILL_REFINE start samples=8 triplanarMaterials=52 §MAXQ_FRAME_BUDGET taa=8 ao=12 (bake budget — Alt+S stills are unaffected)
12:55:07.202 + 1498.5s §CLAIM §STILL_REFINE start samples=8 triplanarMaterials=52 §MAXQ_FRAME_BUDGET taa=8 ao=12 (bake budget — Alt+S stills are unaffected)
12:55:07.202 + 1498.5s §CLAIM §STILL_REFINE start samples=8 triplanarMaterials=52 §MAXQ_FRAME_BUDGET taa=8 ao=12 (bake budget — Alt+S stills are unaffected)
12:55:07.202 + 1498.5s §CLAIM §STILL_REFINE start samples=8 triplanarMaterials=52 §MAXQ_FRAME_BUDGET taa=8 ao=12 (bake budget — Alt+S stills are unaffected)
12:55:07.202 + 1498.5s §CLAIM §STILL_REFINE start samples=8 triplanarMaterials=52 §MAXQ_FRAME_BUDGET taa=8 ao=12 (bake budget — Alt+S stills are unaffected)
12:55:07.202 + 1498.5s §CLAIM §STILL_REFINE start samples=8 triplanarMaterials=52 §MAXQ_FRAME_BUDGET taa=8 ao=12 (bake budget — Alt+S stills are unaffected)
12:55:07.202 + 1498.5s §CLAIM §STILL_REFINE start samples=8 triplanarMaterials=52 §MAXQ_FRAME_BUDGET taa=8 ao=12 (bake budget — Alt+S stills are unaffected)
12:55:07.202 + 1498.5s §CLAIM §STILL_REFINE start samples=8 triplanarMaterials=52 §MAXQ_FRAME_BUDGET taa=8 ao=12 (bake budget — Alt+S stills are unaffected)
12:55:07.202 + 1498.5s §CLAIM §STILL_REFINE start samples=8 triplanarMaterials=52 §MAXQ_FRAME_BUDGET taa=8 ao=12 (bake budget — Alt+S stills are unaffected)
12:55:07.202 + 1498.5s §CLAIM §STILL_REFINE start samples=8 triplanarMaterials=52 §MAXQ_FRAME_BUDGET taa=8 ao=12 (bake budget — Alt+S stills are unaffected)
12:55:07.202 + 1498.5s §CLAIM §STILL_REFINE start samples=8 triplanarMaterials=52 §MAXQ_FRAME_BUDGET taa=8 ao=12 (bake budget — Alt+S stills are unaffected)
12:55:07.202 + 1498.5s §CLAIM §STILL_REFINE start samples=8 triplanarMaterials=52 §MAXQ_FRAME_BUDGET taa=8 ao=12 (bake budget — Alt+S stills are unaffected)
12:55:07.202 + 1498.5s §CLAIM §STILL_REFINE start samples=8 triplanarMaterials=52 §MAXQ_FRAME_BUDGET taa=8 ao=12 (bake budget — Alt+S stills are unaffected)
12:55:07.202 + 1498.5s §CLAIM §STILL_REFINE start samples=8 triplanarMaterials=52 §MAXQ_FRAME_BUDGET taa=8 ao=12 (bake budget — Alt+S stills are unaffected)
12:55:07.202 + 1498.5s §CLAIM §STILL_REFINE start samples=8 triplanarMaterials=52 §MAXQ_FRAME_BUDGET taa=8 ao=12 (bake budget — Alt+S stills are unaffected)
12:55:07.202 + 1498.5s §CLAIM §STILL_REFINE start samples=8 triplanarMaterials=52 §MAXQ_FRAME_BUDGET taa=8 ao=12 (bake budget — Alt+S stills are unaffected)
12:55:07.202 + 1498.5s §CLAIM §STILL_REFINE start samples=8 triplanarMaterials=52 §MAXQ_FRAME_BUDGET taa=8 ao=12 (bake budget — Alt+S stills are unaffected)
12:55:07.202 + 1498.5s §CLAIM §STILL_REFINE start samples=8 triplanarMaterials=52 §MAXQ_FRAME_BUDGET taa=8 ao=12 (bake budget — Alt+S stills are unaffected)
12:55:07.202 + 1498.5s §CLAIM §STILL_REFINE start samples=8 triplanarMaterials=52 §MAXQ_FRAME_BUDGET taa=8 ao=12 (bake budget — Alt+S stills are unaffected)
12:55:07.202 + 1498.5s §CLAIM §STILL_REFINE start samples=8 triplanarMaterials=52 §MAXQ_FRAME_BUDGET taa=8 ao=12 (bake budget — Alt+S stills are unaffected)
12:55:07.202 + 1498.5s §CLAIM §STILL_REFINE start samples=8 triplanarMaterials=52 §MAXQ_FRAME_BUDGET taa=8 ao=12 (bake budget — Alt+S stills are unaffected)
12:55:07.202 + 1498.5s §CLAIM §STILL_REFINE start samples=8 triplanarMaterials=52 §MAXQ_FRAME_BUDGET taa=8 ao=12 (bake budget — Alt+S stills are unaffected)
12:55:07.202 + 1498.5s §CLAIM §STILL_REFINE start samples=8 triplanarMaterials=52 §MAXQ_FRAME_BUDGET taa=8 ao=12 (bake budget — Alt+S stills are unaffected)
12:55:07.202 + 1498.5s §CLAIM §STILL_REFINE start samples=8 triplanarMaterials=52 §MAXQ_FRAME_BUDGET taa=8 ao=12 (bake budget — Alt+S stills are unaffected)
12:55:07.202 + 1498.5s §CLAIM §STILL_REFINE start samples=8 triplanarMaterials=52 §MAXQ_FRAME_BUDGET taa=8 ao=12 (bake budget — Alt+S stills are unaffected)
12:55:07.202 + 1498.5s §CLAIM §STILL_REFINE start samples=8 triplanarMaterials=52 §MAXQ_FRAME_BUDGET taa=8 ao=12 (bake budget — Alt+S stills are unaffected)
12:55:07.202 + 1498.5s §CLAIM §STILL_REFINE start samples=8 triplanarMaterials=52 §MAXQ_FRAME_BUDGET taa=8 ao=12 (bake budget — Alt+S stills are unaffected)
12:55:07.202 + 1498.5s §CLAIM §STILL_REFINE start samples=8 triplanarMaterials=52 §MAXQ_FRAME_BUDGET taa=8 ao=12 (bake budget — Alt+S stills are unaffected)
12:55:07.202 + 1498.5s §CLAIM §STILL_REFINE start samples=8 triplanarMaterials=52 §MAXQ_FRAME_BUDGET taa=8 ao=12 (bake budget — Alt+S stills are unaffected)
12:55:07.202 + 1498.5s §CLAIM §STILL_REFINE start samples=8 triplanarMaterials=52 §MAXQ_FRAME_BUDGET taa=8 ao=12 (bake budget — Alt+S stills are unaffected)
12:55:07.202 + 1498.5s §CLAIM §STILL_REFINE start samples=8 triplanarMaterials=52 §MAXQ_FRAME_BUDGET taa=8 ao=12 (bake budget — Alt+S stills are unaffected)
12:55:07.203 + 1498.5s §CLAIM §STILL_REFINE start samples=8 triplanarMaterials=52 §MAXQ_FRAME_BUDGET taa=8 ao=12 (bake budget — Alt+S stills are unaffected)
12:55:07.203 + 1498.5s §CLAIM §STILL_REFINE start samples=8 triplanarMaterials=52 §MAXQ_FRAME_BUDGET taa=8 ao=12 (bake budget — Alt+S stills are unaffected)
12:55:07.203 + 1498.5s §CLAIM §STILL_REFINE start samples=8 triplanarMaterials=52 §MAXQ_FRAME_BUDGET taa=8 ao=12 (bake budget — Alt+S stills are unaffected)
12:55:07.203 + 1498.5s §CLAIM §STILL_REFINE start samples=8 triplanarMaterials=52 §MAXQ_FRAME_BUDGET taa=8 ao=12 (bake budget — Alt+S stills are unaffected)
12:55:07.203 + 1498.5s §CLAIM §STILL_REFINE start samples=8 triplanarMaterials=52 §MAXQ_FRAME_BUDGET taa=8 ao=12 (bake budget — Alt+S stills are unaffected)
12:55:07.203 + 1498.5s §CLAIM §STILL_REFINE start samples=8 triplanarMaterials=52 §MAXQ_FRAME_BUDGET taa=8 ao=12 (bake budget — Alt+S stills are unaffected)
12:55:07.203 + 1498.5s §CLAIM §STILL_REFINE start samples=8 triplanarMaterials=52 §MAXQ_FRAME_BUDGET taa=8 ao=12 (bake budget — Alt+S stills are unaffected)
12:55:07.203 + 1498.5s §CLAIM §STILL_REFINE start samples=8 triplanarMaterials=52 §MAXQ_FRAME_BUDGET taa=8 ao=12 (bake budget — Alt+S stills are unaffected)
12:55:07.203 + 1498.5s §CLAIM §STILL_REFINE start samples=8 triplanarMaterials=52 §MAXQ_FRAME_BUDGET taa=8 ao=12 (bake budget — Alt+S stills are unaffected)
12:55:07.203 + 1498.5s §CLAIM §STILL_REFINE start samples=8 triplanarMaterials=52 §MAXQ_FRAME_BUDGET taa=8 ao=12 (bake budget — Alt+S stills are unaffected)
12:55:07.203 + 1498.5s §CLAIM §STILL_REFINE start samples=8 triplanarMaterials=52 §MAXQ_FRAME_BUDGET taa=8 ao=12 (bake budget — Alt+S stills are unaffected)
12:55:07.203 + 1498.5s §CLAIM §STILL_REFINE start samples=8 triplanarMaterials=52 §MAXQ_FRAME_BUDGET taa=8 ao=12 (bake budget — Alt+S stills are unaffected)
12:55:07.203 + 1498.5s §CLAIM §STILL_REFINE start samples=8 triplanarMaterials=52 §MAXQ_FRAME_BUDGET taa=8 ao=12 (bake budget — Alt+S stills are unaffected)
12:55:07.203 + 1498.5s §CLAIM §STILL_REFINE start samples=8 triplanarMaterials=52 §MAXQ_FRAME_BUDGET taa=8 ao=12 (bake budget — Alt+S stills are unaffected)
12:55:07.203 + 1498.5s §CLAIM §STILL_REFINE start samples=8 triplanarMaterials=52 §MAXQ_FRAME_BUDGET taa=8 ao=12 (bake budget — Alt+S stills are unaffected)
12:55:07.203 + 1498.5s §CLAIM §STILL_REFINE start samples=8 triplanarMaterials=52 §MAXQ_FRAME_BUDGET taa=8 ao=12 (bake budget — Alt+S stills are unaffected)
12:55:07.203 + 1498.5s §CLAIM §STILL_REFINE start samples=8 triplanarMaterials=52 §MAXQ_FRAME_BUDGET taa=8 ao=12 (bake budget — Alt+S stills are unaffected)
12:55:07.203 + 1498.5s §CLAIM §STILL_REFINE start samples=8 triplanarMaterials=52 §MAXQ_FRAME_BUDGET taa=8 ao=12 (bake budget — Alt+S stills are unaffected)
12:55:07.203 + 1498.5s §CLAIM §STILL_REFINE start samples=8 triplanarMaterials=52 §MAXQ_FRAME_BUDGET taa=8 ao=12 (bake budget — Alt+S stills are unaffected)
12:55:07.203 + 1498.5s §CLAIM §STILL_REFINE start samples=8 triplanarMaterials=52 §MAXQ_FRAME_BUDGET taa=8 ao=12 (bake budget — Alt+S stills are unaffected)
12:55:07.203 + 1498.5s §CLAIM §STILL_REFINE start samples=8 triplanarMaterials=52 §MAXQ_FRAME_BUDGET taa=8 ao=12 (bake budget — Alt+S stills are unaffected)
12:55:07.203 + 1498.5s §CLAIM §STILL_REFINE start samples=8 triplanarMaterials=52 §MAXQ_FRAME_BUDGET taa=8 ao=12 (bake budget — Alt+S stills are unaffected)
12:55:07.203 + 1498.5s §CLAIM §STILL_REFINE start samples=8 triplanarMaterials=52 §MAXQ_FRAME_BUDGET taa=8 ao=12 (bake budget — Alt+S stills are unaffected)
12:55:07.203 + 1498.5s §CLAIM §STILL_REFINE start samples=8 triplanarMaterials=52 §MAXQ_FRAME_BUDGET taa=8 ao=12 (bake budget — Alt+S stills are unaffected)
12:55:07.203 + 1498.5s §CLAIM §STILL_REFINE start samples=8 triplanarMaterials=52 §MAXQ_FRAME_BUDGET taa=8 ao=12 (bake budget — Alt+S stills are unaffected)
12:55:07.203 + 1498.5s §CLAIM §STILL_REFINE start samples=8 triplanarMaterials=52 §MAXQ_FRAME_BUDGET taa=8 ao=12 (bake budget — Alt+S stills are unaffected)
12:55:07.203 + 1498.5s §CLAIM §STILL_REFINE start samples=8 triplanarMaterials=52 §MAXQ_FRAME_BUDGET taa=8 ao=12 (bake budget — Alt+S stills are unaffected)
12:55:07.203 + 1498.5s §CLAIM §STILL_REFINE start samples=8 triplanarMaterials=52 §MAXQ_FRAME_BUDGET taa=8 ao=12 (bake budget — Alt+S stills are unaffected)
12:55:07.203 + 1498.5s §CLAIM §STILL_REFINE start samples=8 triplanarMaterials=52 §MAXQ_FRAME_BUDGET taa=8 ao=12 (bake budget — Alt+S stills are unaffected)
12:55:07.203 + 1498.5s §CLAIM §STILL_REFINE start samples=8 triplanarMaterials=52 §MAXQ_FRAME_BUDGET taa=8 ao=12 (bake budget — Alt+S stills are unaffected)
12:55:07.203 + 1498.5s §CLAIM §STILL_REFINE start samples=8 triplanarMaterials=52 §MAXQ_FRAME_BUDGET taa=8 ao=12 (bake budget — Alt+S stills are unaffected)
12:55:07.203 + 1498.5s §CLAIM §STILL_REFINE start samples=8 triplanarMaterials=52 §MAXQ_FRAME_BUDGET taa=8 ao=12 (bake budget — Alt+S stills are unaffected)
12:55:07.203 + 1498.5s §CLAIM §STILL_REFINE start samples=8 triplanarMaterials=52 §MAXQ_FRAME_BUDGET taa=8 ao=12 (bake budget — Alt+S stills are unaffected)
12:55:07.203 + 1498.5s §CLAIM §STILL_REFINE start samples=8 triplanarMaterials=52 §MAXQ_FRAME_BUDGET taa=8 ao=12 (bake budget — Alt+S stills are unaffected)
12:55:07.203 + 1498.5s §CLAIM §STILL_REFINE start samples=8 triplanarMaterials=52 §MAXQ_FRAME_BUDGET taa=8 ao=12 (bake budget — Alt+S stills are unaffected)
12:55:07.203 + 1498.5s §CLAIM §STILL_REFINE start samples=8 triplanarMaterials=52 §MAXQ_FRAME_BUDGET taa=8 ao=12 (bake budget — Alt+S stills are unaffected)
12:55:07.203 + 1498.5s §CLAIM §STILL_REFINE start samples=8 triplanarMaterials=52 §MAXQ_FRAME_BUDGET taa=8 ao=12 (bake budget — Alt+S stills are unaffected)
12:55:07.203 + 1498.5s §CLAIM §STILL_REFINE start samples=8 triplanarMaterials=52 §MAXQ_FRAME_BUDGET taa=8 ao=12 (bake budget — Alt+S stills are unaffected)
12:55:07.203 + 1498.5s §CLAIM §STILL_REFINE start samples=8 triplanarMaterials=52 §MAXQ_FRAME_BUDGET taa=8 ao=12 (bake budget — Alt+S stills are unaffected)
12:55:07.203 + 1498.5s §CLAIM §STILL_REFINE start samples=8 triplanarMaterials=52 §MAXQ_FRAME_BUDGET taa=8 ao=12 (bake budget — Alt+S stills are unaffected)
12:55:07.203 + 1498.5s §CLAIM §STILL_REFINE start samples=8 triplanarMaterials=52 §MAXQ_FRAME_BUDGET taa=8 ao=12 (bake budget — Alt+S stills are unaffected)
12:55:07.203 + 1498.5s §CLAIM §STILL_REFINE start samples=8 triplanarMaterials=52 §MAXQ_FRAME_BUDGET taa=8 ao=12 (bake budget — Alt+S stills are unaffected)
12:55:07.203 + 1498.5s §CLAIM §STILL_REFINE start samples=8 triplanarMaterials=52 §MAXQ_FRAME_BUDGET taa=8 ao=12 (bake budget — Alt+S stills are unaffected)
12:55:07.203 + 1498.5s §CLAIM §STILL_REFINE start samples=8 triplanarMaterials=52 §MAXQ_FRAME_BUDGET taa=8 ao=12 (bake budget — Alt+S stills are unaffected)
12:55:07.203 + 1498.5s §CLAIM §STILL_REFINE start samples=8 triplanarMaterials=52 §MAXQ_FRAME_BUDGET taa=8 ao=12 (bake budget — Alt+S stills are unaffected)
12:55:07.203 + 1498.5s §CLAIM §STILL_REFINE start samples=8 triplanarMaterials=52 §MAXQ_FRAME_BUDGET taa=8 ao=12 (bake budget — Alt+S stills are unaffected)
12:55:07.203 + 1498.5s §CLAIM §STILL_REFINE start samples=8 triplanarMaterials=52 §MAXQ_FRAME_BUDGET taa=8 ao=12 (bake budget — Alt+S stills are unaffected)
12:55:07.203 + 1498.5s §CLAIM §STILL_REFINE start samples=8 triplanarMaterials=52 §MAXQ_FRAME_BUDGET taa=8 ao=12 (bake budget — Alt+S stills are unaffected)
12:55:07.203 + 1498.5s §CLAIM §STILL_REFINE start samples=8 triplanarMaterials=52 §MAXQ_FRAME_BUDGET taa=8 ao=12 (bake budget — Alt+S stills are unaffected)
12:55:07.203 + 1498.5s §CLAIM §STILL_REFINE start samples=8 triplanarMaterials=52 §MAXQ_FRAME_BUDGET taa=8 ao=12 (bake budget — Alt+S stills are unaffected)
12:55:07.203 + 1498.5s §CLAIM §STILL_REFINE start samples=8 triplanarMaterials=52 §MAXQ_FRAME_BUDGET taa=8 ao=12 (bake budget — Alt+S stills are unaffected)
12:55:07.203 + 1498.5s §CLAIM §STILL_REFINE start samples=8 triplanarMaterials=52 §MAXQ_FRAME_BUDGET taa=8 ao=12 (bake budget — Alt+S stills are unaffected)
12:55:07.203 + 1498.5s §CLAIM §STILL_REFINE start samples=8 triplanarMaterials=52 §MAXQ_FRAME_BUDGET taa=8 ao=12 (bake budget — Alt+S stills are unaffected)
12:55:07.203 + 1498.5s §CLAIM §STILL_REFINE start samples=8 triplanarMaterials=52 §MAXQ_FRAME_BUDGET taa=8 ao=12 (bake budget — Alt+S stills are unaffected)
12:55:07.203 + 1498.5s §CLAIM §STILL_REFINE start samples=8 triplanarMaterials=52 §MAXQ_FRAME_BUDGET taa=8 ao=12 (bake budget — Alt+S stills are unaffected)
12:55:07.203 + 1498.5s §CLAIM §STILL_REFINE start samples=8 triplanarMaterials=52 §MAXQ_FRAME_BUDGET taa=8 ao=12 (bake budget — Alt+S stills are unaffected)
12:55:07.203 + 1498.5s §CLAIM §STILL_REFINE start samples=8 triplanarMaterials=52 §MAXQ_FRAME_BUDGET taa=8 ao=12 (bake budget — Alt+S stills are unaffected)
12:55:07.203 + 1498.5s §CLAIM §STILL_REFINE start samples=8 triplanarMaterials=52 §MAXQ_FRAME_BUDGET taa=8 ao=12 (bake budget — Alt+S stills are unaffected)
12:55:07.203 + 1498.5s §CLAIM §STILL_REFINE start samples=8 triplanarMaterials=52 §MAXQ_FRAME_BUDGET taa=8 ao=12 (bake budget — Alt+S stills are unaffected)
12:55:07.203 + 1498.5s §CLAIM §STILL_REFINE start samples=8 triplanarMaterials=52 §MAXQ_FRAME_BUDGET taa=8 ao=12 (bake budget — Alt+S stills are unaffected)
12:55:07.203 + 1498.5s §CLAIM §STILL_REFINE start samples=8 triplanarMaterials=52 §MAXQ_FRAME_BUDGET taa=8 ao=12 (bake budget — Alt+S stills are unaffected)
12:55:07.203 + 1498.5s §CLAIM §STILL_REFINE start samples=8 triplanarMaterials=52 §MAXQ_FRAME_BUDGET taa=8 ao=12 (bake budget — Alt+S stills are unaffected)
12:55:07.203 + 1498.5s §CLAIM §STILL_REFINE start samples=8 triplanarMaterials=52 §MAXQ_FRAME_BUDGET taa=8 ao=12 (bake budget — Alt+S stills are unaffected)
12:55:07.203 + 1498.5s §CLAIM §STILL_REFINE start samples=8 triplanarMaterials=52 §MAXQ_FRAME_BUDGET taa=8 ao=12 (bake budget — Alt+S stills are unaffected)
12:55:07.203 + 1498.5s §CLAIM §STILL_REFINE start samples=8 triplanarMaterials=52 §MAXQ_FRAME_BUDGET taa=8 ao=12 (bake budget — Alt+S stills are unaffected)
12:55:07.203 + 1498.5s §CLAIM §STILL_REFINE start samples=8 triplanarMaterials=52 §MAXQ_FRAME_BUDGET taa=8 ao=12 (bake budget — Alt+S stills are unaffected)
12:55:07.203 + 1498.5s §CLAIM §STILL_REFINE start samples=8 triplanarMaterials=52 §MAXQ_FRAME_BUDGET taa=8 ao=12 (bake budget — Alt+S stills are unaffected)
12:55:07.203 + 1498.5s §CLAIM §STILL_REFINE start samples=8 triplanarMaterials=52 §MAXQ_FRAME_BUDGET taa=8 ao=12 (bake budget — Alt+S stills are unaffected)
12:55:07.203 + 1498.5s §CLAIM §STILL_REFINE start samples=8 triplanarMaterials=52 §MAXQ_FRAME_BUDGET taa=8 ao=12 (bake budget — Alt+S stills are unaffected)
12:55:07.203 + 1498.5s §CLAIM §STILL_REFINE start samples=8 triplanarMaterials=52 §MAXQ_FRAME_BUDGET taa=8 ao=12 (bake budget — Alt+S stills are unaffected)
12:55:07.203 + 1498.5s §CLAIM §STILL_REFINE start samples=8 triplanarMaterials=52 §MAXQ_FRAME_BUDGET taa=8 ao=12 (bake budget — Alt+S stills are unaffected)
12:55:07.203 + 1498.5s §CLAIM §STILL_REFINE start samples=8 triplanarMaterials=52 §MAXQ_FRAME_BUDGET taa=8 ao=12 (bake budget — Alt+S stills are unaffected)
12:55:07.203 + 1498.5s §CLAIM §STILL_REFINE start samples=8 triplanarMaterials=52 §MAXQ_FRAME_BUDGET taa=8 ao=12 (bake budget — Alt+S stills are unaffected)
12:55:07.203 + 1498.5s §CLAIM §STILL_REFINE start samples=8 triplanarMaterials=52 §MAXQ_FRAME_BUDGET taa=8 ao=12 (bake budget — Alt+S stills are unaffected)
12:55:07.203 + 1498.5s §CLAIM §STILL_REFINE start samples=8 triplanarMaterials=52 §MAXQ_FRAME_BUDGET taa=8 ao=12 (bake budget — Alt+S stills are unaffected)
12:55:07.203 + 1498.5s §CLAIM §STILL_REFINE start samples=8 triplanarMaterials=52 §MAXQ_FRAME_BUDGET taa=8 ao=12 (bake budget — Alt+S stills are unaffected)
12:55:07.203 + 1498.5s §CLAIM §STILL_REFINE start samples=8 triplanarMaterials=52 §MAXQ_FRAME_BUDGET taa=8 ao=12 (bake budget — Alt+S stills are unaffected)
12:55:07.203 + 1498.5s §CLAIM §STILL_REFINE start samples=8 triplanarMaterials=52 §MAXQ_FRAME_BUDGET taa=8 ao=12 (bake budget — Alt+S stills are unaffected)
12:55:07.203 + 1498.5s §CLAIM §STILL_REFINE start samples=8 triplanarMaterials=52 §MAXQ_FRAME_BUDGET taa=8 ao=12 (bake budget — Alt+S stills are unaffected)
12:55:07.203 + 1498.5s §CLAIM §STILL_REFINE start samples=8 triplanarMaterials=52 §MAXQ_FRAME_BUDGET taa=8 ao=12 (bake budget — Alt+S stills are unaffected)
12:55:07.203 + 1498.5s §CLAIM §STILL_REFINE start samples=8 triplanarMaterials=52 §MAXQ_FRAME_BUDGET taa=8 ao=12 (bake budget — Alt+S stills are unaffected)
12:55:07.203 + 1498.5s §CLAIM §STILL_REFINE start samples=8 triplanarMaterials=52 §MAXQ_FRAME_BUDGET taa=8 ao=12 (bake budget — Alt+S stills are unaffected)
12:55:07.203 + 1498.5s §CLAIM §STILL_REFINE start samples=8 triplanarMaterials=52 §MAXQ_FRAME_BUDGET taa=8 ao=12 (bake budget — Alt+S stills are unaffected)
12:55:07.203 + 1498.5s §CLAIM §STILL_REFINE start samples=8 triplanarMaterials=52 §MAXQ_FRAME_BUDGET taa=8 ao=12 (bake budget — Alt+S stills are unaffected)
12:55:07.203 + 1498.5s §CLAIM §STILL_REFINE start samples=8 triplanarMaterials=52 §MAXQ_FRAME_BUDGET taa=8 ao=12 (bake budget — Alt+S stills are unaffected)
12:55:07.203 + 1498.5s §CLAIM §STILL_REFINE start samples=8 triplanarMaterials=52 §MAXQ_FRAME_BUDGET taa=8 ao=12 (bake budget — Alt+S stills are unaffected)
12:55:07.203 + 1498.5s §CLAIM §STILL_REFINE start samples=8 triplanarMaterials=52 §MAXQ_FRAME_BUDGET taa=8 ao=12 (bake budget — Alt+S stills are unaffected)
12:55:07.203 + 1498.5s §CLAIM §STILL_REFINE start samples=8 triplanarMaterials=52 §MAXQ_FRAME_BUDGET taa=8 ao=12 (bake budget — Alt+S stills are unaffected)
12:55:07.203 + 1498.5s §CLAIM §STILL_REFINE start samples=8 triplanarMaterials=52 §MAXQ_FRAME_BUDGET taa=8 ao=12 (bake budget — Alt+S stills are unaffected)
12:55:07.203 + 1498.5s §CLAIM §STILL_REFINE start samples=8 triplanarMaterials=52 §MAXQ_FRAME_BUDGET taa=8 ao=12 (bake budget — Alt+S stills are unaffected)
12:55:07.203 + 1498.5s §CLAIM §STILL_REFINE start samples=8 triplanarMaterials=52 §MAXQ_FRAME_BUDGET taa=8 ao=12 (bake budget — Alt+S stills are unaffected)
12:55:07.203 + 1498.5s §CLAIM §STILL_REFINE start samples=8 triplanarMaterials=52 §MAXQ_FRAME_BUDGET taa=8 ao=12 (bake budget — Alt+S stills are unaffected)
12:55:07.203 + 1498.5s §CLAIM §STILL_REFINE start samples=8 triplanarMaterials=52 §MAXQ_FRAME_BUDGET taa=8 ao=12 (bake budget — Alt+S stills are unaffected)
12:55:07.203 + 1498.5s §CLAIM §STILL_REFINE start samples=8 triplanarMaterials=52 §MAXQ_FRAME_BUDGET taa=8 ao=12 (bake budget — Alt+S stills are unaffected)
12:55:07.203 + 1498.5s §CLAIM §STILL_REFINE start samples=8 triplanarMaterials=52 §MAXQ_FRAME_BUDGET taa=8 ao=12 (bake budget — Alt+S stills are unaffected)
12:55:07.203 + 1498.5s §CLAIM §STILL_REFINE start samples=8 triplanarMaterials=52 §MAXQ_FRAME_BUDGET taa=8 ao=12 (bake budget — Alt+S stills are unaffected)
12:55:07.203 + 1498.5s §CLAIM §STILL_REFINE start samples=8 triplanarMaterials=52 §MAXQ_FRAME_BUDGET taa=8 ao=12 (bake budget — Alt+S stills are unaffected)
12:55:07.203 + 1498.5s §CLAIM §STILL_REFINE start samples=8 triplanarMaterials=52 §MAXQ_FRAME_BUDGET taa=8 ao=12 (bake budget — Alt+S stills are unaffected)
12:55:07.203 + 1498.5s §CLAIM §STILL_REFINE start samples=8 triplanarMaterials=52 §MAXQ_FRAME_BUDGET taa=8 ao=12 (bake budget — Alt+S stills are unaffected)
12:55:07.203 + 1498.5s §CLAIM §STILL_REFINE start samples=8 triplanarMaterials=52 §MAXQ_FRAME_BUDGET taa=8 ao=12 (bake budget — Alt+S stills are unaffected)
12:55:07.203 + 1498.5s §CLAIM §STILL_REFINE start samples=8 triplanarMaterials=52 §MAXQ_FRAME_BUDGET taa=8 ao=12 (bake budget — Alt+S stills are unaffected)
12:55:07.203 + 1498.5s §CLAIM §STILL_REFINE start samples=8 triplanarMaterials=52 §MAXQ_FRAME_BUDGET taa=8 ao=12 (bake budget — Alt+S stills are unaffected)
12:55:07.203 + 1498.5s §CLAIM §STILL_REFINE start samples=8 triplanarMaterials=52 §MAXQ_FRAME_BUDGET taa=8 ao=12 (bake budget — Alt+S stills are unaffected)
12:55:07.203 + 1498.5s §CLAIM §STILL_REFINE start samples=8 triplanarMaterials=52 §MAXQ_FRAME_BUDGET taa=8 ao=12 (bake budget — Alt+S stills are unaffected)
12:55:07.203 + 1498.5s §CLAIM §STILL_REFINE start samples=8 triplanarMaterials=52 §MAXQ_FRAME_BUDGET taa=8 ao=12 (bake budget — Alt+S stills are unaffected)
12:55:07.203 + 1498.5s §CLAIM §STILL_REFINE start samples=8 triplanarMaterials=52 §MAXQ_FRAME_BUDGET taa=8 ao=12 (bake budget — Alt+S stills are unaffected)
12:55:07.203 + 1498.5s §CLAIM §STILL_REFINE start samples=8 triplanarMaterials=52 §MAXQ_FRAME_BUDGET taa=8 ao=12 (bake budget — Alt+S stills are unaffected)
12:55:07.203 + 1498.5s §CLAIM §STILL_REFINE start samples=8 triplanarMaterials=52 §MAXQ_FRAME_BUDGET taa=8 ao=12 (bake budget — Alt+S stills are unaffected)
12:55:07.203 + 1498.5s §CLAIM §STILL_REFINE start samples=8 triplanarMaterials=52 §MAXQ_FRAME_BUDGET taa=8 ao=12 (bake budget — Alt+S stills are unaffected)
12:55:07.203 + 1498.5s §CLAIM §STILL_REFINE start samples=8 triplanarMaterials=52 §MAXQ_FRAME_BUDGET taa=8 ao=12 (bake budget — Alt+S stills are unaffected)
12:55:07.203 + 1498.5s §CLAIM §STILL_REFINE start samples=8 triplanarMaterials=52 §MAXQ_FRAME_BUDGET taa=8 ao=12 (bake budget — Alt+S stills are unaffected)
12:55:07.203 + 1498.5s §CLAIM §STILL_REFINE start samples=8 triplanarMaterials=52 §MAXQ_FRAME_BUDGET taa=8 ao=12 (bake budget — Alt+S stills are unaffected)
12:55:07.203 + 1498.5s §CLAIM §STILL_REFINE start samples=8 triplanarMaterials=52 §MAXQ_FRAME_BUDGET taa=8 ao=12 (bake budget — Alt+S stills are unaffected)
12:55:07.203 + 1498.5s §CLAIM §STILL_REFINE start samples=8 triplanarMaterials=52 §MAXQ_FRAME_BUDGET taa=8 ao=12 (bake budget — Alt+S stills are unaffected)
12:55:07.203 + 1498.5s §CLAIM §STILL_REFINE start samples=8 triplanarMaterials=52 §MAXQ_FRAME_BUDGET taa=8 ao=12 (bake budget — Alt+S stills are unaffected)
12:55:07.203 + 1498.5s §CLAIM §STILL_REFINE start samples=8 triplanarMaterials=52 §MAXQ_FRAME_BUDGET taa=8 ao=12 (bake budget — Alt+S stills are unaffected)
12:55:07.203 + 1498.5s §CLAIM §STILL_REFINE start samples=8 triplanarMaterials=52 §MAXQ_FRAME_BUDGET taa=8 ao=12 (bake budget — Alt+S stills are unaffected)
12:55:07.203 + 1498.5s §CLAIM §STILL_REFINE start samples=8 triplanarMaterials=52 §MAXQ_FRAME_BUDGET taa=8 ao=12 (bake budget — Alt+S stills are unaffected)
12:55:07.203 + 1498.5s §CLAIM §STILL_REFINE start samples=8 triplanarMaterials=52 §MAXQ_FRAME_BUDGET taa=8 ao=12 (bake budget — Alt+S stills are unaffected)
12:55:07.203 + 1498.5s §CLAIM §STILL_REFINE start samples=8 triplanarMaterials=52 §MAXQ_FRAME_BUDGET taa=8 ao=12 (bake budget — Alt+S stills are unaffected)
12:55:07.203 + 1498.5s §CLAIM §STILL_REFINE start samples=8 triplanarMaterials=52 §MAXQ_FRAME_BUDGET taa=8 ao=12 (bake budget — Alt+S stills are unaffected)
12:55:07.203 + 1498.5s §CLAIM §STILL_REFINE start samples=8 triplanarMaterials=52 §MAXQ_FRAME_BUDGET taa=8 ao=12 (bake budget — Alt+S stills are unaffected)
12:55:07.203 + 1498.5s §CLAIM §STILL_REFINE start samples=8 triplanarMaterials=52 §MAXQ_FRAME_BUDGET taa=8 ao=12 (bake budget — Alt+S stills are unaffected)
12:55:07.203 + 1498.5s §CLAIM §STILL_REFINE start samples=8 triplanarMaterials=52 §MAXQ_FRAME_BUDGET taa=8 ao=12 (bake budget — Alt+S stills are unaffected)
12:55:07.203 + 1498.5s §CLAIM §STILL_REFINE start samples=8 triplanarMaterials=52 §MAXQ_FRAME_BUDGET taa=8 ao=12 (bake budget — Alt+S stills are unaffected)
12:55:07.203 + 1498.5s §CLAIM §STILL_REFINE start samples=8 triplanarMaterials=52 §MAXQ_FRAME_BUDGET taa=8 ao=12 (bake budget — Alt+S stills are unaffected)
12:55:07.203 + 1498.5s §CLAIM §STILL_REFINE start samples=8 triplanarMaterials=52 §MAXQ_FRAME_BUDGET taa=8 ao=12 (bake budget — Alt+S stills are unaffected)
12:55:07.203 + 1498.5s §CLAIM §STILL_REFINE start samples=8 triplanarMaterials=52 §MAXQ_FRAME_BUDGET taa=8 ao=12 (bake budget — Alt+S stills are unaffected)
12:55:07.203 + 1498.5s §CLAIM §STILL_REFINE start samples=8 triplanarMaterials=52 §MAXQ_FRAME_BUDGET taa=8 ao=12 (bake budget — Alt+S stills are unaffected)
12:55:07.203 + 1498.5s §CLAIM §STILL_REFINE start samples=8 triplanarMaterials=52 §MAXQ_FRAME_BUDGET taa=8 ao=12 (bake budget — Alt+S stills are unaffected)
12:55:07.203 + 1498.5s §CLAIM §STILL_REFINE start samples=8 triplanarMaterials=52 §MAXQ_FRAME_BUDGET taa=8 ao=12 (bake budget — Alt+S stills are unaffected)
12:55:07.203 + 1498.5s §CLAIM §STILL_REFINE start samples=8 triplanarMaterials=52 §MAXQ_FRAME_BUDGET taa=8 ao=12 (bake budget — Alt+S stills are unaffected)
12:55:07.203 + 1498.5s §CLAIM §STILL_REFINE start samples=8 triplanarMaterials=52 §MAXQ_FRAME_BUDGET taa=8 ao=12 (bake budget — Alt+S stills are unaffected)
12:55:07.203 + 1498.5s §CLAIM §STILL_REFINE start samples=8 triplanarMaterials=52 §MAXQ_FRAME_BUDGET taa=8 ao=12 (bake budget — Alt+S stills are unaffected)
12:55:07.203 + 1498.5s §CLAIM §STILL_REFINE start samples=8 triplanarMaterials=52 §MAXQ_FRAME_BUDGET taa=8 ao=12 (bake budget — Alt+S stills are unaffected)
12:55:07.203 + 1498.5s §CLAIM §STILL_REFINE start samples=8 triplanarMaterials=52 §MAXQ_FRAME_BUDGET taa=8 ao=12 (bake budget — Alt+S stills are unaffected)
12:55:07.203 + 1498.5s §CLAIM §STILL_REFINE start samples=8 triplanarMaterials=52 §MAXQ_FRAME_BUDGET taa=8 ao=12 (bake budget — Alt+S stills are unaffected)
12:55:07.203 + 1498.5s §CLAIM §STILL_REFINE start samples=8 triplanarMaterials=52 §MAXQ_FRAME_BUDGET taa=8 ao=12 (bake budget — Alt+S stills are unaffected)
12:55:07.203 + 1498.5s §CLAIM §STILL_REFINE start samples=8 triplanarMaterials=52 §MAXQ_FRAME_BUDGET taa=8 ao=12 (bake budget — Alt+S stills are unaffected)
12:55:07.203 + 1498.5s §CLAIM §STILL_REFINE start samples=8 triplanarMaterials=52 §MAXQ_FRAME_BUDGET taa=8 ao=12 (bake budget — Alt+S stills are unaffected)
12:55:07.203 + 1498.5s §CLAIM §STILL_REFINE start samples=8 triplanarMaterials=52 §MAXQ_FRAME_BUDGET taa=8 ao=12 (bake budget — Alt+S stills are unaffected)
12:55:07.203 + 1498.5s §CLAIM §STILL_REFINE start samples=8 triplanarMaterials=52 §MAXQ_FRAME_BUDGET taa=8 ao=12 (bake budget — Alt+S stills are unaffected)
12:55:07.203 + 1498.5s §CLAIM §STILL_REFINE start samples=8 triplanarMaterials=52 §MAXQ_FRAME_BUDGET taa=8 ao=12 (bake budget — Alt+S stills are unaffected)
12:55:07.203 + 1498.5s §CLAIM §STILL_REFINE start samples=8 triplanarMaterials=52 §MAXQ_FRAME_BUDGET taa=8 ao=12 (bake budget — Alt+S stills are unaffected)
12:55:07.203 + 1498.5s §CLAIM §STILL_REFINE start samples=8 triplanarMaterials=52 §MAXQ_FRAME_BUDGET taa=8 ao=12 (bake budget — Alt+S stills are unaffected)
12:55:07.203 + 1498.5s §CLAIM §STILL_REFINE start samples=8 triplanarMaterials=52 §MAXQ_FRAME_BUDGET taa=8 ao=12 (bake budget — Alt+S stills are unaffected)
12:55:07.203 + 1498.5s §CLAIM §STILL_REFINE start samples=8 triplanarMaterials=52 §MAXQ_FRAME_BUDGET taa=8 ao=12 (bake budget — Alt+S stills are unaffected)
12:55:07.203 + 1498.5s §CLAIM §STILL_REFINE start samples=8 triplanarMaterials=52 §MAXQ_FRAME_BUDGET taa=8 ao=12 (bake budget — Alt+S stills are unaffected)
12:55:07.203 + 1498.5s §CLAIM §STILL_REFINE start samples=8 triplanarMaterials=52 §MAXQ_FRAME_BUDGET taa=8 ao=12 (bake budget — Alt+S stills are unaffected)
12:55:07.203 + 1498.5s §CLAIM §STILL_REFINE start samples=8 triplanarMaterials=52 §MAXQ_FRAME_BUDGET taa=8 ao=12 (bake budget — Alt+S stills are unaffected)
12:55:07.203 + 1498.5s §CLAIM §STILL_REFINE start samples=8 triplanarMaterials=52 §MAXQ_FRAME_BUDGET taa=8 ao=12 (bake budget — Alt+S stills are unaffected)
12:55:07.203 + 1498.5s §CLAIM §STILL_REFINE start samples=8 triplanarMaterials=52 §MAXQ_FRAME_BUDGET taa=8 ao=12 (bake budget — Alt+S stills are unaffected)
12:55:07.203 + 1498.5s §CLAIM §STILL_REFINE start samples=8 triplanarMaterials=52 §MAXQ_FRAME_BUDGET taa=8 ao=12 (bake budget — Alt+S stills are unaffected)
12:55:07.203 + 1498.5s §CLAIM §STILL_REFINE start samples=8 triplanarMaterials=52 §MAXQ_FRAME_BUDGET taa=8 ao=12 (bake budget — Alt+S stills are unaffected)
12:55:07.203 + 1498.5s §CLAIM §STILL_REFINE start samples=8 triplanarMaterials=52 §MAXQ_FRAME_BUDGET taa=8 ao=12 (bake budget — Alt+S stills are unaffected)
12:55:07.203 + 1498.5s §CLAIM §STILL_REFINE start samples=8 triplanarMaterials=52 §MAXQ_FRAME_BUDGET taa=8 ao=12 (bake budget — Alt+S stills are unaffected)
12:55:07.203 + 1498.5s §CLAIM §STILL_REFINE start samples=8 triplanarMaterials=52 §MAXQ_FRAME_BUDGET taa=8 ao=12 (bake budget — Alt+S stills are unaffected)
12:55:07.203 + 1498.5s §CLAIM §STILL_REFINE start samples=8 triplanarMaterials=52 §MAXQ_FRAME_BUDGET taa=8 ao=12 (bake budget — Alt+S stills are unaffected)
12:55:07.203 + 1498.5s §CLAIM §STILL_REFINE start samples=8 triplanarMaterials=52 §MAXQ_FRAME_BUDGET taa=8 ao=12 (bake budget — Alt+S stills are unaffected)
12:55:07.203 + 1498.5s §CLAIM §STILL_REFINE start samples=8 triplanarMaterials=52 §MAXQ_FRAME_BUDGET taa=8 ao=12 (bake budget — Alt+S stills are unaffected)
12:55:07.203 + 1498.5s §CLAIM §STILL_REFINE start samples=8 triplanarMaterials=52 §MAXQ_FRAME_BUDGET taa=8 ao=12 (bake budget — Alt+S stills are unaffected)
12:55:07.203 + 1498.5s §CLAIM §STILL_REFINE start samples=8 triplanarMaterials=52 §MAXQ_FRAME_BUDGET taa=8 ao=12 (bake budget — Alt+S stills are unaffected)
12:55:07.204 + 1498.5s §CLAIM §STILL_REFINE start samples=8 triplanarMaterials=52 §MAXQ_FRAME_BUDGET taa=8 ao=12 (bake budget — Alt+S stills are unaffected)
12:55:07.204 + 1498.5s §CLAIM §STILL_REFINE start samples=8 triplanarMaterials=52 §MAXQ_FRAME_BUDGET taa=8 ao=12 (bake budget — Alt+S stills are unaffected)
12:55:07.204 + 1498.5s §CLAIM §STILL_REFINE start samples=8 triplanarMaterials=52 §MAXQ_FRAME_BUDGET taa=8 ao=12 (bake budget — Alt+S stills are unaffected)
12:55:07.204 + 1498.5s §CLAIM §STILL_REFINE start samples=8 triplanarMaterials=52 §MAXQ_FRAME_BUDGET taa=8 ao=12 (bake budget — Alt+S stills are unaffected)
12:55:07.204 + 1498.5s §CLAIM §STILL_REFINE start samples=8 triplanarMaterials=52 §MAXQ_FRAME_BUDGET taa=8 ao=12 (bake budget — Alt+S stills are unaffected)
12:55:07.204 + 1498.5s §CLAIM §STILL_REFINE start samples=8 triplanarMaterials=52 §MAXQ_FRAME_BUDGET taa=8 ao=12 (bake budget — Alt+S stills are unaffected)
12:55:07.204 + 1498.5s §CLAIM §STILL_REFINE start samples=8 triplanarMaterials=52 §MAXQ_FRAME_BUDGET taa=8 ao=12 (bake budget — Alt+S stills are unaffected)
12:55:07.204 + 1498.5s §CLAIM §STILL_REFINE start samples=8 triplanarMaterials=52 §MAXQ_FRAME_BUDGET taa=8 ao=12 (bake budget — Alt+S stills are unaffected)
12:55:07.204 + 1498.5s §CLAIM §STILL_REFINE start samples=8 triplanarMaterials=52 §MAXQ_FRAME_BUDGET taa=8 ao=12 (bake budget — Alt+S stills are unaffected)
12:55:07.204 + 1498.5s §CLAIM §STILL_REFINE start samples=8 triplanarMaterials=52 §MAXQ_FRAME_BUDGET taa=8 ao=12 (bake budget — Alt+S stills are unaffected)
12:55:07.204 + 1498.5s §CLAIM §STILL_REFINE start samples=8 triplanarMaterials=52 §MAXQ_FRAME_BUDGET taa=8 ao=12 (bake budget — Alt+S stills are unaffected)
12:55:07.204 + 1498.5s §CLAIM §STILL_REFINE start samples=8 triplanarMaterials=52 §MAXQ_FRAME_BUDGET taa=8 ao=12 (bake budget — Alt+S stills are unaffected)
12:55:07.204 + 1498.5s §CLAIM §STILL_REFINE start samples=8 triplanarMaterials=52 §MAXQ_FRAME_BUDGET taa=8 ao=12 (bake budget — Alt+S stills are unaffected)
12:55:07.204 + 1498.5s §CLAIM §STILL_REFINE start samples=8 triplanarMaterials=52 §MAXQ_FRAME_BUDGET taa=8 ao=12 (bake budget — Alt+S stills are unaffected)
12:55:07.204 + 1498.5s §CLAIM §STILL_REFINE start samples=8 triplanarMaterials=52 §MAXQ_FRAME_BUDGET taa=8 ao=12 (bake budget — Alt+S stills are unaffected)
12:55:07.204 + 1498.5s §CLAIM §STILL_REFINE start samples=8 triplanarMaterials=52 §MAXQ_FRAME_BUDGET taa=8 ao=12 (bake budget — Alt+S stills are unaffected)
12:55:07.204 + 1498.5s §CLAIM §STILL_REFINE start samples=8 triplanarMaterials=52 §MAXQ_FRAME_BUDGET taa=8 ao=12 (bake budget — Alt+S stills are unaffected)
12:55:07.204 + 1498.5s §CLAIM §STILL_REFINE start samples=8 triplanarMaterials=52 §MAXQ_FRAME_BUDGET taa=8 ao=12 (bake budget — Alt+S stills are unaffected)
12:55:07.204 + 1498.5s §CLAIM §STILL_REFINE start samples=8 triplanarMaterials=52 §MAXQ_FRAME_BUDGET taa=8 ao=12 (bake budget — Alt+S stills are unaffected)
12:55:07.204 + 1498.5s §CLAIM §STILL_REFINE start samples=8 triplanarMaterials=52 §MAXQ_FRAME_BUDGET taa=8 ao=12 (bake budget — Alt+S stills are unaffected)
12:55:07.204 + 1498.5s §CLAIM §STILL_REFINE start samples=8 triplanarMaterials=52 §MAXQ_FRAME_BUDGET taa=8 ao=12 (bake budget — Alt+S stills are unaffected)
12:55:07.204 + 1498.5s §CLAIM §STILL_REFINE start samples=8 triplanarMaterials=52 §MAXQ_FRAME_BUDGET taa=8 ao=12 (bake budget — Alt+S stills are unaffected)
12:55:07.204 + 1498.5s §CLAIM §STILL_REFINE start samples=8 triplanarMaterials=52 §MAXQ_FRAME_BUDGET taa=8 ao=12 (bake budget — Alt+S stills are unaffected)
12:55:07.204 + 1498.5s §CLAIM §STILL_REFINE start samples=8 triplanarMaterials=52 §MAXQ_FRAME_BUDGET taa=8 ao=12 (bake budget — Alt+S stills are unaffected)
12:55:07.204 + 1498.5s §CLAIM §STILL_REFINE start samples=8 triplanarMaterials=52 §MAXQ_FRAME_BUDGET taa=8 ao=12 (bake budget — Alt+S stills are unaffected)
12:55:07.204 + 1498.5s §CLAIM §STILL_REFINE start samples=8 triplanarMaterials=52 §MAXQ_FRAME_BUDGET taa=8 ao=12 (bake budget — Alt+S stills are unaffected)
12:55:07.204 + 1498.5s §CLAIM §STILL_REFINE start samples=8 triplanarMaterials=52 §MAXQ_FRAME_BUDGET taa=8 ao=12 (bake budget — Alt+S stills are unaffected)
12:55:07.204 + 1498.5s §CLAIM §STILL_REFINE start samples=8 triplanarMaterials=52 §MAXQ_FRAME_BUDGET taa=8 ao=12 (bake budget — Alt+S stills are unaffected)
12:55:07.204 + 1498.5s §CLAIM §STILL_REFINE start samples=8 triplanarMaterials=52 §MAXQ_FRAME_BUDGET taa=8 ao=12 (bake budget — Alt+S stills are unaffected)
12:55:07.204 + 1498.5s §CLAIM §STILL_REFINE start samples=8 triplanarMaterials=52 §MAXQ_FRAME_BUDGET taa=8 ao=12 (bake budget — Alt+S stills are unaffected)
12:55:07.204 + 1498.5s §CLAIM §STILL_REFINE start samples=8 triplanarMaterials=52 §MAXQ_FRAME_BUDGET taa=8 ao=12 (bake budget — Alt+S stills are unaffected)
12:55:07.204 + 1498.5s §CLAIM §STILL_REFINE start samples=8 triplanarMaterials=52 §MAXQ_FRAME_BUDGET taa=8 ao=12 (bake budget — Alt+S stills are unaffected)
12:55:07.204 + 1498.5s §CLAIM §STILL_REFINE start samples=8 triplanarMaterials=52 §MAXQ_FRAME_BUDGET taa=8 ao=12 (bake budget — Alt+S stills are unaffected)
12:55:07.204 + 1498.5s §CLAIM §STILL_REFINE start samples=8 triplanarMaterials=52 §MAXQ_FRAME_BUDGET taa=8 ao=12 (bake budget — Alt+S stills are unaffected)
12:55:07.204 + 1498.5s §CLAIM §STILL_REFINE start samples=8 triplanarMaterials=52 §MAXQ_FRAME_BUDGET taa=8 ao=12 (bake budget — Alt+S stills are unaffected)
12:55:07.204 + 1498.5s §CLAIM §STILL_REFINE start samples=8 triplanarMaterials=52 §MAXQ_FRAME_BUDGET taa=8 ao=12 (bake budget — Alt+S stills are unaffected)
12:55:07.204 + 1498.5s §CLAIM §STILL_REFINE start samples=8 triplanarMaterials=52 §MAXQ_FRAME_BUDGET taa=8 ao=12 (bake budget — Alt+S stills are unaffected)
12:55:07.204 + 1498.5s §CLAIM §STILL_REFINE start samples=8 triplanarMaterials=52 §MAXQ_FRAME_BUDGET taa=8 ao=12 (bake budget — Alt+S stills are unaffected)
12:55:07.204 + 1498.5s §CLAIM §STILL_REFINE start samples=8 triplanarMaterials=52 §MAXQ_FRAME_BUDGET taa=8 ao=12 (bake budget — Alt+S stills are unaffected)
12:55:07.204 + 1498.5s §CLAIM §STILL_REFINE start samples=8 triplanarMaterials=52 §MAXQ_FRAME_BUDGET taa=8 ao=12 (bake budget — Alt+S stills are unaffected)
12:55:07.204 + 1498.5s §CLAIM §STILL_REFINE start samples=8 triplanarMaterials=52 §MAXQ_FRAME_BUDGET taa=8 ao=12 (bake budget — Alt+S stills are unaffected)
12:55:07.204 + 1498.5s §CLAIM §STILL_REFINE start samples=8 triplanarMaterials=52 §MAXQ_FRAME_BUDGET taa=8 ao=12 (bake budget — Alt+S stills are unaffected)
12:55:07.204 + 1498.5s §CLAIM §STILL_REFINE start samples=8 triplanarMaterials=52 §MAXQ_FRAME_BUDGET taa=8 ao=12 (bake budget — Alt+S stills are unaffected)
12:55:07.204 + 1498.5s §CLAIM §STILL_REFINE start samples=8 triplanarMaterials=52 §MAXQ_FRAME_BUDGET taa=8 ao=12 (bake budget — Alt+S stills are unaffected)
12:55:07.204 + 1498.5s §CLAIM §STILL_REFINE start samples=8 triplanarMaterials=52 §MAXQ_FRAME_BUDGET taa=8 ao=12 (bake budget — Alt+S stills are unaffected)
12:55:07.204 + 1498.5s §CLAIM §STILL_REFINE start samples=8 triplanarMaterials=52 §MAXQ_FRAME_BUDGET taa=8 ao=12 (bake budget — Alt+S stills are unaffected)
12:55:07.204 + 1498.5s §CLAIM §STILL_REFINE start samples=8 triplanarMaterials=52 §MAXQ_FRAME_BUDGET taa=8 ao=12 (bake budget — Alt+S stills are unaffected)
12:55:07.204 + 1498.5s §CLAIM §STILL_REFINE start samples=8 triplanarMaterials=52 §MAXQ_FRAME_BUDGET taa=8 ao=12 (bake budget — Alt+S stills are unaffected)
12:55:07.204 + 1498.5s §CLAIM §STILL_REFINE start samples=8 triplanarMaterials=52 §MAXQ_FRAME_BUDGET taa=8 ao=12 (bake budget — Alt+S stills are unaffected)
12:55:07.204 + 1498.5s §CLAIM §STILL_REFINE start samples=8 triplanarMaterials=52 §MAXQ_FRAME_BUDGET taa=8 ao=12 (bake budget — Alt+S stills are unaffected)
12:55:07.204 + 1498.5s §CLAIM §STILL_REFINE start samples=8 triplanarMaterials=52 §MAXQ_FRAME_BUDGET taa=8 ao=12 (bake budget — Alt+S stills are unaffected)
12:55:07.204 + 1498.5s §CLAIM §STILL_REFINE start samples=8 triplanarMaterials=52 §MAXQ_FRAME_BUDGET taa=8 ao=12 (bake budget — Alt+S stills are unaffected)
12:55:07.204 + 1498.5s §CLAIM §STILL_REFINE start samples=8 triplanarMaterials=52 §MAXQ_FRAME_BUDGET taa=8 ao=12 (bake budget — Alt+S stills are unaffected)
12:55:07.204 + 1498.5s §CLAIM §STILL_REFINE start samples=8 triplanarMaterials=52 §MAXQ_FRAME_BUDGET taa=8 ao=12 (bake budget — Alt+S stills are unaffected)
12:55:07.204 + 1498.5s §CLAIM §STILL_REFINE start samples=8 triplanarMaterials=52 §MAXQ_FRAME_BUDGET taa=8 ao=12 (bake budget — Alt+S stills are unaffected)
12:55:07.204 + 1498.5s §CLAIM §STILL_REFINE start samples=8 triplanarMaterials=52 §MAXQ_FRAME_BUDGET taa=8 ao=12 (bake budget — Alt+S stills are unaffected)
12:55:07.204 + 1498.5s §CLAIM §STILL_REFINE start samples=8 triplanarMaterials=52 §MAXQ_FRAME_BUDGET taa=8 ao=12 (bake budget — Alt+S stills are unaffected)
12:55:07.204 + 1498.5s §CLAIM §STILL_REFINE start samples=8 triplanarMaterials=52 §MAXQ_FRAME_BUDGET taa=8 ao=12 (bake budget — Alt+S stills are unaffected)
12:55:07.204 + 1498.5s §CLAIM §STILL_REFINE start samples=8 triplanarMaterials=52 §MAXQ_FRAME_BUDGET taa=8 ao=12 (bake budget — Alt+S stills are unaffected)
12:55:07.204 + 1498.5s §CLAIM §STILL_REFINE start samples=8 triplanarMaterials=52 §MAXQ_FRAME_BUDGET taa=8 ao=12 (bake budget — Alt+S stills are unaffected)
12:55:07.204 + 1498.5s §CLAIM §STILL_REFINE start samples=8 triplanarMaterials=52 §MAXQ_FRAME_BUDGET taa=8 ao=12 (bake budget — Alt+S stills are unaffected)
12:55:07.204 + 1498.5s §CLAIM §STILL_REFINE start samples=8 triplanarMaterials=52 §MAXQ_FRAME_BUDGET taa=8 ao=12 (bake budget — Alt+S stills are unaffected)
12:55:07.204 + 1498.5s §CLAIM §STILL_REFINE start samples=8 triplanarMaterials=52 §MAXQ_FRAME_BUDGET taa=8 ao=12 (bake budget — Alt+S stills are unaffected)
12:55:07.204 + 1498.5s §CLAIM §STILL_REFINE start samples=8 triplanarMaterials=52 §MAXQ_FRAME_BUDGET taa=8 ao=12 (bake budget — Alt+S stills are unaffected)
12:55:07.204 + 1498.5s §CLAIM §STILL_REFINE start samples=8 triplanarMaterials=52 §MAXQ_FRAME_BUDGET taa=8 ao=12 (bake budget — Alt+S stills are unaffected)
12:55:07.204 + 1498.5s §CLAIM §STILL_REFINE start samples=8 triplanarMaterials=52 §MAXQ_FRAME_BUDGET taa=8 ao=12 (bake budget — Alt+S stills are unaffected)
12:55:07.204 + 1498.5s §CLAIM §STILL_REFINE start samples=8 triplanarMaterials=52 §MAXQ_FRAME_BUDGET taa=8 ao=12 (bake budget — Alt+S stills are unaffected)
12:55:07.204 + 1498.5s §CLAIM §STILL_REFINE start samples=8 triplanarMaterials=52 §MAXQ_FRAME_BUDGET taa=8 ao=12 (bake budget — Alt+S stills are unaffected)
12:55:07.204 + 1498.5s §CLAIM §STILL_REFINE start samples=8 triplanarMaterials=52 §MAXQ_FRAME_BUDGET taa=8 ao=12 (bake budget — Alt+S stills are unaffected)
12:55:07.204 + 1498.5s §CLAIM §STILL_REFINE start samples=8 triplanarMaterials=52 §MAXQ_FRAME_BUDGET taa=8 ao=12 (bake budget — Alt+S stills are unaffected)
12:55:07.204 + 1498.5s §CLAIM §STILL_REFINE start samples=8 triplanarMaterials=52 §MAXQ_FRAME_BUDGET taa=8 ao=12 (bake budget — Alt+S stills are unaffected)
12:55:07.204 + 1498.5s §CLAIM §STILL_REFINE start samples=8 triplanarMaterials=52 §MAXQ_FRAME_BUDGET taa=8 ao=12 (bake budget — Alt+S stills are unaffected)
12:55:07.204 + 1498.5s §CLAIM §STILL_REFINE start samples=8 triplanarMaterials=52 §MAXQ_FRAME_BUDGET taa=8 ao=12 (bake budget — Alt+S stills are unaffected)
12:55:07.204 + 1498.5s §CLAIM §STILL_REFINE start samples=8 triplanarMaterials=52 §MAXQ_FRAME_BUDGET taa=8 ao=12 (bake budget — Alt+S stills are unaffected)
12:55:07.204 + 1498.5s §CLAIM §STILL_REFINE start samples=8 triplanarMaterials=52 §MAXQ_FRAME_BUDGET taa=8 ao=12 (bake budget — Alt+S stills are unaffected)
12:55:07.204 + 1498.5s §CLAIM §STILL_REFINE start samples=8 triplanarMaterials=52 §MAXQ_FRAME_BUDGET taa=8 ao=12 (bake budget — Alt+S stills are unaffected)
12:55:07.204 + 1498.5s §CLAIM §STILL_REFINE start samples=8 triplanarMaterials=52 §MAXQ_FRAME_BUDGET taa=8 ao=12 (bake budget — Alt+S stills are unaffected)
12:55:07.204 + 1498.5s §CLAIM §STILL_REFINE start samples=8 triplanarMaterials=52 §MAXQ_FRAME_BUDGET taa=8 ao=12 (bake budget — Alt+S stills are unaffected)
12:55:07.204 + 1498.5s §CLAIM §STILL_REFINE start samples=8 triplanarMaterials=52 §MAXQ_FRAME_BUDGET taa=8 ao=12 (bake budget — Alt+S stills are unaffected)
12:55:07.204 + 1498.5s §CLAIM §STILL_REFINE start samples=8 triplanarMaterials=52 §MAXQ_FRAME_BUDGET taa=8 ao=12 (bake budget — Alt+S stills are unaffected)
12:55:07.204 + 1498.5s §CLAIM §STILL_REFINE start samples=8 triplanarMaterials=52 §MAXQ_FRAME_BUDGET taa=8 ao=12 (bake budget — Alt+S stills are unaffected)
12:55:07.204 + 1498.5s §CLAIM §STILL_REFINE start samples=8 triplanarMaterials=52 §MAXQ_FRAME_BUDGET taa=8 ao=12 (bake budget — Alt+S stills are unaffected)
12:55:07.204 + 1498.5s §CLAIM §STILL_REFINE start samples=8 triplanarMaterials=52 §MAXQ_FRAME_BUDGET taa=8 ao=12 (bake budget — Alt+S stills are unaffected)
12:55:07.204 + 1498.5s §CLAIM §STILL_REFINE start samples=8 triplanarMaterials=52 §MAXQ_FRAME_BUDGET taa=8 ao=12 (bake budget — Alt+S stills are unaffected)
12:55:07.204 + 1498.5s §CLAIM §STILL_REFINE start samples=8 triplanarMaterials=52 §MAXQ_FRAME_BUDGET taa=8 ao=12 (bake budget — Alt+S stills are unaffected)
12:55:07.204 + 1498.5s §CLAIM §STILL_REFINE start samples=8 triplanarMaterials=52 §MAXQ_FRAME_BUDGET taa=8 ao=12 (bake budget — Alt+S stills are unaffected)
12:55:07.204 + 1498.5s §CLAIM §STILL_REFINE start samples=8 triplanarMaterials=52 §MAXQ_FRAME_BUDGET taa=8 ao=12 (bake budget — Alt+S stills are unaffected)
12:55:07.204 + 1498.5s §CLAIM §STILL_REFINE start samples=8 triplanarMaterials=52 §MAXQ_FRAME_BUDGET taa=8 ao=12 (bake budget — Alt+S stills are unaffected)
12:55:07.204 + 1498.5s §CLAIM §STILL_REFINE start samples=8 triplanarMaterials=52 §MAXQ_FRAME_BUDGET taa=8 ao=12 (bake budget — Alt+S stills are unaffected)
12:55:07.204 + 1498.5s §CLAIM §STILL_REFINE start samples=8 triplanarMaterials=52 §MAXQ_FRAME_BUDGET taa=8 ao=12 (bake budget — Alt+S stills are unaffected)
12:55:07.204 + 1498.5s §CLAIM §STILL_REFINE start samples=8 triplanarMaterials=52 §MAXQ_FRAME_BUDGET taa=8 ao=12 (bake budget — Alt+S stills are unaffected)
12:55:07.204 + 1498.5s §CLAIM §STILL_REFINE start samples=8 triplanarMaterials=52 §MAXQ_FRAME_BUDGET taa=8 ao=12 (bake budget — Alt+S stills are unaffected)
12:55:07.204 + 1498.5s §CLAIM §STILL_REFINE start samples=8 triplanarMaterials=52 §MAXQ_FRAME_BUDGET taa=8 ao=12 (bake budget — Alt+S stills are unaffected)
12:55:07.204 + 1498.5s §CLAIM §STILL_REFINE start samples=8 triplanarMaterials=52 §MAXQ_FRAME_BUDGET taa=8 ao=12 (bake budget — Alt+S stills are unaffected)
12:55:07.204 + 1498.5s §CLAIM §STILL_REFINE start samples=8 triplanarMaterials=52 §MAXQ_FRAME_BUDGET taa=8 ao=12 (bake budget — Alt+S stills are unaffected)
12:55:07.204 + 1498.5s §CLAIM §STILL_REFINE start samples=8 triplanarMaterials=52 §MAXQ_FRAME_BUDGET taa=8 ao=12 (bake budget — Alt+S stills are unaffected)
12:55:07.204 + 1498.5s §CLAIM §STILL_REFINE start samples=8 triplanarMaterials=52 §MAXQ_FRAME_BUDGET taa=8 ao=12 (bake budget — Alt+S stills are unaffected)
12:55:07.204 + 1498.5s §CLAIM §STILL_REFINE start samples=8 triplanarMaterials=52 §MAXQ_FRAME_BUDGET taa=8 ao=12 (bake budget — Alt+S stills are unaffected)
12:55:07.204 + 1498.5s §CLAIM §STILL_REFINE start samples=8 triplanarMaterials=52 §MAXQ_FRAME_BUDGET taa=8 ao=12 (bake budget — Alt+S stills are unaffected)
12:55:07.204 + 1498.5s §CLAIM §STILL_REFINE start samples=8 triplanarMaterials=52 §MAXQ_FRAME_BUDGET taa=8 ao=12 (bake budget — Alt+S stills are unaffected)
12:55:07.204 + 1498.5s §CLAIM §STILL_REFINE start samples=8 triplanarMaterials=52 §MAXQ_FRAME_BUDGET taa=8 ao=12 (bake budget — Alt+S stills are unaffected)
12:55:07.204 + 1498.5s §CLAIM §STILL_REFINE start samples=8 triplanarMaterials=52 §MAXQ_FRAME_BUDGET taa=8 ao=12 (bake budget — Alt+S stills are unaffected)
12:55:07.204 + 1498.5s §CLAIM §STILL_REFINE start samples=8 triplanarMaterials=52 §MAXQ_FRAME_BUDGET taa=8 ao=12 (bake budget — Alt+S stills are unaffected)
12:55:07.204 + 1498.5s §CLAIM §STILL_REFINE start samples=8 triplanarMaterials=52 §MAXQ_FRAME_BUDGET taa=8 ao=12 (bake budget — Alt+S stills are unaffected)
12:55:07.204 + 1498.5s §CLAIM §STILL_REFINE start samples=8 triplanarMaterials=52 §MAXQ_FRAME_BUDGET taa=8 ao=12 (bake budget — Alt+S stills are unaffected)
12:55:07.204 + 1498.5s §CLAIM §STILL_REFINE start samples=8 triplanarMaterials=52 §MAXQ_FRAME_BUDGET taa=8 ao=12 (bake budget — Alt+S stills are unaffected)
12:55:07.204 + 1498.5s §CLAIM §STILL_REFINE start samples=8 triplanarMaterials=52 §MAXQ_FRAME_BUDGET taa=8 ao=12 (bake budget — Alt+S stills are unaffected)
12:55:07.204 + 1498.5s §CLAIM §STILL_REFINE start samples=8 triplanarMaterials=52 §MAXQ_FRAME_BUDGET taa=8 ao=12 (bake budget — Alt+S stills are unaffected)
12:55:07.204 + 1498.5s §CLAIM §STILL_REFINE start samples=8 triplanarMaterials=52 §MAXQ_FRAME_BUDGET taa=8 ao=12 (bake budget — Alt+S stills are unaffected)
12:55:07.204 + 1498.5s §CLAIM §STILL_REFINE start samples=8 triplanarMaterials=52 §MAXQ_FRAME_BUDGET taa=8 ao=12 (bake budget — Alt+S stills are unaffected)
12:55:07.204 + 1498.5s §CLAIM §STILL_REFINE start samples=8 triplanarMaterials=52 §MAXQ_FRAME_BUDGET taa=8 ao=12 (bake budget — Alt+S stills are unaffected)
12:55:07.204 + 1498.5s §CLAIM §STILL_REFINE start samples=8 triplanarMaterials=52 §MAXQ_FRAME_BUDGET taa=8 ao=12 (bake budget — Alt+S stills are unaffected)
12:55:07.204 + 1498.5s §CLAIM §STILL_REFINE start samples=8 triplanarMaterials=52 §MAXQ_FRAME_BUDGET taa=8 ao=12 (bake budget — Alt+S stills are unaffected)
12:55:07.204 + 1498.5s §CLAIM §STILL_REFINE start samples=8 triplanarMaterials=52 §MAXQ_FRAME_BUDGET taa=8 ao=12 (bake budget — Alt+S stills are unaffected)
12:55:07.204 + 1498.5s §CLAIM §STILL_REFINE start samples=8 triplanarMaterials=52 §MAXQ_FRAME_BUDGET taa=8 ao=12 (bake budget — Alt+S stills are unaffected)
12:55:07.204 + 1498.5s §CLAIM §STILL_REFINE start samples=8 triplanarMaterials=52 §MAXQ_FRAME_BUDGET taa=8 ao=12 (bake budget — Alt+S stills are unaffected)
12:55:07.204 + 1498.5s §CLAIM §STILL_REFINE start samples=8 triplanarMaterials=52 §MAXQ_FRAME_BUDGET taa=8 ao=12 (bake budget — Alt+S stills are unaffected)
12:55:07.204 + 1498.5s §CLAIM §STILL_REFINE start samples=8 triplanarMaterials=52 §MAXQ_FRAME_BUDGET taa=8 ao=12 (bake budget — Alt+S stills are unaffected)
12:55:07.204 + 1498.5s §CLAIM §STILL_REFINE start samples=8 triplanarMaterials=52 §MAXQ_FRAME_BUDGET taa=8 ao=12 (bake budget — Alt+S stills are unaffected)
12:55:07.204 + 1498.5s §CLAIM §STILL_REFINE start samples=8 triplanarMaterials=52 §MAXQ_FRAME_BUDGET taa=8 ao=12 (bake budget — Alt+S stills are unaffected)
12:55:07.204 + 1498.5s §CLAIM §STILL_REFINE start samples=8 triplanarMaterials=52 §MAXQ_FRAME_BUDGET taa=8 ao=12 (bake budget — Alt+S stills are unaffected)
12:55:07.204 + 1498.5s §CLAIM §STILL_REFINE start samples=8 triplanarMaterials=52 §MAXQ_FRAME_BUDGET taa=8 ao=12 (bake budget — Alt+S stills are unaffected)
12:55:07.204 + 1498.5s §CLAIM §STILL_REFINE start samples=8 triplanarMaterials=52 §MAXQ_FRAME_BUDGET taa=8 ao=12 (bake budget — Alt+S stills are unaffected)
12:55:07.204 + 1498.5s §CLAIM §STILL_REFINE start samples=8 triplanarMaterials=52 §MAXQ_FRAME_BUDGET taa=8 ao=12 (bake budget — Alt+S stills are unaffected)
12:55:07.204 + 1498.5s §CLAIM §STILL_REFINE start samples=8 triplanarMaterials=52 §MAXQ_FRAME_BUDGET taa=8 ao=12 (bake budget — Alt+S stills are unaffected)
12:55:07.204 + 1498.5s §CLAIM §STILL_REFINE start samples=8 triplanarMaterials=52 §MAXQ_FRAME_BUDGET taa=8 ao=12 (bake budget — Alt+S stills are unaffected)
12:55:07.204 + 1498.5s §CLAIM §STILL_REFINE start samples=8 triplanarMaterials=52 §MAXQ_FRAME_BUDGET taa=8 ao=12 (bake budget — Alt+S stills are unaffected)
12:55:07.204 + 1498.5s §CLAIM §STILL_REFINE start samples=8 triplanarMaterials=52 §MAXQ_FRAME_BUDGET taa=8 ao=12 (bake budget — Alt+S stills are unaffected)
12:55:07.204 + 1498.5s §CLAIM §STILL_REFINE start samples=8 triplanarMaterials=52 §MAXQ_FRAME_BUDGET taa=8 ao=12 (bake budget — Alt+S stills are unaffected)
12:55:07.204 + 1498.5s §CLAIM §STILL_REFINE start samples=8 triplanarMaterials=52 §MAXQ_FRAME_BUDGET taa=8 ao=12 (bake budget — Alt+S stills are unaffected)
12:55:07.204 + 1498.5s §CLAIM §STILL_REFINE start samples=8 triplanarMaterials=52 §MAXQ_FRAME_BUDGET taa=8 ao=12 (bake budget — Alt+S stills are unaffected)
12:55:07.204 + 1498.5s §CLAIM §STILL_REFINE start samples=8 triplanarMaterials=52 §MAXQ_FRAME_BUDGET taa=8 ao=12 (bake budget — Alt+S stills are unaffected)
12:55:07.204 + 1498.5s §CLAIM §STILL_REFINE start samples=8 triplanarMaterials=52 §MAXQ_FRAME_BUDGET taa=8 ao=12 (bake budget — Alt+S stills are unaffected)
12:55:07.204 + 1498.5s §CLAIM §STILL_REFINE start samples=8 triplanarMaterials=52 §MAXQ_FRAME_BUDGET taa=8 ao=12 (bake budget — Alt+S stills are unaffected)
12:55:07.204 + 1498.5s §CLAIM §STILL_REFINE start samples=8 triplanarMaterials=52 §MAXQ_FRAME_BUDGET taa=8 ao=12 (bake budget — Alt+S stills are unaffected)
12:55:07.204 + 1498.5s §CLAIM §STILL_REFINE start samples=8 triplanarMaterials=52 §MAXQ_FRAME_BUDGET taa=8 ao=12 (bake budget — Alt+S stills are unaffected)
12:55:07.204 + 1498.5s §CLAIM §STILL_REFINE start samples=8 triplanarMaterials=52 §MAXQ_FRAME_BUDGET taa=8 ao=12 (bake budget — Alt+S stills are unaffected)
12:55:07.204 + 1498.5s §CLAIM §STILL_REFINE start samples=8 triplanarMaterials=52 §MAXQ_FRAME_BUDGET taa=8 ao=12 (bake budget — Alt+S stills are unaffected)
12:55:07.204 + 1498.5s §CLAIM §STILL_REFINE start samples=8 triplanarMaterials=52 §MAXQ_FRAME_BUDGET taa=8 ao=12 (bake budget — Alt+S stills are unaffected)
12:55:07.204 + 1498.5s §CLAIM §STILL_REFINE start samples=8 triplanarMaterials=52 §MAXQ_FRAME_BUDGET taa=8 ao=12 (bake budget — Alt+S stills are unaffected)
12:55:07.204 + 1498.5s §CLAIM §STILL_REFINE start samples=8 triplanarMaterials=52 §MAXQ_FRAME_BUDGET taa=8 ao=12 (bake budget — Alt+S stills are unaffected)
12:55:07.204 + 1498.5s §CLAIM §STILL_REFINE start samples=8 triplanarMaterials=52 §MAXQ_FRAME_BUDGET taa=8 ao=12 (bake budget — Alt+S stills are unaffected)
12:55:07.204 + 1498.5s §CLAIM §STILL_REFINE start samples=8 triplanarMaterials=52 §MAXQ_FRAME_BUDGET taa=8 ao=12 (bake budget — Alt+S stills are unaffected)
12:55:07.204 + 1498.5s §CLAIM §STILL_REFINE start samples=8 triplanarMaterials=52 §MAXQ_FRAME_BUDGET taa=8 ao=12 (bake budget — Alt+S stills are unaffected)
12:55:07.205 + 1498.5s §CLAIM §STILL_REFINE start samples=8 triplanarMaterials=52 §MAXQ_FRAME_BUDGET taa=8 ao=12 (bake budget — Alt+S stills are unaffected)
12:55:07.205 + 1498.5s §CLAIM §STILL_REFINE start samples=8 triplanarMaterials=52 §MAXQ_FRAME_BUDGET taa=8 ao=12 (bake budget — Alt+S stills are unaffected)
12:55:07.205 + 1498.5s §CLAIM §STILL_REFINE start samples=8 triplanarMaterials=52 §MAXQ_FRAME_BUDGET taa=8 ao=12 (bake budget — Alt+S stills are unaffected)
12:55:07.205 + 1498.5s §CLAIM §STILL_REFINE start samples=8 triplanarMaterials=52 §MAXQ_FRAME_BUDGET taa=8 ao=12 (bake budget — Alt+S stills are unaffected)
12:55:07.205 + 1498.5s §CLAIM §STILL_REFINE start samples=8 triplanarMaterials=52 §MAXQ_FRAME_BUDGET taa=8 ao=12 (bake budget — Alt+S stills are unaffected)
12:55:07.205 + 1498.5s §CLAIM §STILL_REFINE start samples=8 triplanarMaterials=52 §MAXQ_FRAME_BUDGET taa=8 ao=12 (bake budget — Alt+S stills are unaffected)
12:55:07.205 + 1498.5s §CLAIM §STILL_REFINE start samples=8 triplanarMaterials=52 §MAXQ_FRAME_BUDGET taa=8 ao=12 (bake budget — Alt+S stills are unaffected)
12:55:07.205 + 1498.5s §CLAIM §STILL_REFINE start samples=8 triplanarMaterials=52 §MAXQ_FRAME_BUDGET taa=8 ao=12 (bake budget — Alt+S stills are unaffected)
12:55:07.205 + 1498.5s §CLAIM §STILL_REFINE start samples=8 triplanarMaterials=52 §MAXQ_FRAME_BUDGET taa=8 ao=12 (bake budget — Alt+S stills are unaffected)
12:55:07.205 + 1498.5s §CLAIM §STILL_REFINE start samples=8 triplanarMaterials=52 §MAXQ_FRAME_BUDGET taa=8 ao=12 (bake budget — Alt+S stills are unaffected)
12:55:07.205 + 1498.5s §CLAIM §STILL_REFINE start samples=8 triplanarMaterials=52 §MAXQ_FRAME_BUDGET taa=8 ao=12 (bake budget — Alt+S stills are unaffected)
12:55:07.205 + 1498.5s §CLAIM §STILL_REFINE start samples=8 triplanarMaterials=52 §MAXQ_FRAME_BUDGET taa=8 ao=12 (bake budget — Alt+S stills are unaffected)
12:55:07.205 + 1498.5s §CLAIM §STILL_REFINE start samples=8 triplanarMaterials=52 §MAXQ_FRAME_BUDGET taa=8 ao=12 (bake budget — Alt+S stills are unaffected)
12:55:07.205 + 1498.5s §CLAIM §STILL_REFINE start samples=8 triplanarMaterials=52 §MAXQ_FRAME_BUDGET taa=8 ao=12 (bake budget — Alt+S stills are unaffected)
12:55:07.205 + 1498.5s §CLAIM §STILL_REFINE start samples=8 triplanarMaterials=52 §MAXQ_FRAME_BUDGET taa=8 ao=12 (bake budget — Alt+S stills are unaffected)
12:55:07.205 + 1498.5s §CLAIM §STILL_REFINE start samples=8 triplanarMaterials=52 §MAXQ_FRAME_BUDGET taa=8 ao=12 (bake budget — Alt+S stills are unaffected)
12:55:07.205 + 1498.5s §CLAIM §STILL_REFINE start samples=8 triplanarMaterials=52 §MAXQ_FRAME_BUDGET taa=8 ao=12 (bake budget — Alt+S stills are unaffected)
12:55:07.205 + 1498.5s §CLAIM §STILL_REFINE start samples=8 triplanarMaterials=52 §MAXQ_FRAME_BUDGET taa=8 ao=12 (bake budget — Alt+S stills are unaffected)
12:55:07.205 + 1498.5s §CLAIM §STILL_REFINE start samples=8 triplanarMaterials=52 §MAXQ_FRAME_BUDGET taa=8 ao=12 (bake budget — Alt+S stills are unaffected)
12:55:07.205 + 1498.5s §CLAIM §STILL_REFINE start samples=8 triplanarMaterials=52 §MAXQ_FRAME_BUDGET taa=8 ao=12 (bake budget — Alt+S stills are unaffected)
12:55:07.205 + 1498.5s §CLAIM §STILL_REFINE start samples=8 triplanarMaterials=52 §MAXQ_FRAME_BUDGET taa=8 ao=12 (bake budget — Alt+S stills are unaffected)
12:55:07.205 + 1498.5s §CLAIM §STILL_REFINE start samples=8 triplanarMaterials=52 §MAXQ_FRAME_BUDGET taa=8 ao=12 (bake budget — Alt+S stills are unaffected)
12:55:07.205 + 1498.5s §CLAIM §STILL_REFINE start samples=8 triplanarMaterials=52 §MAXQ_FRAME_BUDGET taa=8 ao=12 (bake budget — Alt+S stills are unaffected)
12:55:07.205 + 1498.5s §CLAIM §STILL_REFINE start samples=8 triplanarMaterials=52 §MAXQ_FRAME_BUDGET taa=8 ao=12 (bake budget — Alt+S stills are unaffected)
12:55:07.205 + 1498.5s §CLAIM §STILL_REFINE start samples=8 triplanarMaterials=52 §MAXQ_FRAME_BUDGET taa=8 ao=12 (bake budget — Alt+S stills are unaffected)
12:55:07.205 + 1498.5s §CLAIM §STILL_REFINE start samples=8 triplanarMaterials=52 §MAXQ_FRAME_BUDGET taa=8 ao=12 (bake budget — Alt+S stills are unaffected)
12:55:07.205 + 1498.5s §CLAIM §STILL_REFINE start samples=8 triplanarMaterials=52 §MAXQ_FRAME_BUDGET taa=8 ao=12 (bake budget — Alt+S stills are unaffected)
12:55:07.205 + 1498.5s §CLAIM §STILL_REFINE start samples=8 triplanarMaterials=52 §MAXQ_FRAME_BUDGET taa=8 ao=12 (bake budget — Alt+S stills are unaffected)
12:55:07.205 + 1498.5s §CLAIM §STILL_REFINE start samples=8 triplanarMaterials=52 §MAXQ_FRAME_BUDGET taa=8 ao=12 (bake budget — Alt+S stills are unaffected)
12:55:07.205 + 1498.5s §CLAIM §STILL_REFINE start samples=8 triplanarMaterials=52 §MAXQ_FRAME_BUDGET taa=8 ao=12 (bake budget — Alt+S stills are unaffected)
12:55:07.205 + 1498.5s §CLAIM §STILL_REFINE start samples=8 triplanarMaterials=52 §MAXQ_FRAME_BUDGET taa=8 ao=12 (bake budget — Alt+S stills are unaffected)
12:55:07.205 + 1498.5s §CLAIM §STILL_REFINE start samples=8 triplanarMaterials=52 §MAXQ_FRAME_BUDGET taa=8 ao=12 (bake budget — Alt+S stills are unaffected)
12:55:07.205 + 1498.5s §CLAIM §STILL_REFINE start samples=8 triplanarMaterials=52 §MAXQ_FRAME_BUDGET taa=8 ao=12 (bake budget — Alt+S stills are unaffected)
12:55:07.205 + 1498.5s §CLAIM §STILL_REFINE start samples=8 triplanarMaterials=52 §MAXQ_FRAME_BUDGET taa=8 ao=12 (bake budget — Alt+S stills are unaffected)
12:55:07.205 + 1498.5s §CLAIM §STILL_REFINE start samples=8 triplanarMaterials=52 §MAXQ_FRAME_BUDGET taa=8 ao=12 (bake budget — Alt+S stills are unaffected)
12:55:07.205 + 1498.5s §CLAIM §STILL_REFINE start samples=8 triplanarMaterials=52 §MAXQ_FRAME_BUDGET taa=8 ao=12 (bake budget — Alt+S stills are unaffected)
12:55:07.205 + 1498.5s §CLAIM §STILL_REFINE start samples=8 triplanarMaterials=52 §MAXQ_FRAME_BUDGET taa=8 ao=12 (bake budget — Alt+S stills are unaffected)
12:55:07.205 + 1498.5s §CLAIM §STILL_REFINE start samples=8 triplanarMaterials=52 §MAXQ_FRAME_BUDGET taa=8 ao=12 (bake budget — Alt+S stills are unaffected)
12:55:07.205 + 1498.5s §CLAIM §STILL_REFINE start samples=8 triplanarMaterials=52 §MAXQ_FRAME_BUDGET taa=8 ao=12 (bake budget — Alt+S stills are unaffected)
12:55:07.205 + 1498.5s §CLAIM §STILL_REFINE start samples=8 triplanarMaterials=52 §MAXQ_FRAME_BUDGET taa=8 ao=12 (bake budget — Alt+S stills are unaffected)
12:55:07.205 + 1498.5s §CLAIM §STILL_REFINE start samples=8 triplanarMaterials=52 §MAXQ_FRAME_BUDGET taa=8 ao=12 (bake budget — Alt+S stills are unaffected)
12:55:07.205 + 1498.5s §CLAIM §STILL_REFINE start samples=8 triplanarMaterials=52 §MAXQ_FRAME_BUDGET taa=8 ao=12 (bake budget — Alt+S stills are unaffected)
12:55:07.205 + 1498.5s §CLAIM §STILL_REFINE start samples=8 triplanarMaterials=52 §MAXQ_FRAME_BUDGET taa=8 ao=12 (bake budget — Alt+S stills are unaffected)
12:55:07.205 + 1498.5s §CLAIM §STILL_REFINE start samples=8 triplanarMaterials=52 §MAXQ_FRAME_BUDGET taa=8 ao=12 (bake budget — Alt+S stills are unaffected)
12:55:07.205 + 1498.5s §CLAIM §STILL_REFINE start samples=8 triplanarMaterials=52 §MAXQ_FRAME_BUDGET taa=8 ao=12 (bake budget — Alt+S stills are unaffected)
12:55:07.205 + 1498.5s §CLAIM §STILL_REFINE start samples=8 triplanarMaterials=52 §MAXQ_FRAME_BUDGET taa=8 ao=12 (bake budget — Alt+S stills are unaffected)
12:55:07.205 + 1498.5s §CLAIM §STILL_REFINE start samples=8 triplanarMaterials=52 §MAXQ_FRAME_BUDGET taa=8 ao=12 (bake budget — Alt+S stills are unaffected)
12:55:07.205 + 1498.5s §CLAIM §STILL_REFINE start samples=8 triplanarMaterials=52 §MAXQ_FRAME_BUDGET taa=8 ao=12 (bake budget — Alt+S stills are unaffected)
12:55:07.205 + 1498.5s §CLAIM §STILL_REFINE start samples=8 triplanarMaterials=52 §MAXQ_FRAME_BUDGET taa=8 ao=12 (bake budget — Alt+S stills are unaffected)
12:55:07.205 + 1498.5s §CLAIM §STILL_REFINE start samples=8 triplanarMaterials=52 §MAXQ_FRAME_BUDGET taa=8 ao=12 (bake budget — Alt+S stills are unaffected)
12:55:07.205 + 1498.5s §CLAIM §STILL_REFINE start samples=8 triplanarMaterials=52 §MAXQ_FRAME_BUDGET taa=8 ao=12 (bake budget — Alt+S stills are unaffected)
12:55:07.205 + 1498.5s §CLAIM §STILL_REFINE start samples=8 triplanarMaterials=52 §MAXQ_FRAME_BUDGET taa=8 ao=12 (bake budget — Alt+S stills are unaffected)
12:55:07.205 + 1498.5s §CLAIM §STILL_REFINE start samples=8 triplanarMaterials=52 §MAXQ_FRAME_BUDGET taa=8 ao=12 (bake budget — Alt+S stills are unaffected)
12:55:07.205 + 1498.5s §CLAIM §STILL_REFINE start samples=8 triplanarMaterials=52 §MAXQ_FRAME_BUDGET taa=8 ao=12 (bake budget — Alt+S stills are unaffected)
12:55:07.205 + 1498.5s §CLAIM §STILL_REFINE start samples=8 triplanarMaterials=52 §MAXQ_FRAME_BUDGET taa=8 ao=12 (bake budget — Alt+S stills are unaffected)
12:55:07.205 + 1498.5s §CLAIM §STILL_REFINE start samples=8 triplanarMaterials=52 §MAXQ_FRAME_BUDGET taa=8 ao=12 (bake budget — Alt+S stills are unaffected)
12:55:07.205 + 1498.5s §CLAIM §STILL_REFINE start samples=8 triplanarMaterials=52 §MAXQ_FRAME_BUDGET taa=8 ao=12 (bake budget — Alt+S stills are unaffected)
12:55:07.205 + 1498.5s §CLAIM §STILL_REFINE start samples=8 triplanarMaterials=52 §MAXQ_FRAME_BUDGET taa=8 ao=12 (bake budget — Alt+S stills are unaffected)
12:55:07.205 + 1498.5s §CLAIM §STILL_REFINE start samples=8 triplanarMaterials=52 §MAXQ_FRAME_BUDGET taa=8 ao=12 (bake budget — Alt+S stills are unaffected)
12:55:07.205 + 1498.5s §CLAIM §STILL_REFINE start samples=8 triplanarMaterials=52 §MAXQ_FRAME_BUDGET taa=8 ao=12 (bake budget — Alt+S stills are unaffected)
12:55:07.205 + 1498.5s §CLAIM §STILL_REFINE start samples=8 triplanarMaterials=52 §MAXQ_FRAME_BUDGET taa=8 ao=12 (bake budget — Alt+S stills are unaffected)
12:55:07.205 + 1498.5s §CLAIM §STILL_REFINE start samples=8 triplanarMaterials=52 §MAXQ_FRAME_BUDGET taa=8 ao=12 (bake budget — Alt+S stills are unaffected)
12:55:07.205 + 1498.5s §CLAIM §STILL_REFINE start samples=8 triplanarMaterials=52 §MAXQ_FRAME_BUDGET taa=8 ao=12 (bake budget — Alt+S stills are unaffected)
12:55:07.205 + 1498.5s §CLAIM §STILL_REFINE start samples=8 triplanarMaterials=52 §MAXQ_FRAME_BUDGET taa=8 ao=12 (bake budget — Alt+S stills are unaffected)
12:55:07.205 + 1498.5s §CLAIM §STILL_REFINE start samples=8 triplanarMaterials=52 §MAXQ_FRAME_BUDGET taa=8 ao=12 (bake budget — Alt+S stills are unaffected)
12:55:07.205 + 1498.5s §CLAIM §STILL_REFINE start samples=8 triplanarMaterials=52 §MAXQ_FRAME_BUDGET taa=8 ao=12 (bake budget — Alt+S stills are unaffected)
12:55:07.205 + 1498.5s §CLAIM §STILL_REFINE start samples=8 triplanarMaterials=52 §MAXQ_FRAME_BUDGET taa=8 ao=12 (bake budget — Alt+S stills are unaffected)
12:55:07.205 + 1498.5s §CLAIM §STILL_REFINE start samples=8 triplanarMaterials=52 §MAXQ_FRAME_BUDGET taa=8 ao=12 (bake budget — Alt+S stills are unaffected)
12:55:07.205 + 1498.5s §CLAIM §STILL_REFINE start samples=8 triplanarMaterials=52 §MAXQ_FRAME_BUDGET taa=8 ao=12 (bake budget — Alt+S stills are unaffected)
12:55:07.205 + 1498.5s §CLAIM §STILL_REFINE start samples=8 triplanarMaterials=52 §MAXQ_FRAME_BUDGET taa=8 ao=12 (bake budget — Alt+S stills are unaffected)
12:55:07.205 + 1498.5s §CLAIM §STILL_REFINE start samples=8 triplanarMaterials=52 §MAXQ_FRAME_BUDGET taa=8 ao=12 (bake budget — Alt+S stills are unaffected)
12:55:07.205 + 1498.5s §CLAIM §MAXQ_START frames=4699 fps=24 path=cinema radius=102.2 height=73.6 size=1280x720
12:55:07.205 + 1498.5s §CLAIM §MAXQ_OVERRIDE_IN source=db:cinema_path bands=4 hoseOps=0 buildup=1 roomTitle=1 reveal=1 durationSec=195.8
12:55:07.205 + 1498.5s §CLAIM §CPE_REVEAL flag=on — retrace round + ARC/STR reveal are real (spec: prompts/CINEMA_DISCIPLINE_REVEAL.md)
12:55:07.205 + 1498.5s §CLAIM §CPE_APPLIED total=195.8s frames=1222 waypoints=8 saved=false
12:55:07.205 + 1498.5s §CLAIM §MAXQ_START_REVISED frames=4699→1222 (path edited; §MAXQ_START above is superseded)
12:55:07.205 + 1498.5s §CLAIM §MAXQ_HDRI_RACE waitedMs=0
12:55:07.205 + 1498.5s §CLAIM §CPE_BUILDUP_TOPOUT topoutU=0.361 src=plan.beats.pullout (reveal round active) — construction completes at the closing-orbit boundary; the pull-back shows the topping-out and the orbit circles the FINISHED building (solar-panel lesson 2026-08-02)
12:55:07.205 + 1498.5s §CLAIM §CPE_STATS_TAIL reveal round entered at frame 0/1222 u=0.000 boundary=topoutU 0.361 slots=15 (roster + 15 cards) pie=dropped (§CPE_PIE_FLYOUT_DROP)
12:55:07.205 + 1498.5s §CLAIM §CPE_STATS_TAIL revolvedFrames=1222/1222 (100% of the film) — highlights in play for the whole Reveal round, roster included
12:55:07.205 + 1498.5s §CLAIM §CPE_PIE_HOLD heldFrames=0/1222 (0% of the film) — trades were active for every frame, the pie was never held
12:55:07.205 + 1498.5s §CLAIM §MAXQ_QUALITY frames=1222 unconverged=0 (every frame converged) hiddenPauses=0 totalHiddenMs=0
12:55:07.205 + 1498.5s §CLAIM §MAXQ_DELIVERED bytes=27937466 name=BIM_MaxQ_Hospital_1788699301960.mp4
12:55:07.205 + 1498.5s §CLAIM §MAXQ_DONE frames=1222 bytes=27937466 type=video/mp4 codec=avc1.640034
12:55:07.205 + 1498.5s §CLI_BAKE_WALL totalSec=1473 aborted=no fileOk=true
