18:28:09.992 +    0.0s §CLI_BAKE_ENV root=/tmp/wt-storey-reveal commit=f9dd63e8 sw=v1159 db=Hospital_silent_local gpu=real out=/tmp/wt-storey-reveal/out/Hospital_FULL_720p_2026-09-07.mp4
18:28:10.218 +    0.2s §CLI_BAKE_NAV http://127.0.0.1:8544/viewer/viewer.html?db=/buildings/Hospital_silent_local.db
18:28:31.067 +   21.1s §CLI_BAKE_LOADED building=Hospital meshes=4499
18:28:31.068 +   21.1s §CLI_BAKE_PREWARM_SEEN §PHOTO_PREWARM ms=4126 did=[mepSmooth,hdri,groundTex] — this work is now OFF the first Alt+S press (measured 8,923.6 ms of it on Hospital)
18:28:31.106 +   21.1s §CLI_BAKE_GL vendor="Google Inc. (NVIDIA Corporation)" renderer="ANGLE (NVIDIA Corporation, NVIDIA GeForce RTX 4060 Laptop GPU/PCIe/SSE2, OpenGL ES 3.2)"
18:28:32.239 +   22.3s §CLI_BAKE_BUILDUP_RESOLVED on=1 source=stored-path — decides whether the Time Machine is primed before the bake asks for a timeline
18:28:33.411 +   23.4s §CLI_BAKE_TM_PRIME ok ms=1145
18:28:59.639 +   49.7s §CLI_BAKE_PROGRESS frame=12/2937 0.4% rate=0.428s/frame (trailing 2) elapsed=11s eta=20m51s (2925 frames left) — early estimate runs LOW; frames get heavier as the model fills in
18:29:29.651 +   79.7s §CLI_BAKE_PROGRESS frame=78/2937 2.7% rate=0.466s/frame (trailing 8) elapsed=42s eta=22m12s (2859 frames left) — early estimate runs LOW; frames get heavier as the model fills in
18:29:59.684 +  109.7s §CLI_BAKE_PROGRESS frame=134/2937 4.6% rate=0.526s/frame (trailing 10) elapsed=1m13s eta=24m35s (2803 frames left) — early estimate runs LOW; frames get heavier as the model fills in
18:30:29.718 +  139.7s §CLI_BAKE_PROGRESS frame=178/2937 6.1% rate=0.588s/frame (trailing 10) elapsed=1m40s eta=27m3s (2759 frames left) — early estimate runs LOW; frames get heavier as the model fills in
18:30:59.751 +  169.8s §CLI_BAKE_PROGRESS frame=231/2937 7.9% rate=0.612s/frame (trailing 10) elapsed=2m12s eta=27m36s (2706 frames left) — early estimate runs LOW; frames get heavier as the model fills in
18:31:29.807 +  199.8s §CLI_BAKE_PROGRESS frame=282/2937 9.6% rate=0.623s/frame (trailing 10) elapsed=2m44s eta=27m33s (2655 frames left) — early estimate runs LOW; frames get heavier as the model fills in
18:31:59.894 +  229.9s §CLI_BAKE_PROGRESS frame=322/2937 11.0% rate=0.639s/frame (trailing 10) elapsed=3m10s eta=27m50s (2615 frames left) — early estimate runs LOW; frames get heavier as the model fills in
18:32:29.938 +  260.0s §CLI_BAKE_PROGRESS frame=366/2937 12.5% rate=0.699s/frame (trailing 10) elapsed=3m42s eta=29m57s (2571 frames left) — early estimate runs LOW; frames get heavier as the model fills in
18:33:00.194 +  290.2s §CLI_BAKE_PROGRESS frame=407/2937 13.9% rate=0.764s/frame (trailing 10) elapsed=4m14s eta=32m13s (2530 frames left) — early estimate runs LOW; frames get heavier as the model fills in
18:33:30.362 +  320.4s §CLI_BAKE_PROGRESS frame=438/2937 14.9% rate=0.823s/frame (trailing 10) elapsed=4m40s eta=34m18s (2499 frames left) — early estimate runs LOW; frames get heavier as the model fills in
18:34:00.407 +  350.4s §CLI_BAKE_PROGRESS frame=477/2937 16.2% rate=0.847s/frame (trailing 10) elapsed=5m13s eta=34m44s (2460 frames left) — early estimate runs LOW; frames get heavier as the model fills in
18:34:30.653 +  380.7s §CLI_BAKE_PROGRESS frame=508/2937 17.3% rate=0.860s/frame (trailing 10) elapsed=5m40s eta=34m48s (2429 frames left) — early estimate runs LOW; frames get heavier as the model fills in
18:35:00.742 +  410.8s §CLI_BAKE_PROGRESS frame=544/2937 18.5% rate=0.876s/frame (trailing 10) elapsed=6m12s eta=34m56s (2393 frames left) — early estimate runs LOW; frames get heavier as the model fills in
18:35:30.961 +  441.0s §CLI_BAKE_PROGRESS frame=574/2937 19.5% rate=0.908s/frame (trailing 10) elapsed=6m40s eta=35m46s (2363 frames left) — early estimate runs LOW; frames get heavier as the model fills in
18:36:01.187 +  471.2s §CLI_BAKE_PROGRESS frame=610/2937 20.8% rate=0.928s/frame (trailing 10) elapsed=7m13s eta=36m0s (2327 frames left) — early estimate runs LOW; frames get heavier as the model fills in
18:36:31.564 +  501.6s §CLI_BAKE_PROGRESS frame=640/2937 21.8% rate=0.930s/frame (trailing 10) elapsed=7m41s eta=35m36s (2297 frames left) — early estimate runs LOW; frames get heavier as the model fills in
18:37:01.894 +  531.9s §CLI_BAKE_PROGRESS frame=675/2937 23.0% rate=0.936s/frame (trailing 10) elapsed=8m15s eta=35m17s (2262 frames left) — early estimate runs LOW; frames get heavier as the model fills in
18:37:32.163 +  562.2s §CLI_BAKE_PROGRESS frame=705/2937 24.0% rate=1.027s/frame (trailing 10) elapsed=8m46s eta=38m13s (2232 frames left) — early estimate runs LOW; frames get heavier as the model fills in
18:38:02.356 +  592.4s §CLI_BAKE_PROGRESS frame=730/2937 24.9% rate=1.122s/frame (trailing 10) elapsed=9m15s eta=41m17s (2207 frames left) — early estimate runs LOW; frames get heavier as the model fills in
18:38:32.665 +  622.7s §CLI_BAKE_PROGRESS frame=753/2937 25.6% rate=1.213s/frame (trailing 10) elapsed=9m44s eta=44m8s (2184 frames left)
18:39:02.985 +  653.0s §CLI_BAKE_PROGRESS frame=775/2937 26.4% rate=1.258s/frame (trailing 10) elapsed=10m12s eta=45m20s (2162 frames left)
18:39:33.186 +  683.2s §CLI_BAKE_PROGRESS frame=803/2937 27.3% rate=1.264s/frame (trailing 10) elapsed=10m47s eta=44m58s (2134 frames left)
18:40:03.244 +  713.3s §CLI_BAKE_PROGRESS frame=827/2937 28.2% rate=1.243s/frame (trailing 10) elapsed=11m16s eta=43m43s (2110 frames left)
18:40:33.416 +  743.4s §CLI_BAKE_PROGRESS frame=852/2937 29.0% rate=1.206s/frame (trailing 10) elapsed=11m46s eta=41m54s (2085 frames left)
18:41:03.534 +  773.6s §CLI_BAKE_PROGRESS frame=877/2937 29.9% rate=1.180s/frame (trailing 10) elapsed=12m16s eta=40m31s (2060 frames left)
18:41:33.692 +  803.7s §CLI_BAKE_PROGRESS frame=902/2937 30.7% rate=1.157s/frame (trailing 10) elapsed=12m44s eta=39m15s (2035 frames left)
18:42:03.844 +  833.9s §CLI_BAKE_PROGRESS frame=927/2937 31.6% rate=1.169s/frame (trailing 10) elapsed=13m14s eta=39m10s (2010 frames left)
18:42:33.976 +  864.0s §CLI_BAKE_PROGRESS frame=952/2937 32.4% rate=1.165s/frame (trailing 10) elapsed=13m43s eta=38m32s (1985 frames left)
18:43:04.312 +  894.3s §CLI_BAKE_PROGRESS frame=982/2937 33.4% rate=1.149s/frame (trailing 10) elapsed=14m17s eta=37m27s (1955 frames left)
18:43:34.368 +  924.4s §CLI_BAKE_PROGRESS frame=1007/2937 34.3% rate=1.168s/frame (trailing 10) elapsed=14m47s eta=37m34s (1930 frames left)
18:44:04.517 +  954.5s §CLI_BAKE_PROGRESS frame=1032/2937 35.1% rate=1.191s/frame (trailing 10) elapsed=15m17s eta=37m49s (1905 frames left)
18:44:34.956 +  985.0s §CLI_BAKE_PROGRESS frame=1055/2937 35.9% rate=1.230s/frame (trailing 10) elapsed=15m45s eta=38m35s (1882 frames left)
18:45:05.267 + 1015.3s §CLI_BAKE_PROGRESS frame=1080/2937 36.8% rate=1.294s/frame (trailing 10) elapsed=16m18s eta=40m2s (1857 frames left)
18:45:35.522 + 1045.5s §CLI_BAKE_PROGRESS frame=1104/2937 37.6% rate=1.256s/frame (trailing 10) elapsed=16m47s eta=38m22s (1833 frames left)
18:46:05.805 + 1075.8s §CLI_BAKE_PROGRESS frame=1129/2937 38.4% rate=1.163s/frame (trailing 10) elapsed=17m15s eta=35m2s (1808 frames left)
18:46:36.065 + 1106.1s §CLI_BAKE_PROGRESS frame=1159/2937 39.5% rate=1.086s/frame (trailing 10) elapsed=17m47s eta=32m11s (1778 frames left)
18:47:06.339 + 1136.4s §CLI_BAKE_PROGRESS frame=1190/2937 40.5% rate=1.052s/frame (trailing 10) elapsed=18m20s eta=30m38s (1747 frames left)
18:47:36.657 + 1166.7s §CLI_BAKE_PROGRESS frame=1213/2937 41.3% rate=1.171s/frame (trailing 10) elapsed=18m49s eta=33m39s (1724 frames left)
18:48:06.774 + 1196.8s §CLI_BAKE_PROGRESS frame=1238/2937 42.2% rate=1.170s/frame (trailing 10) elapsed=19m16s eta=33m7s (1699 frames left)
18:48:36.950 + 1227.0s §CLI_BAKE_PROGRESS frame=1263/2937 43.0% rate=1.133s/frame (trailing 10) elapsed=19m45s eta=31m36s (1674 frames left)
18:49:07.102 + 1257.1s §CLI_BAKE_PROGRESS frame=1288/2937 43.9% rate=1.198s/frame (trailing 10) elapsed=20m16s eta=32m55s (1649 frames left)
18:49:37.340 + 1287.4s §CLI_BAKE_PROGRESS frame=1318/2937 44.9% rate=1.147s/frame (trailing 10) elapsed=20m49s eta=30m58s (1619 frames left)
18:50:07.594 + 1317.6s §CLI_BAKE_PROGRESS frame=1343/2937 45.7% rate=1.102s/frame (trailing 10) elapsed=21m17s eta=29m17s (1594 frames left)
18:50:37.712 + 1347.7s §CLI_BAKE_PROGRESS frame=1375/2937 46.8% rate=1.059s/frame (trailing 10) elapsed=21m50s eta=27m35s (1562 frames left)
18:51:07.952 + 1378.0s §CLI_BAKE_PROGRESS frame=1411/2937 48.0% rate=0.879s/frame (trailing 10) elapsed=22m22s eta=22m21s (1526 frames left)
18:51:37.986 + 1408.0s §CLI_BAKE_PROGRESS frame=1441/2937 49.1% rate=0.914s/frame (trailing 10) elapsed=22m50s eta=22m47s (1496 frames left)
18:52:08.149 + 1438.2s §CLI_BAKE_PROGRESS frame=1477/2937 50.3% rate=0.916s/frame (trailing 10) elapsed=23m22s eta=22m17s (1460 frames left)
18:52:38.200 + 1468.2s §CLI_BAKE_PROGRESS frame=1507/2937 51.3% rate=0.894s/frame (trailing 10) elapsed=23m49s eta=21m19s (1430 frames left)
18:53:08.307 + 1498.3s §CLI_BAKE_PROGRESS frame=1546/2937 52.6% rate=0.845s/frame (trailing 10) elapsed=24m22s eta=19m35s (1391 frames left)
18:53:38.405 + 1528.4s §CLI_BAKE_PROGRESS frame=1581/2937 53.8% rate=0.809s/frame (trailing 10) elapsed=24m49s eta=18m17s (1356 frames left)
18:54:08.490 + 1558.5s §CLI_BAKE_PROGRESS frame=1623/2937 55.3% rate=0.770s/frame (trailing 10) elapsed=25m21s eta=16m52s (1314 frames left)
18:54:38.603 + 1588.6s §CLI_BAKE_PROGRESS frame=1658/2937 56.5% rate=0.760s/frame (trailing 10) elapsed=25m48s eta=16m12s (1279 frames left)
18:55:08.851 + 1618.9s §CLI_BAKE_PROGRESS frame=1700/2937 57.9% rate=0.796s/frame (trailing 10) elapsed=26m22s eta=16m24s (1237 frames left)
18:55:38.919 + 1648.9s §CLI_BAKE_PROGRESS frame=1734/2937 59.0% rate=0.820s/frame (trailing 10) elapsed=26m50s eta=16m27s (1203 frames left)
18:56:09.020 + 1679.0s §CLI_BAKE_PROGRESS frame=1776/2937 60.5% rate=0.799s/frame (trailing 10) elapsed=27m23s eta=15m28s (1161 frames left)
18:56:39.085 + 1709.1s §CLI_BAKE_PROGRESS frame=1811/2937 61.7% rate=0.775s/frame (trailing 10) elapsed=27m50s eta=14m33s (1126 frames left)
18:57:09.168 + 1739.2s §CLI_BAKE_PROGRESS frame=1854/2937 63.1% rate=0.744s/frame (trailing 10) elapsed=28m21s eta=13m26s (1083 frames left)
18:57:39.338 + 1769.4s §CLI_BAKE_PROGRESS frame=1885/2937 64.2% rate=0.820s/frame (trailing 10) elapsed=28m50s eta=14m22s (1052 frames left)
18:58:09.399 + 1799.4s §CLI_BAKE_PROGRESS frame=1917/2937 65.3% rate=0.985s/frame (trailing 10) elapsed=29m22s eta=16m45s (1020 frames left)
18:58:39.420 + 1829.4s §CLI_BAKE_PROGRESS frame=1945/2937 66.2% rate=0.984s/frame (trailing 10) elapsed=29m49s eta=16m16s (992 frames left)
18:59:09.538 + 1859.6s §CLI_BAKE_PROGRESS frame=1981/2937 67.4% rate=0.940s/frame (trailing 10) elapsed=30m23s eta=14m59s (956 frames left)
18:59:39.733 + 1889.8s §CLI_BAKE_PROGRESS frame=2011/2937 68.5% rate=0.908s/frame (trailing 10) elapsed=30m49s eta=14m1s (926 frames left)
19:00:09.947 + 1920.0s §CLI_BAKE_PROGRESS frame=2048/2937 69.7% rate=0.861s/frame (trailing 10) elapsed=31m21s eta=12m45s (889 frames left)
19:00:40.171 + 1950.2s §CLI_BAKE_PROGRESS frame=2089/2937 71.1% rate=0.822s/frame (trailing 10) elapsed=31m54s eta=11m37s (848 frames left)
19:01:10.336 + 1980.4s §CLI_BAKE_PROGRESS frame=2124/2937 72.3% rate=0.799s/frame (trailing 10) elapsed=32m22s eta=10m50s (813 frames left)
19:01:40.491 + 2010.5s §CLI_BAKE_PROGRESS frame=2165/2937 73.7% rate=0.791s/frame (trailing 10) elapsed=32m54s eta=10m11s (772 frames left)
19:02:10.644 + 2040.7s §CLI_BAKE_PROGRESS frame=2194/2937 74.7% rate=0.867s/frame (trailing 10) elapsed=33m21s eta=10m44s (743 frames left)
19:02:40.668 + 2070.7s §CLI_BAKE_PROGRESS frame=2239/2937 76.2% rate=0.792s/frame (trailing 10) elapsed=33m54s eta=9m13s (698 frames left)
19:03:10.700 + 2100.7s §CLI_BAKE_PROGRESS frame=2280/2937 77.6% rate=0.670s/frame (trailing 10) elapsed=34m21s eta=7m20s (657 frames left)
19:03:40.758 + 2130.8s §CLI_BAKE_PROGRESS frame=2325/2937 79.2% rate=0.696s/frame (trailing 10) elapsed=34m53s eta=7m6s (612 frames left)
19:04:10.918 + 2160.9s §CLI_BAKE_PROGRESS frame=2354/2937 80.1% rate=0.950s/frame (trailing 10) elapsed=35m25s eta=9m14s (583 frames left)
19:04:41.380 + 2191.4s §CLI_BAKE_PROGRESS frame=2374/2937 80.8% rate=1.310s/frame (trailing 10) elapsed=35m55s eta=12m18s (563 frames left)
19:05:11.624 + 2221.6s §CLI_BAKE_PROGRESS frame=2394/2937 81.5% rate=1.477s/frame (trailing 10) elapsed=36m24s eta=13m22s (543 frames left)
19:05:42.061 + 2252.1s §CLI_BAKE_PROGRESS frame=2414/2937 82.2% rate=1.517s/frame (trailing 10) elapsed=36m55s eta=13m13s (523 frames left)
19:06:12.358 + 2282.4s §CLI_BAKE_PROGRESS frame=2430/2937 82.7% rate=1.560s/frame (trailing 10) elapsed=37m21s eta=13m11s (507 frames left)
19:06:42.613 + 2312.6s §CLI_BAKE_PROGRESS frame=2450/2937 83.4% rate=1.584s/frame (trailing 10) elapsed=37m52s eta=12m51s (487 frames left)
19:07:13.005 + 2343.0s §CLI_BAKE_PROGRESS frame=2469/2937 84.1% rate=1.600s/frame (trailing 10) elapsed=38m23s eta=12m29s (468 frames left)
19:07:43.349 + 2373.4s §CLI_BAKE_PROGRESS frame=2488/2937 84.7% rate=1.637s/frame (trailing 10) elapsed=38m54s eta=12m15s (449 frames left)
19:08:13.634 + 2403.7s §CLI_BAKE_PROGRESS frame=2508/2937 85.4% rate=1.630s/frame (trailing 10) elapsed=39m27s eta=11m39s (429 frames left)
19:08:44.041 + 2434.1s §CLI_BAKE_PROGRESS frame=2527/2937 86.0% rate=1.624s/frame (trailing 10) elapsed=39m57s eta=11m6s (410 frames left)
19:09:14.179 + 2464.2s §CLI_BAKE_PROGRESS frame=2542/2937 86.6% rate=1.627s/frame (trailing 10) elapsed=40m22s eta=10m43s (395 frames left)
19:09:44.291 + 2494.3s §CLI_BAKE_PROGRESS frame=2563/2937 87.3% rate=1.655s/frame (trailing 10) elapsed=40m57s eta=10m19s (374 frames left)
19:10:14.322 + 2524.3s §CLI_BAKE_PROGRESS frame=2580/2937 87.8% rate=1.672s/frame (trailing 10) elapsed=41m25s eta=9m57s (357 frames left)
19:10:44.609 + 2554.6s §CLI_BAKE_PROGRESS frame=2599/2937 88.5% rate=1.646s/frame (trailing 10) elapsed=41m56s eta=9m16s (338 frames left)
19:11:14.786 + 2584.8s §CLI_BAKE_PROGRESS frame=2615/2937 89.0% rate=1.637s/frame (trailing 10) elapsed=42m23s eta=8m47s (322 frames left)
19:11:44.974 + 2615.0s §CLI_BAKE_PROGRESS frame=2635/2937 89.7% rate=1.654s/frame (trailing 10) elapsed=42m56s eta=8m20s (302 frames left)
19:12:15.438 + 2645.5s §CLI_BAKE_PROGRESS frame=2654/2937 90.4% rate=1.647s/frame (trailing 10) elapsed=43m27s eta=7m46s (283 frames left)
19:12:45.701 + 2675.7s §CLI_BAKE_PROGRESS frame=2672/2937 91.0% rate=1.649s/frame (trailing 10) elapsed=43m57s eta=7m17s (265 frames left)
19:13:16.227 + 2706.2s §CLI_BAKE_PROGRESS frame=2691/2937 91.6% rate=1.642s/frame (trailing 10) elapsed=44m28s eta=6m44s (246 frames left)
19:13:46.483 + 2736.5s §CLI_BAKE_PROGRESS frame=2707/2937 92.2% rate=1.671s/frame (trailing 10) elapsed=44m55s eta=6m24s (230 frames left)
19:14:16.766 + 2766.8s §CLI_BAKE_PROGRESS frame=2726/2937 92.8% rate=1.664s/frame (trailing 10) elapsed=45m26s eta=5m51s (211 frames left)
19:14:47.632 + 2797.7s §CLI_BAKE_PROGRESS frame=2741/2937 93.3% rate=1.713s/frame (trailing 10) elapsed=45m53s eta=5m36s (196 frames left)
19:15:18.886 + 2828.9s §CLI_BAKE_PROGRESS frame=2749/2937 93.6% rate=2.491s/frame (trailing 10) elapsed=46m27s eta=7m48s (188 frames left)
19:15:50.072 + 2860.1s §CLI_BAKE_PROGRESS frame=2757/2937 93.9% rate=4.043s/frame (trailing 10) elapsed=47m3s eta=12m8s (180 frames left)
19:16:20.710 + 2890.7s §CLI_BAKE_PROGRESS frame=2763/2937 94.1% rate=4.306s/frame (trailing 10) elapsed=47m28s eta=12m29s (174 frames left)
19:16:51.270 + 2921.3s §CLI_BAKE_PROGRESS frame=2771/2937 94.3% rate=4.341s/frame (trailing 10) elapsed=48m3s eta=12m1s (166 frames left)
19:17:22.349 + 2952.4s §CLI_BAKE_PROGRESS frame=2779/2937 94.6% rate=4.270s/frame (trailing 10) elapsed=48m36s eta=11m15s (158 frames left)
19:17:53.022 + 2983.0s §CLI_BAKE_PROGRESS frame=2785/2937 94.8% rate=4.311s/frame (trailing 10) elapsed=49m3s eta=10m55s (152 frames left)
19:18:24.271 + 3014.3s §CLI_BAKE_PROGRESS frame=2793/2937 95.1% rate=4.280s/frame (trailing 10) elapsed=49m37s eta=10m16s (144 frames left)
19:18:55.088 + 3045.1s §CLI_BAKE_PROGRESS frame=2799/2937 95.3% rate=4.360s/frame (trailing 10) elapsed=50m3s eta=10m2s (138 frames left)
19:19:26.053 + 3076.1s §CLI_BAKE_PROGRESS frame=2807/2937 95.6% rate=4.335s/frame (trailing 10) elapsed=50m38s eta=9m23s (130 frames left)
19:19:57.206 + 3107.2s §CLI_BAKE_PROGRESS frame=2813/2937 95.8% rate=4.366s/frame (trailing 10) elapsed=51m4s eta=9m1s (124 frames left)
19:20:27.452 + 3137.5s §CLI_BAKE_PROGRESS frame=2834/2937 96.5% rate=2.348s/frame (trailing 10) elapsed=51m37s eta=4m2s (103 frames left)
19:20:57.641 + 3167.7s §CLI_BAKE_PROGRESS frame=2861/2937 97.4% rate=1.247s/frame (trailing 10) elapsed=52m11s eta=1m35s (76 frames left)
19:21:27.846 + 3197.9s §CLI_BAKE_PROGRESS frame=2884/2937 98.2% rate=1.234s/frame (trailing 10) elapsed=52m39s eta=1m5s (53 frames left)
19:21:57.981 + 3228.0s §CLI_BAKE_PROGRESS frame=2908/2937 99.0% rate=1.229s/frame (trailing 10) elapsed=53m9s eta=36s (29 frames left)
19:22:28.356 + 3258.4s §CLI_BAKE_PROGRESS frame=2932/2937 99.8% rate=1.234s/frame (trailing 10) elapsed=53m39s eta=6s (5 frames left)
19:22:58.368 + 3288.4s §CLI_BAKE_PROGRESS frame=2936/2937 100.0% rate=1.234s/frame (trailing 10) elapsed=53m43s eta=1s (1 frames left)
19:23:10.675 + 3300.7s §CLI_BAKE_SINK begin name=BIM_MaxQ_Hospital_1788722590609.mp4 type=video/mp4 totalBytes=67427857 → /tmp/wt-storey-reveal/out/Hospital_FULL_720p_2026-09-07.mp4
19:23:13.122 + 3303.1s §CLI_BAKE_SINK end bytes=67427857
19:23:13.372 + 3303.4s §CLI_BAKE_RESULT {"ok":true,"r":{"source":"db:cinema_path","deliveredBytes":67427857}}
19:23:13.378 + 3303.4s §CLI_BAKE_FRAMES poses=2937 meanMs=1095.9 p50Ms=946.7 worstMs=4889
19:23:14.161 + 3304.2s §CLI_BAKE_POSECHECK frames=2937 maxErrVsOverridePlanM=0 (MATCH) meanDistVsDerivedPlanM=63.22 (differs — the stored path, not the derived one) bandAnchorMinDistM=[0.03,0.01,0,0.01]
19:23:14.161 + 3304.2s §CLI_BAKE_HEAP samples=163 minMB=207 maxMB=2505 lastMB=295
19:23:14.162 + 3304.2s §CLI_BAKE_FILE path=/tmp/wt-storey-reveal/out/Hospital_FULL_720p_2026-09-07.mp4 bytes=67427857
19:23:19.850 + 3309.9s §CLI_BAKE_FFPROBE codec=h264 1280x720 frames=2937 fps=15/1 durationSec=195.800000 bitrate=2754968
19:23:19.850 + 3309.9s §CLAIM §PHOTO_PREWARM ms=4126 did=[mepSmooth,hdri,groundTex] — this work is now OFF the first Alt+S press (measured 8,923.6 ms of it on Hospital)
19:23:19.850 + 3309.9s §CLAIM §CINEMA_PATH_RESTORE bands=4 total=278.8s holdCol=true holds=0 flagCol=true buildup=1 roomTitle=1 reveal=1 dayCounter=tl — authored path in force
19:23:19.850 + 3309.9s §CLAIM §CLI_BAKE_RESOLVED source=db:cinema_path bands=4 total=278.8s buildup=1 roomTitle=1 reveal=1 dayCounter=tl storeyReveal=1
19:23:19.850 + 3309.9s §CLAIM §MAXQ_FRAME_BUDGET taa=8 ao=12 renders/frame=20 (was 16+24=40) — bake only, Alt+S stills keep the full fold
19:23:19.850 + 3309.9s §CLAIM §STILL_REFINE start samples=8 triplanarMaterials=52 §MAXQ_FRAME_BUDGET taa=8 ao=12 (bake budget — Alt+S stills are unaffected)
19:23:19.850 + 3309.9s §CLAIM §STILL_REFINE start samples=8 triplanarMaterials=52 §MAXQ_FRAME_BUDGET taa=8 ao=12 (bake budget — Alt+S stills are unaffected)
19:23:19.850 + 3309.9s §CLAIM §STILL_REFINE start samples=8 triplanarMaterials=52 §MAXQ_FRAME_BUDGET taa=8 ao=12 (bake budget — Alt+S stills are unaffected)
19:23:19.850 + 3309.9s §CLAIM §STILL_REFINE start samples=8 triplanarMaterials=52 §MAXQ_FRAME_BUDGET taa=8 ao=12 (bake budget — Alt+S stills are unaffected)
19:23:19.850 + 3309.9s §CLAIM §STILL_REFINE start samples=8 triplanarMaterials=52 §MAXQ_FRAME_BUDGET taa=8 ao=12 (bake budget — Alt+S stills are unaffected)
19:23:19.850 + 3309.9s §CLAIM §STILL_REFINE start samples=8 triplanarMaterials=52 §MAXQ_FRAME_BUDGET taa=8 ao=12 (bake budget — Alt+S stills are unaffected)
19:23:19.850 + 3309.9s §CLAIM §STILL_REFINE start samples=8 triplanarMaterials=52 §MAXQ_FRAME_BUDGET taa=8 ao=12 (bake budget — Alt+S stills are unaffected)
19:23:19.850 + 3309.9s §CLAIM §STILL_REFINE start samples=8 triplanarMaterials=52 §MAXQ_FRAME_BUDGET taa=8 ao=12 (bake budget — Alt+S stills are unaffected)
19:23:19.850 + 3309.9s §CLAIM §STILL_REFINE start samples=8 triplanarMaterials=52 §MAXQ_FRAME_BUDGET taa=8 ao=12 (bake budget — Alt+S stills are unaffected)
19:23:19.850 + 3309.9s §CLAIM §STILL_REFINE start samples=8 triplanarMaterials=52 §MAXQ_FRAME_BUDGET taa=8 ao=12 (bake budget — Alt+S stills are unaffected)
19:23:19.850 + 3309.9s §CLAIM §STILL_REFINE start samples=8 triplanarMaterials=52 §MAXQ_FRAME_BUDGET taa=8 ao=12 (bake budget — Alt+S stills are unaffected)
19:23:19.850 + 3309.9s §CLAIM §STILL_REFINE start samples=8 triplanarMaterials=52 §MAXQ_FRAME_BUDGET taa=8 ao=12 (bake budget — Alt+S stills are unaffected)
19:23:19.850 + 3309.9s §CLAIM §STILL_REFINE start samples=8 triplanarMaterials=52 §MAXQ_FRAME_BUDGET taa=8 ao=12 (bake budget — Alt+S stills are unaffected)
19:23:19.850 + 3309.9s §CLAIM §STILL_REFINE start samples=8 triplanarMaterials=52 §MAXQ_FRAME_BUDGET taa=8 ao=12 (bake budget — Alt+S stills are unaffected)
19:23:19.850 + 3309.9s §CLAIM §STILL_REFINE start samples=8 triplanarMaterials=52 §MAXQ_FRAME_BUDGET taa=8 ao=12 (bake budget — Alt+S stills are unaffected)
19:23:19.850 + 3309.9s §CLAIM §STILL_REFINE start samples=8 triplanarMaterials=52 §MAXQ_FRAME_BUDGET taa=8 ao=12 (bake budget — Alt+S stills are unaffected)
19:23:19.850 + 3309.9s §CLAIM §STILL_REFINE start samples=8 triplanarMaterials=52 §MAXQ_FRAME_BUDGET taa=8 ao=12 (bake budget — Alt+S stills are unaffected)
19:23:19.850 + 3309.9s §CLAIM §STILL_REFINE start samples=8 triplanarMaterials=52 §MAXQ_FRAME_BUDGET taa=8 ao=12 (bake budget — Alt+S stills are unaffected)
19:23:19.850 + 3309.9s §CLAIM §STILL_REFINE start samples=8 triplanarMaterials=52 §MAXQ_FRAME_BUDGET taa=8 ao=12 (bake budget — Alt+S stills are unaffected)
19:23:19.850 + 3309.9s §CLAIM §STILL_REFINE start samples=8 triplanarMaterials=52 §MAXQ_FRAME_BUDGET taa=8 ao=12 (bake budget — Alt+S stills are unaffected)
19:23:19.850 + 3309.9s §CLAIM §STILL_REFINE start samples=8 triplanarMaterials=52 §MAXQ_FRAME_BUDGET taa=8 ao=12 (bake budget — Alt+S stills are unaffected)
19:23:19.850 + 3309.9s §CLAIM §STILL_REFINE start samples=8 triplanarMaterials=52 §MAXQ_FRAME_BUDGET taa=8 ao=12 (bake budget — Alt+S stills are unaffected)
19:23:19.850 + 3309.9s §CLAIM §STILL_REFINE start samples=8 triplanarMaterials=52 §MAXQ_FRAME_BUDGET taa=8 ao=12 (bake budget — Alt+S stills are unaffected)
19:23:19.850 + 3309.9s §CLAIM §STILL_REFINE start samples=8 triplanarMaterials=52 §MAXQ_FRAME_BUDGET taa=8 ao=12 (bake budget — Alt+S stills are unaffected)
19:23:19.850 + 3309.9s §CLAIM §STILL_REFINE start samples=8 triplanarMaterials=52 §MAXQ_FRAME_BUDGET taa=8 ao=12 (bake budget — Alt+S stills are unaffected)
19:23:19.850 + 3309.9s §CLAIM §STILL_REFINE start samples=8 triplanarMaterials=52 §MAXQ_FRAME_BUDGET taa=8 ao=12 (bake budget — Alt+S stills are unaffected)
19:23:19.850 + 3309.9s §CLAIM §STILL_REFINE start samples=8 triplanarMaterials=52 §MAXQ_FRAME_BUDGET taa=8 ao=12 (bake budget — Alt+S stills are unaffected)
19:23:19.850 + 3309.9s §CLAIM §STILL_REFINE start samples=8 triplanarMaterials=52 §MAXQ_FRAME_BUDGET taa=8 ao=12 (bake budget — Alt+S stills are unaffected)
19:23:19.850 + 3309.9s §CLAIM §STILL_REFINE start samples=8 triplanarMaterials=52 §MAXQ_FRAME_BUDGET taa=8 ao=12 (bake budget — Alt+S stills are unaffected)
19:23:19.850 + 3309.9s §CLAIM §STILL_REFINE start samples=8 triplanarMaterials=52 §MAXQ_FRAME_BUDGET taa=8 ao=12 (bake budget — Alt+S stills are unaffected)
19:23:19.850 + 3309.9s §CLAIM §STILL_REFINE start samples=8 triplanarMaterials=52 §MAXQ_FRAME_BUDGET taa=8 ao=12 (bake budget — Alt+S stills are unaffected)
19:23:19.850 + 3309.9s §CLAIM §STILL_REFINE start samples=8 triplanarMaterials=52 §MAXQ_FRAME_BUDGET taa=8 ao=12 (bake budget — Alt+S stills are unaffected)
19:23:19.850 + 3309.9s §CLAIM §STILL_REFINE start samples=8 triplanarMaterials=52 §MAXQ_FRAME_BUDGET taa=8 ao=12 (bake budget — Alt+S stills are unaffected)
19:23:19.850 + 3309.9s §CLAIM §STILL_REFINE start samples=8 triplanarMaterials=52 §MAXQ_FRAME_BUDGET taa=8 ao=12 (bake budget — Alt+S stills are unaffected)
19:23:19.850 + 3309.9s §CLAIM §STILL_REFINE start samples=8 triplanarMaterials=52 §MAXQ_FRAME_BUDGET taa=8 ao=12 (bake budget — Alt+S stills are unaffected)
19:23:19.850 + 3309.9s §CLAIM §STILL_REFINE start samples=8 triplanarMaterials=52 §MAXQ_FRAME_BUDGET taa=8 ao=12 (bake budget — Alt+S stills are unaffected)
19:23:19.850 + 3309.9s §CLAIM §STILL_REFINE start samples=8 triplanarMaterials=52 §MAXQ_FRAME_BUDGET taa=8 ao=12 (bake budget — Alt+S stills are unaffected)
19:23:19.850 + 3309.9s §CLAIM §STILL_REFINE start samples=8 triplanarMaterials=52 §MAXQ_FRAME_BUDGET taa=8 ao=12 (bake budget — Alt+S stills are unaffected)
19:23:19.850 + 3309.9s §CLAIM §STILL_REFINE start samples=8 triplanarMaterials=52 §MAXQ_FRAME_BUDGET taa=8 ao=12 (bake budget — Alt+S stills are unaffected)
19:23:19.850 + 3309.9s §CLAIM §STILL_REFINE start samples=8 triplanarMaterials=52 §MAXQ_FRAME_BUDGET taa=8 ao=12 (bake budget — Alt+S stills are unaffected)
19:23:19.850 + 3309.9s §CLAIM §STILL_REFINE start samples=8 triplanarMaterials=52 §MAXQ_FRAME_BUDGET taa=8 ao=12 (bake budget — Alt+S stills are unaffected)
19:23:19.850 + 3309.9s §CLAIM §STILL_REFINE start samples=8 triplanarMaterials=52 §MAXQ_FRAME_BUDGET taa=8 ao=12 (bake budget — Alt+S stills are unaffected)
19:23:19.850 + 3309.9s §CLAIM §STILL_REFINE start samples=8 triplanarMaterials=52 §MAXQ_FRAME_BUDGET taa=8 ao=12 (bake budget — Alt+S stills are unaffected)
19:23:19.850 + 3309.9s §CLAIM §STILL_REFINE start samples=8 triplanarMaterials=52 §MAXQ_FRAME_BUDGET taa=8 ao=12 (bake budget — Alt+S stills are unaffected)
19:23:19.850 + 3309.9s §CLAIM §STILL_REFINE start samples=8 triplanarMaterials=52 §MAXQ_FRAME_BUDGET taa=8 ao=12 (bake budget — Alt+S stills are unaffected)
19:23:19.850 + 3309.9s §CLAIM §STILL_REFINE start samples=8 triplanarMaterials=52 §MAXQ_FRAME_BUDGET taa=8 ao=12 (bake budget — Alt+S stills are unaffected)
19:23:19.850 + 3309.9s §CLAIM §STILL_REFINE start samples=8 triplanarMaterials=52 §MAXQ_FRAME_BUDGET taa=8 ao=12 (bake budget — Alt+S stills are unaffected)
19:23:19.850 + 3309.9s §CLAIM §STILL_REFINE start samples=8 triplanarMaterials=52 §MAXQ_FRAME_BUDGET taa=8 ao=12 (bake budget — Alt+S stills are unaffected)
19:23:19.850 + 3309.9s §CLAIM §STILL_REFINE start samples=8 triplanarMaterials=52 §MAXQ_FRAME_BUDGET taa=8 ao=12 (bake budget — Alt+S stills are unaffected)
19:23:19.850 + 3309.9s §CLAIM §STILL_REFINE start samples=8 triplanarMaterials=52 §MAXQ_FRAME_BUDGET taa=8 ao=12 (bake budget — Alt+S stills are unaffected)
19:23:19.850 + 3309.9s §CLAIM §STILL_REFINE start samples=8 triplanarMaterials=52 §MAXQ_FRAME_BUDGET taa=8 ao=12 (bake budget — Alt+S stills are unaffected)
19:23:19.850 + 3309.9s §CLAIM §STILL_REFINE start samples=8 triplanarMaterials=52 §MAXQ_FRAME_BUDGET taa=8 ao=12 (bake budget — Alt+S stills are unaffected)
19:23:19.850 + 3309.9s §CLAIM §STILL_REFINE start samples=8 triplanarMaterials=52 §MAXQ_FRAME_BUDGET taa=8 ao=12 (bake budget — Alt+S stills are unaffected)
19:23:19.850 + 3309.9s §CLAIM §STILL_REFINE start samples=8 triplanarMaterials=52 §MAXQ_FRAME_BUDGET taa=8 ao=12 (bake budget — Alt+S stills are unaffected)
19:23:19.850 + 3309.9s §CLAIM §STILL_REFINE start samples=8 triplanarMaterials=52 §MAXQ_FRAME_BUDGET taa=8 ao=12 (bake budget — Alt+S stills are unaffected)
19:23:19.850 + 3309.9s §CLAIM §STILL_REFINE start samples=8 triplanarMaterials=52 §MAXQ_FRAME_BUDGET taa=8 ao=12 (bake budget — Alt+S stills are unaffected)
19:23:19.850 + 3309.9s §CLAIM §STILL_REFINE start samples=8 triplanarMaterials=52 §MAXQ_FRAME_BUDGET taa=8 ao=12 (bake budget — Alt+S stills are unaffected)
19:23:19.850 + 3309.9s §CLAIM §STILL_REFINE start samples=8 triplanarMaterials=52 §MAXQ_FRAME_BUDGET taa=8 ao=12 (bake budget — Alt+S stills are unaffected)
19:23:19.850 + 3309.9s §CLAIM §STILL_REFINE start samples=8 triplanarMaterials=52 §MAXQ_FRAME_BUDGET taa=8 ao=12 (bake budget — Alt+S stills are unaffected)
19:23:19.850 + 3309.9s §CLAIM §STILL_REFINE start samples=8 triplanarMaterials=52 §MAXQ_FRAME_BUDGET taa=8 ao=12 (bake budget — Alt+S stills are unaffected)
19:23:19.850 + 3309.9s §CLAIM §STILL_REFINE start samples=8 triplanarMaterials=52 §MAXQ_FRAME_BUDGET taa=8 ao=12 (bake budget — Alt+S stills are unaffected)
19:23:19.850 + 3309.9s §CLAIM §STILL_REFINE start samples=8 triplanarMaterials=52 §MAXQ_FRAME_BUDGET taa=8 ao=12 (bake budget — Alt+S stills are unaffected)
19:23:19.850 + 3309.9s §CLAIM §STILL_REFINE start samples=8 triplanarMaterials=52 §MAXQ_FRAME_BUDGET taa=8 ao=12 (bake budget — Alt+S stills are unaffected)
19:23:19.850 + 3309.9s §CLAIM §STILL_REFINE start samples=8 triplanarMaterials=52 §MAXQ_FRAME_BUDGET taa=8 ao=12 (bake budget — Alt+S stills are unaffected)
19:23:19.850 + 3309.9s §CLAIM §STILL_REFINE start samples=8 triplanarMaterials=52 §MAXQ_FRAME_BUDGET taa=8 ao=12 (bake budget — Alt+S stills are unaffected)
19:23:19.850 + 3309.9s §CLAIM §STILL_REFINE start samples=8 triplanarMaterials=52 §MAXQ_FRAME_BUDGET taa=8 ao=12 (bake budget — Alt+S stills are unaffected)
19:23:19.850 + 3309.9s §CLAIM §STILL_REFINE start samples=8 triplanarMaterials=52 §MAXQ_FRAME_BUDGET taa=8 ao=12 (bake budget — Alt+S stills are unaffected)
19:23:19.850 + 3309.9s §CLAIM §STILL_REFINE start samples=8 triplanarMaterials=52 §MAXQ_FRAME_BUDGET taa=8 ao=12 (bake budget — Alt+S stills are unaffected)
19:23:19.850 + 3309.9s §CLAIM §STILL_REFINE start samples=8 triplanarMaterials=52 §MAXQ_FRAME_BUDGET taa=8 ao=12 (bake budget — Alt+S stills are unaffected)
19:23:19.850 + 3309.9s §CLAIM §STILL_REFINE start samples=8 triplanarMaterials=52 §MAXQ_FRAME_BUDGET taa=8 ao=12 (bake budget — Alt+S stills are unaffected)
19:23:19.850 + 3309.9s §CLAIM §STILL_REFINE start samples=8 triplanarMaterials=52 §MAXQ_FRAME_BUDGET taa=8 ao=12 (bake budget — Alt+S stills are unaffected)
19:23:19.850 + 3309.9s §CLAIM §STILL_REFINE start samples=8 triplanarMaterials=52 §MAXQ_FRAME_BUDGET taa=8 ao=12 (bake budget — Alt+S stills are unaffected)
19:23:19.850 + 3309.9s §CLAIM §STILL_REFINE start samples=8 triplanarMaterials=52 §MAXQ_FRAME_BUDGET taa=8 ao=12 (bake budget — Alt+S stills are unaffected)
19:23:19.850 + 3309.9s §CLAIM §STILL_REFINE start samples=8 triplanarMaterials=52 §MAXQ_FRAME_BUDGET taa=8 ao=12 (bake budget — Alt+S stills are unaffected)
19:23:19.850 + 3309.9s §CLAIM §STILL_REFINE start samples=8 triplanarMaterials=52 §MAXQ_FRAME_BUDGET taa=8 ao=12 (bake budget — Alt+S stills are unaffected)
19:23:19.850 + 3309.9s §CLAIM §STILL_REFINE start samples=8 triplanarMaterials=52 §MAXQ_FRAME_BUDGET taa=8 ao=12 (bake budget — Alt+S stills are unaffected)
19:23:19.850 + 3309.9s §CLAIM §STILL_REFINE start samples=8 triplanarMaterials=52 §MAXQ_FRAME_BUDGET taa=8 ao=12 (bake budget — Alt+S stills are unaffected)
19:23:19.850 + 3309.9s §CLAIM §STILL_REFINE start samples=8 triplanarMaterials=52 §MAXQ_FRAME_BUDGET taa=8 ao=12 (bake budget — Alt+S stills are unaffected)
19:23:19.850 + 3309.9s §CLAIM §STILL_REFINE start samples=8 triplanarMaterials=52 §MAXQ_FRAME_BUDGET taa=8 ao=12 (bake budget — Alt+S stills are unaffected)
19:23:19.850 + 3309.9s §CLAIM §STILL_REFINE start samples=8 triplanarMaterials=52 §MAXQ_FRAME_BUDGET taa=8 ao=12 (bake budget — Alt+S stills are unaffected)
19:23:19.850 + 3309.9s §CLAIM §STILL_REFINE start samples=8 triplanarMaterials=52 §MAXQ_FRAME_BUDGET taa=8 ao=12 (bake budget — Alt+S stills are unaffected)
19:23:19.850 + 3309.9s §CLAIM §STILL_REFINE start samples=8 triplanarMaterials=52 §MAXQ_FRAME_BUDGET taa=8 ao=12 (bake budget — Alt+S stills are unaffected)
19:23:19.850 + 3309.9s §CLAIM §STILL_REFINE start samples=8 triplanarMaterials=52 §MAXQ_FRAME_BUDGET taa=8 ao=12 (bake budget — Alt+S stills are unaffected)
19:23:19.850 + 3309.9s §CLAIM §STILL_REFINE start samples=8 triplanarMaterials=52 §MAXQ_FRAME_BUDGET taa=8 ao=12 (bake budget — Alt+S stills are unaffected)
19:23:19.850 + 3309.9s §CLAIM §STILL_REFINE start samples=8 triplanarMaterials=52 §MAXQ_FRAME_BUDGET taa=8 ao=12 (bake budget — Alt+S stills are unaffected)
19:23:19.850 + 3309.9s §CLAIM §STILL_REFINE start samples=8 triplanarMaterials=52 §MAXQ_FRAME_BUDGET taa=8 ao=12 (bake budget — Alt+S stills are unaffected)
19:23:19.850 + 3309.9s §CLAIM §STILL_REFINE start samples=8 triplanarMaterials=52 §MAXQ_FRAME_BUDGET taa=8 ao=12 (bake budget — Alt+S stills are unaffected)
19:23:19.850 + 3309.9s §CLAIM §STILL_REFINE start samples=8 triplanarMaterials=52 §MAXQ_FRAME_BUDGET taa=8 ao=12 (bake budget — Alt+S stills are unaffected)
19:23:19.850 + 3309.9s §CLAIM §STILL_REFINE start samples=8 triplanarMaterials=52 §MAXQ_FRAME_BUDGET taa=8 ao=12 (bake budget — Alt+S stills are unaffected)
19:23:19.850 + 3309.9s §CLAIM §STILL_REFINE start samples=8 triplanarMaterials=52 §MAXQ_FRAME_BUDGET taa=8 ao=12 (bake budget — Alt+S stills are unaffected)
19:23:19.850 + 3309.9s §CLAIM §STILL_REFINE start samples=8 triplanarMaterials=52 §MAXQ_FRAME_BUDGET taa=8 ao=12 (bake budget — Alt+S stills are unaffected)
19:23:19.850 + 3309.9s §CLAIM §STILL_REFINE start samples=8 triplanarMaterials=52 §MAXQ_FRAME_BUDGET taa=8 ao=12 (bake budget — Alt+S stills are unaffected)
19:23:19.850 + 3309.9s §CLAIM §STILL_REFINE start samples=8 triplanarMaterials=52 §MAXQ_FRAME_BUDGET taa=8 ao=12 (bake budget — Alt+S stills are unaffected)
19:23:19.850 + 3309.9s §CLAIM §STILL_REFINE start samples=8 triplanarMaterials=52 §MAXQ_FRAME_BUDGET taa=8 ao=12 (bake budget — Alt+S stills are unaffected)
19:23:19.850 + 3309.9s §CLAIM §STILL_REFINE start samples=8 triplanarMaterials=52 §MAXQ_FRAME_BUDGET taa=8 ao=12 (bake budget — Alt+S stills are unaffected)
19:23:19.850 + 3309.9s §CLAIM §STILL_REFINE start samples=8 triplanarMaterials=52 §MAXQ_FRAME_BUDGET taa=8 ao=12 (bake budget — Alt+S stills are unaffected)
19:23:19.850 + 3309.9s §CLAIM §STILL_REFINE start samples=8 triplanarMaterials=52 §MAXQ_FRAME_BUDGET taa=8 ao=12 (bake budget — Alt+S stills are unaffected)
19:23:19.850 + 3309.9s §CLAIM §STILL_REFINE start samples=8 triplanarMaterials=52 §MAXQ_FRAME_BUDGET taa=8 ao=12 (bake budget — Alt+S stills are unaffected)
19:23:19.850 + 3309.9s §CLAIM §STILL_REFINE start samples=8 triplanarMaterials=52 §MAXQ_FRAME_BUDGET taa=8 ao=12 (bake budget — Alt+S stills are unaffected)
19:23:19.850 + 3309.9s §CLAIM §STILL_REFINE start samples=8 triplanarMaterials=52 §MAXQ_FRAME_BUDGET taa=8 ao=12 (bake budget — Alt+S stills are unaffected)
19:23:19.851 + 3309.9s §CLAIM §STILL_REFINE start samples=8 triplanarMaterials=52 §MAXQ_FRAME_BUDGET taa=8 ao=12 (bake budget — Alt+S stills are unaffected)
19:23:19.851 + 3309.9s §CLAIM §STILL_REFINE start samples=8 triplanarMaterials=52 §MAXQ_FRAME_BUDGET taa=8 ao=12 (bake budget — Alt+S stills are unaffected)
19:23:19.851 + 3309.9s §CLAIM §STILL_REFINE start samples=8 triplanarMaterials=52 §MAXQ_FRAME_BUDGET taa=8 ao=12 (bake budget — Alt+S stills are unaffected)
19:23:19.851 + 3309.9s §CLAIM §STILL_REFINE start samples=8 triplanarMaterials=52 §MAXQ_FRAME_BUDGET taa=8 ao=12 (bake budget — Alt+S stills are unaffected)
19:23:19.851 + 3309.9s §CLAIM §STILL_REFINE start samples=8 triplanarMaterials=52 §MAXQ_FRAME_BUDGET taa=8 ao=12 (bake budget — Alt+S stills are unaffected)
19:23:19.851 + 3309.9s §CLAIM §STILL_REFINE start samples=8 triplanarMaterials=52 §MAXQ_FRAME_BUDGET taa=8 ao=12 (bake budget — Alt+S stills are unaffected)
19:23:19.851 + 3309.9s §CLAIM §STILL_REFINE start samples=8 triplanarMaterials=52 §MAXQ_FRAME_BUDGET taa=8 ao=12 (bake budget — Alt+S stills are unaffected)
19:23:19.851 + 3309.9s §CLAIM §STILL_REFINE start samples=8 triplanarMaterials=52 §MAXQ_FRAME_BUDGET taa=8 ao=12 (bake budget — Alt+S stills are unaffected)
19:23:19.851 + 3309.9s §CLAIM §STILL_REFINE start samples=8 triplanarMaterials=52 §MAXQ_FRAME_BUDGET taa=8 ao=12 (bake budget — Alt+S stills are unaffected)
19:23:19.851 + 3309.9s §CLAIM §STILL_REFINE start samples=8 triplanarMaterials=52 §MAXQ_FRAME_BUDGET taa=8 ao=12 (bake budget — Alt+S stills are unaffected)
19:23:19.851 + 3309.9s §CLAIM §STILL_REFINE start samples=8 triplanarMaterials=52 §MAXQ_FRAME_BUDGET taa=8 ao=12 (bake budget — Alt+S stills are unaffected)
19:23:19.851 + 3309.9s §CLAIM §STILL_REFINE start samples=8 triplanarMaterials=52 §MAXQ_FRAME_BUDGET taa=8 ao=12 (bake budget — Alt+S stills are unaffected)
19:23:19.851 + 3309.9s §CLAIM §STILL_REFINE start samples=8 triplanarMaterials=52 §MAXQ_FRAME_BUDGET taa=8 ao=12 (bake budget — Alt+S stills are unaffected)
19:23:19.851 + 3309.9s §CLAIM §STILL_REFINE start samples=8 triplanarMaterials=52 §MAXQ_FRAME_BUDGET taa=8 ao=12 (bake budget — Alt+S stills are unaffected)
19:23:19.851 + 3309.9s §CLAIM §STILL_REFINE start samples=8 triplanarMaterials=52 §MAXQ_FRAME_BUDGET taa=8 ao=12 (bake budget — Alt+S stills are unaffected)
19:23:19.851 + 3309.9s §CLAIM §STILL_REFINE start samples=8 triplanarMaterials=52 §MAXQ_FRAME_BUDGET taa=8 ao=12 (bake budget — Alt+S stills are unaffected)
19:23:19.851 + 3309.9s §CLAIM §STILL_REFINE start samples=8 triplanarMaterials=52 §MAXQ_FRAME_BUDGET taa=8 ao=12 (bake budget — Alt+S stills are unaffected)
19:23:19.851 + 3309.9s §CLAIM §STILL_REFINE start samples=8 triplanarMaterials=52 §MAXQ_FRAME_BUDGET taa=8 ao=12 (bake budget — Alt+S stills are unaffected)
19:23:19.851 + 3309.9s §CLAIM §STILL_REFINE start samples=8 triplanarMaterials=52 §MAXQ_FRAME_BUDGET taa=8 ao=12 (bake budget — Alt+S stills are unaffected)
19:23:19.851 + 3309.9s §CLAIM §STILL_REFINE start samples=8 triplanarMaterials=52 §MAXQ_FRAME_BUDGET taa=8 ao=12 (bake budget — Alt+S stills are unaffected)
19:23:19.851 + 3309.9s §CLAIM §STILL_REFINE start samples=8 triplanarMaterials=52 §MAXQ_FRAME_BUDGET taa=8 ao=12 (bake budget — Alt+S stills are unaffected)
19:23:19.851 + 3309.9s §CLAIM §STILL_REFINE start samples=8 triplanarMaterials=52 §MAXQ_FRAME_BUDGET taa=8 ao=12 (bake budget — Alt+S stills are unaffected)
19:23:19.851 + 3309.9s §CLAIM §STILL_REFINE start samples=8 triplanarMaterials=52 §MAXQ_FRAME_BUDGET taa=8 ao=12 (bake budget — Alt+S stills are unaffected)
19:23:19.851 + 3309.9s §CLAIM §STILL_REFINE start samples=8 triplanarMaterials=52 §MAXQ_FRAME_BUDGET taa=8 ao=12 (bake budget — Alt+S stills are unaffected)
19:23:19.851 + 3309.9s §CLAIM §STILL_REFINE start samples=8 triplanarMaterials=52 §MAXQ_FRAME_BUDGET taa=8 ao=12 (bake budget — Alt+S stills are unaffected)
19:23:19.851 + 3309.9s §CLAIM §STILL_REFINE start samples=8 triplanarMaterials=52 §MAXQ_FRAME_BUDGET taa=8 ao=12 (bake budget — Alt+S stills are unaffected)
19:23:19.851 + 3309.9s §CLAIM §STILL_REFINE start samples=8 triplanarMaterials=52 §MAXQ_FRAME_BUDGET taa=8 ao=12 (bake budget — Alt+S stills are unaffected)
19:23:19.851 + 3309.9s §CLAIM §STILL_REFINE start samples=8 triplanarMaterials=52 §MAXQ_FRAME_BUDGET taa=8 ao=12 (bake budget — Alt+S stills are unaffected)
19:23:19.851 + 3309.9s §CLAIM §STILL_REFINE start samples=8 triplanarMaterials=52 §MAXQ_FRAME_BUDGET taa=8 ao=12 (bake budget — Alt+S stills are unaffected)
19:23:19.851 + 3309.9s §CLAIM §STILL_REFINE start samples=8 triplanarMaterials=52 §MAXQ_FRAME_BUDGET taa=8 ao=12 (bake budget — Alt+S stills are unaffected)
19:23:19.851 + 3309.9s §CLAIM §STILL_REFINE start samples=8 triplanarMaterials=52 §MAXQ_FRAME_BUDGET taa=8 ao=12 (bake budget — Alt+S stills are unaffected)
19:23:19.851 + 3309.9s §CLAIM §STILL_REFINE start samples=8 triplanarMaterials=52 §MAXQ_FRAME_BUDGET taa=8 ao=12 (bake budget — Alt+S stills are unaffected)
19:23:19.851 + 3309.9s §CLAIM §STILL_REFINE start samples=8 triplanarMaterials=52 §MAXQ_FRAME_BUDGET taa=8 ao=12 (bake budget — Alt+S stills are unaffected)
19:23:19.851 + 3309.9s §CLAIM §STILL_REFINE start samples=8 triplanarMaterials=52 §MAXQ_FRAME_BUDGET taa=8 ao=12 (bake budget — Alt+S stills are unaffected)
19:23:19.851 + 3309.9s §CLAIM §STILL_REFINE start samples=8 triplanarMaterials=52 §MAXQ_FRAME_BUDGET taa=8 ao=12 (bake budget — Alt+S stills are unaffected)
19:23:19.851 + 3309.9s §CLAIM §STILL_REFINE start samples=8 triplanarMaterials=52 §MAXQ_FRAME_BUDGET taa=8 ao=12 (bake budget — Alt+S stills are unaffected)
19:23:19.851 + 3309.9s §CLAIM §STILL_REFINE start samples=8 triplanarMaterials=52 §MAXQ_FRAME_BUDGET taa=8 ao=12 (bake budget — Alt+S stills are unaffected)
19:23:19.851 + 3309.9s §CLAIM §STILL_REFINE start samples=8 triplanarMaterials=52 §MAXQ_FRAME_BUDGET taa=8 ao=12 (bake budget — Alt+S stills are unaffected)
19:23:19.851 + 3309.9s §CLAIM §STILL_REFINE start samples=8 triplanarMaterials=52 §MAXQ_FRAME_BUDGET taa=8 ao=12 (bake budget — Alt+S stills are unaffected)
19:23:19.851 + 3309.9s §CLAIM §STILL_REFINE start samples=8 triplanarMaterials=52 §MAXQ_FRAME_BUDGET taa=8 ao=12 (bake budget — Alt+S stills are unaffected)
19:23:19.851 + 3309.9s §CLAIM §STILL_REFINE start samples=8 triplanarMaterials=52 §MAXQ_FRAME_BUDGET taa=8 ao=12 (bake budget — Alt+S stills are unaffected)
19:23:19.851 + 3309.9s §CLAIM §STILL_REFINE start samples=8 triplanarMaterials=52 §MAXQ_FRAME_BUDGET taa=8 ao=12 (bake budget — Alt+S stills are unaffected)
19:23:19.851 + 3309.9s §CLAIM §STILL_REFINE start samples=8 triplanarMaterials=52 §MAXQ_FRAME_BUDGET taa=8 ao=12 (bake budget — Alt+S stills are unaffected)
19:23:19.851 + 3309.9s §CLAIM §STILL_REFINE start samples=8 triplanarMaterials=52 §MAXQ_FRAME_BUDGET taa=8 ao=12 (bake budget — Alt+S stills are unaffected)
19:23:19.851 + 3309.9s §CLAIM §STILL_REFINE start samples=8 triplanarMaterials=52 §MAXQ_FRAME_BUDGET taa=8 ao=12 (bake budget — Alt+S stills are unaffected)
19:23:19.851 + 3309.9s §CLAIM §STILL_REFINE start samples=8 triplanarMaterials=52 §MAXQ_FRAME_BUDGET taa=8 ao=12 (bake budget — Alt+S stills are unaffected)
19:23:19.851 + 3309.9s §CLAIM §STILL_REFINE start samples=8 triplanarMaterials=52 §MAXQ_FRAME_BUDGET taa=8 ao=12 (bake budget — Alt+S stills are unaffected)
19:23:19.851 + 3309.9s §CLAIM §STILL_REFINE start samples=8 triplanarMaterials=52 §MAXQ_FRAME_BUDGET taa=8 ao=12 (bake budget — Alt+S stills are unaffected)
19:23:19.851 + 3309.9s §CLAIM §STILL_REFINE start samples=8 triplanarMaterials=52 §MAXQ_FRAME_BUDGET taa=8 ao=12 (bake budget — Alt+S stills are unaffected)
19:23:19.851 + 3309.9s §CLAIM §STILL_REFINE start samples=8 triplanarMaterials=52 §MAXQ_FRAME_BUDGET taa=8 ao=12 (bake budget — Alt+S stills are unaffected)
19:23:19.851 + 3309.9s §CLAIM §STILL_REFINE start samples=8 triplanarMaterials=52 §MAXQ_FRAME_BUDGET taa=8 ao=12 (bake budget — Alt+S stills are unaffected)
19:23:19.851 + 3309.9s §CLAIM §STILL_REFINE start samples=8 triplanarMaterials=52 §MAXQ_FRAME_BUDGET taa=8 ao=12 (bake budget — Alt+S stills are unaffected)
19:23:19.851 + 3309.9s §CLAIM §STILL_REFINE start samples=8 triplanarMaterials=52 §MAXQ_FRAME_BUDGET taa=8 ao=12 (bake budget — Alt+S stills are unaffected)
19:23:19.851 + 3309.9s §CLAIM §STILL_REFINE start samples=8 triplanarMaterials=52 §MAXQ_FRAME_BUDGET taa=8 ao=12 (bake budget — Alt+S stills are unaffected)
19:23:19.851 + 3309.9s §CLAIM §STILL_REFINE start samples=8 triplanarMaterials=52 §MAXQ_FRAME_BUDGET taa=8 ao=12 (bake budget — Alt+S stills are unaffected)
19:23:19.851 + 3309.9s §CLAIM §STILL_REFINE start samples=8 triplanarMaterials=52 §MAXQ_FRAME_BUDGET taa=8 ao=12 (bake budget — Alt+S stills are unaffected)
19:23:19.851 + 3309.9s §CLAIM §STILL_REFINE start samples=8 triplanarMaterials=52 §MAXQ_FRAME_BUDGET taa=8 ao=12 (bake budget — Alt+S stills are unaffected)
19:23:19.851 + 3309.9s §CLAIM §STILL_REFINE start samples=8 triplanarMaterials=52 §MAXQ_FRAME_BUDGET taa=8 ao=12 (bake budget — Alt+S stills are unaffected)
19:23:19.851 + 3309.9s §CLAIM §STILL_REFINE start samples=8 triplanarMaterials=52 §MAXQ_FRAME_BUDGET taa=8 ao=12 (bake budget — Alt+S stills are unaffected)
19:23:19.851 + 3309.9s §CLAIM §STILL_REFINE start samples=8 triplanarMaterials=52 §MAXQ_FRAME_BUDGET taa=8 ao=12 (bake budget — Alt+S stills are unaffected)
19:23:19.851 + 3309.9s §CLAIM §STILL_REFINE start samples=8 triplanarMaterials=52 §MAXQ_FRAME_BUDGET taa=8 ao=12 (bake budget — Alt+S stills are unaffected)
19:23:19.851 + 3309.9s §CLAIM §STILL_REFINE start samples=8 triplanarMaterials=52 §MAXQ_FRAME_BUDGET taa=8 ao=12 (bake budget — Alt+S stills are unaffected)
19:23:19.851 + 3309.9s §CLAIM §STILL_REFINE start samples=8 triplanarMaterials=52 §MAXQ_FRAME_BUDGET taa=8 ao=12 (bake budget — Alt+S stills are unaffected)
19:23:19.851 + 3309.9s §CLAIM §STILL_REFINE start samples=8 triplanarMaterials=52 §MAXQ_FRAME_BUDGET taa=8 ao=12 (bake budget — Alt+S stills are unaffected)
19:23:19.851 + 3309.9s §CLAIM §STILL_REFINE start samples=8 triplanarMaterials=52 §MAXQ_FRAME_BUDGET taa=8 ao=12 (bake budget — Alt+S stills are unaffected)
19:23:19.851 + 3309.9s §CLAIM §STILL_REFINE start samples=8 triplanarMaterials=52 §MAXQ_FRAME_BUDGET taa=8 ao=12 (bake budget — Alt+S stills are unaffected)
19:23:19.851 + 3309.9s §CLAIM §STILL_REFINE start samples=8 triplanarMaterials=52 §MAXQ_FRAME_BUDGET taa=8 ao=12 (bake budget — Alt+S stills are unaffected)
19:23:19.851 + 3309.9s §CLAIM §STILL_REFINE start samples=8 triplanarMaterials=52 §MAXQ_FRAME_BUDGET taa=8 ao=12 (bake budget — Alt+S stills are unaffected)
19:23:19.851 + 3309.9s §CLAIM §STILL_REFINE start samples=8 triplanarMaterials=52 §MAXQ_FRAME_BUDGET taa=8 ao=12 (bake budget — Alt+S stills are unaffected)
19:23:19.851 + 3309.9s §CLAIM §STILL_REFINE start samples=8 triplanarMaterials=52 §MAXQ_FRAME_BUDGET taa=8 ao=12 (bake budget — Alt+S stills are unaffected)
19:23:19.851 + 3309.9s §CLAIM §STILL_REFINE start samples=8 triplanarMaterials=52 §MAXQ_FRAME_BUDGET taa=8 ao=12 (bake budget — Alt+S stills are unaffected)
19:23:19.851 + 3309.9s §CLAIM §STILL_REFINE start samples=8 triplanarMaterials=52 §MAXQ_FRAME_BUDGET taa=8 ao=12 (bake budget — Alt+S stills are unaffected)
19:23:19.851 + 3309.9s §CLAIM §STILL_REFINE start samples=8 triplanarMaterials=52 §MAXQ_FRAME_BUDGET taa=8 ao=12 (bake budget — Alt+S stills are unaffected)
19:23:19.851 + 3309.9s §CLAIM §STILL_REFINE start samples=8 triplanarMaterials=52 §MAXQ_FRAME_BUDGET taa=8 ao=12 (bake budget — Alt+S stills are unaffected)
19:23:19.851 + 3309.9s §CLAIM §STILL_REFINE start samples=8 triplanarMaterials=52 §MAXQ_FRAME_BUDGET taa=8 ao=12 (bake budget — Alt+S stills are unaffected)
19:23:19.851 + 3309.9s §CLAIM §STILL_REFINE start samples=8 triplanarMaterials=52 §MAXQ_FRAME_BUDGET taa=8 ao=12 (bake budget — Alt+S stills are unaffected)
19:23:19.851 + 3309.9s §CLAIM §STILL_REFINE start samples=8 triplanarMaterials=52 §MAXQ_FRAME_BUDGET taa=8 ao=12 (bake budget — Alt+S stills are unaffected)
19:23:19.851 + 3309.9s §CLAIM §STILL_REFINE start samples=8 triplanarMaterials=52 §MAXQ_FRAME_BUDGET taa=8 ao=12 (bake budget — Alt+S stills are unaffected)
19:23:19.851 + 3309.9s §CLAIM §STILL_REFINE start samples=8 triplanarMaterials=52 §MAXQ_FRAME_BUDGET taa=8 ao=12 (bake budget — Alt+S stills are unaffected)
19:23:19.851 + 3309.9s §CLAIM §STILL_REFINE start samples=8 triplanarMaterials=52 §MAXQ_FRAME_BUDGET taa=8 ao=12 (bake budget — Alt+S stills are unaffected)
19:23:19.851 + 3309.9s §CLAIM §STILL_REFINE start samples=8 triplanarMaterials=52 §MAXQ_FRAME_BUDGET taa=8 ao=12 (bake budget — Alt+S stills are unaffected)
19:23:19.851 + 3309.9s §CLAIM §STILL_REFINE start samples=8 triplanarMaterials=52 §MAXQ_FRAME_BUDGET taa=8 ao=12 (bake budget — Alt+S stills are unaffected)
19:23:19.851 + 3309.9s §CLAIM §STILL_REFINE start samples=8 triplanarMaterials=52 §MAXQ_FRAME_BUDGET taa=8 ao=12 (bake budget — Alt+S stills are unaffected)
19:23:19.851 + 3309.9s §CLAIM §STILL_REFINE start samples=8 triplanarMaterials=52 §MAXQ_FRAME_BUDGET taa=8 ao=12 (bake budget — Alt+S stills are unaffected)
19:23:19.851 + 3309.9s §CLAIM §STILL_REFINE start samples=8 triplanarMaterials=52 §MAXQ_FRAME_BUDGET taa=8 ao=12 (bake budget — Alt+S stills are unaffected)
19:23:19.851 + 3309.9s §CLAIM §STILL_REFINE start samples=8 triplanarMaterials=52 §MAXQ_FRAME_BUDGET taa=8 ao=12 (bake budget — Alt+S stills are unaffected)
19:23:19.851 + 3309.9s §CLAIM §STILL_REFINE start samples=8 triplanarMaterials=52 §MAXQ_FRAME_BUDGET taa=8 ao=12 (bake budget — Alt+S stills are unaffected)
19:23:19.851 + 3309.9s §CLAIM §STILL_REFINE start samples=8 triplanarMaterials=52 §MAXQ_FRAME_BUDGET taa=8 ao=12 (bake budget — Alt+S stills are unaffected)
19:23:19.851 + 3309.9s §CLAIM §STILL_REFINE start samples=8 triplanarMaterials=52 §MAXQ_FRAME_BUDGET taa=8 ao=12 (bake budget — Alt+S stills are unaffected)
19:23:19.851 + 3309.9s §CLAIM §STILL_REFINE start samples=8 triplanarMaterials=52 §MAXQ_FRAME_BUDGET taa=8 ao=12 (bake budget — Alt+S stills are unaffected)
19:23:19.851 + 3309.9s §CLAIM §STILL_REFINE start samples=8 triplanarMaterials=52 §MAXQ_FRAME_BUDGET taa=8 ao=12 (bake budget — Alt+S stills are unaffected)
19:23:19.851 + 3309.9s §CLAIM §STILL_REFINE start samples=8 triplanarMaterials=52 §MAXQ_FRAME_BUDGET taa=8 ao=12 (bake budget — Alt+S stills are unaffected)
19:23:19.851 + 3309.9s §CLAIM §STILL_REFINE start samples=8 triplanarMaterials=52 §MAXQ_FRAME_BUDGET taa=8 ao=12 (bake budget — Alt+S stills are unaffected)
19:23:19.851 + 3309.9s §CLAIM §STILL_REFINE start samples=8 triplanarMaterials=52 §MAXQ_FRAME_BUDGET taa=8 ao=12 (bake budget — Alt+S stills are unaffected)
19:23:19.851 + 3309.9s §CLAIM §STILL_REFINE start samples=8 triplanarMaterials=52 §MAXQ_FRAME_BUDGET taa=8 ao=12 (bake budget — Alt+S stills are unaffected)
19:23:19.851 + 3309.9s §CLAIM §STILL_REFINE start samples=8 triplanarMaterials=52 §MAXQ_FRAME_BUDGET taa=8 ao=12 (bake budget — Alt+S stills are unaffected)
19:23:19.851 + 3309.9s §CLAIM §STILL_REFINE start samples=8 triplanarMaterials=52 §MAXQ_FRAME_BUDGET taa=8 ao=12 (bake budget — Alt+S stills are unaffected)
19:23:19.851 + 3309.9s §CLAIM §STILL_REFINE start samples=8 triplanarMaterials=52 §MAXQ_FRAME_BUDGET taa=8 ao=12 (bake budget — Alt+S stills are unaffected)
19:23:19.851 + 3309.9s §CLAIM §STILL_REFINE start samples=8 triplanarMaterials=52 §MAXQ_FRAME_BUDGET taa=8 ao=12 (bake budget — Alt+S stills are unaffected)
19:23:19.851 + 3309.9s §CLAIM §STILL_REFINE start samples=8 triplanarMaterials=52 §MAXQ_FRAME_BUDGET taa=8 ao=12 (bake budget — Alt+S stills are unaffected)
19:23:19.851 + 3309.9s §CLAIM §STILL_REFINE start samples=8 triplanarMaterials=52 §MAXQ_FRAME_BUDGET taa=8 ao=12 (bake budget — Alt+S stills are unaffected)
19:23:19.851 + 3309.9s §CLAIM §STILL_REFINE start samples=8 triplanarMaterials=52 §MAXQ_FRAME_BUDGET taa=8 ao=12 (bake budget — Alt+S stills are unaffected)
19:23:19.851 + 3309.9s §CLAIM §STILL_REFINE start samples=8 triplanarMaterials=52 §MAXQ_FRAME_BUDGET taa=8 ao=12 (bake budget — Alt+S stills are unaffected)
19:23:19.851 + 3309.9s §CLAIM §STILL_REFINE start samples=8 triplanarMaterials=52 §MAXQ_FRAME_BUDGET taa=8 ao=12 (bake budget — Alt+S stills are unaffected)
19:23:19.851 + 3309.9s §CLAIM §STILL_REFINE start samples=8 triplanarMaterials=52 §MAXQ_FRAME_BUDGET taa=8 ao=12 (bake budget — Alt+S stills are unaffected)
19:23:19.851 + 3309.9s §CLAIM §STILL_REFINE start samples=8 triplanarMaterials=52 §MAXQ_FRAME_BUDGET taa=8 ao=12 (bake budget — Alt+S stills are unaffected)
19:23:19.851 + 3309.9s §CLAIM §STILL_REFINE start samples=8 triplanarMaterials=52 §MAXQ_FRAME_BUDGET taa=8 ao=12 (bake budget — Alt+S stills are unaffected)
19:23:19.851 + 3309.9s §CLAIM §STILL_REFINE start samples=8 triplanarMaterials=52 §MAXQ_FRAME_BUDGET taa=8 ao=12 (bake budget — Alt+S stills are unaffected)
19:23:19.851 + 3309.9s §CLAIM §STILL_REFINE start samples=8 triplanarMaterials=52 §MAXQ_FRAME_BUDGET taa=8 ao=12 (bake budget — Alt+S stills are unaffected)
19:23:19.851 + 3309.9s §CLAIM §STILL_REFINE start samples=8 triplanarMaterials=52 §MAXQ_FRAME_BUDGET taa=8 ao=12 (bake budget — Alt+S stills are unaffected)
19:23:19.851 + 3309.9s §CLAIM §STILL_REFINE start samples=8 triplanarMaterials=52 §MAXQ_FRAME_BUDGET taa=8 ao=12 (bake budget — Alt+S stills are unaffected)
19:23:19.852 + 3309.9s §CLAIM §STILL_REFINE start samples=8 triplanarMaterials=52 §MAXQ_FRAME_BUDGET taa=8 ao=12 (bake budget — Alt+S stills are unaffected)
19:23:19.852 + 3309.9s §CLAIM §STILL_REFINE start samples=8 triplanarMaterials=52 §MAXQ_FRAME_BUDGET taa=8 ao=12 (bake budget — Alt+S stills are unaffected)
19:23:19.852 + 3309.9s §CLAIM §STILL_REFINE start samples=8 triplanarMaterials=52 §MAXQ_FRAME_BUDGET taa=8 ao=12 (bake budget — Alt+S stills are unaffected)
19:23:19.852 + 3309.9s §CLAIM §STILL_REFINE start samples=8 triplanarMaterials=52 §MAXQ_FRAME_BUDGET taa=8 ao=12 (bake budget — Alt+S stills are unaffected)
19:23:19.852 + 3309.9s §CLAIM §STILL_REFINE start samples=8 triplanarMaterials=52 §MAXQ_FRAME_BUDGET taa=8 ao=12 (bake budget — Alt+S stills are unaffected)
19:23:19.852 + 3309.9s §CLAIM §STILL_REFINE start samples=8 triplanarMaterials=52 §MAXQ_FRAME_BUDGET taa=8 ao=12 (bake budget — Alt+S stills are unaffected)
19:23:19.852 + 3309.9s §CLAIM §STILL_REFINE start samples=8 triplanarMaterials=52 §MAXQ_FRAME_BUDGET taa=8 ao=12 (bake budget — Alt+S stills are unaffected)
19:23:19.852 + 3309.9s §CLAIM §STILL_REFINE start samples=8 triplanarMaterials=52 §MAXQ_FRAME_BUDGET taa=8 ao=12 (bake budget — Alt+S stills are unaffected)
19:23:19.852 + 3309.9s §CLAIM §STILL_REFINE start samples=8 triplanarMaterials=52 §MAXQ_FRAME_BUDGET taa=8 ao=12 (bake budget — Alt+S stills are unaffected)
19:23:19.852 + 3309.9s §CLAIM §STILL_REFINE start samples=8 triplanarMaterials=52 §MAXQ_FRAME_BUDGET taa=8 ao=12 (bake budget — Alt+S stills are unaffected)
19:23:19.852 + 3309.9s §CLAIM §STILL_REFINE start samples=8 triplanarMaterials=52 §MAXQ_FRAME_BUDGET taa=8 ao=12 (bake budget — Alt+S stills are unaffected)
19:23:19.852 + 3309.9s §CLAIM §STILL_REFINE start samples=8 triplanarMaterials=52 §MAXQ_FRAME_BUDGET taa=8 ao=12 (bake budget — Alt+S stills are unaffected)
19:23:19.852 + 3309.9s §CLAIM §STILL_REFINE start samples=8 triplanarMaterials=52 §MAXQ_FRAME_BUDGET taa=8 ao=12 (bake budget — Alt+S stills are unaffected)
19:23:19.852 + 3309.9s §CLAIM §STILL_REFINE start samples=8 triplanarMaterials=52 §MAXQ_FRAME_BUDGET taa=8 ao=12 (bake budget — Alt+S stills are unaffected)
19:23:19.852 + 3309.9s §CLAIM §STILL_REFINE start samples=8 triplanarMaterials=52 §MAXQ_FRAME_BUDGET taa=8 ao=12 (bake budget — Alt+S stills are unaffected)
19:23:19.852 + 3309.9s §CLAIM §STILL_REFINE start samples=8 triplanarMaterials=52 §MAXQ_FRAME_BUDGET taa=8 ao=12 (bake budget — Alt+S stills are unaffected)
19:23:19.852 + 3309.9s §CLAIM §STILL_REFINE start samples=8 triplanarMaterials=52 §MAXQ_FRAME_BUDGET taa=8 ao=12 (bake budget — Alt+S stills are unaffected)
19:23:19.852 + 3309.9s §CLAIM §STILL_REFINE start samples=8 triplanarMaterials=52 §MAXQ_FRAME_BUDGET taa=8 ao=12 (bake budget — Alt+S stills are unaffected)
19:23:19.852 + 3309.9s §CLAIM §STILL_REFINE start samples=8 triplanarMaterials=52 §MAXQ_FRAME_BUDGET taa=8 ao=12 (bake budget — Alt+S stills are unaffected)
19:23:19.852 + 3309.9s §CLAIM §STILL_REFINE start samples=8 triplanarMaterials=52 §MAXQ_FRAME_BUDGET taa=8 ao=12 (bake budget — Alt+S stills are unaffected)
19:23:19.852 + 3309.9s §CLAIM §STILL_REFINE start samples=8 triplanarMaterials=52 §MAXQ_FRAME_BUDGET taa=8 ao=12 (bake budget — Alt+S stills are unaffected)
19:23:19.852 + 3309.9s §CLAIM §STILL_REFINE start samples=8 triplanarMaterials=52 §MAXQ_FRAME_BUDGET taa=8 ao=12 (bake budget — Alt+S stills are unaffected)
19:23:19.852 + 3309.9s §CLAIM §STILL_REFINE start samples=8 triplanarMaterials=52 §MAXQ_FRAME_BUDGET taa=8 ao=12 (bake budget — Alt+S stills are unaffected)
19:23:19.852 + 3309.9s §CLAIM §STILL_REFINE start samples=8 triplanarMaterials=52 §MAXQ_FRAME_BUDGET taa=8 ao=12 (bake budget — Alt+S stills are unaffected)
19:23:19.852 + 3309.9s §CLAIM §STILL_REFINE start samples=8 triplanarMaterials=52 §MAXQ_FRAME_BUDGET taa=8 ao=12 (bake budget — Alt+S stills are unaffected)
19:23:19.852 + 3309.9s §CLAIM §STILL_REFINE start samples=8 triplanarMaterials=52 §MAXQ_FRAME_BUDGET taa=8 ao=12 (bake budget — Alt+S stills are unaffected)
19:23:19.852 + 3309.9s §CLAIM §STILL_REFINE start samples=8 triplanarMaterials=52 §MAXQ_FRAME_BUDGET taa=8 ao=12 (bake budget — Alt+S stills are unaffected)
19:23:19.852 + 3309.9s §CLAIM §STILL_REFINE start samples=8 triplanarMaterials=52 §MAXQ_FRAME_BUDGET taa=8 ao=12 (bake budget — Alt+S stills are unaffected)
19:23:19.852 + 3309.9s §CLAIM §STILL_REFINE start samples=8 triplanarMaterials=52 §MAXQ_FRAME_BUDGET taa=8 ao=12 (bake budget — Alt+S stills are unaffected)
19:23:19.852 + 3309.9s §CLAIM §STILL_REFINE start samples=8 triplanarMaterials=52 §MAXQ_FRAME_BUDGET taa=8 ao=12 (bake budget — Alt+S stills are unaffected)
19:23:19.852 + 3309.9s §CLAIM §STILL_REFINE start samples=8 triplanarMaterials=52 §MAXQ_FRAME_BUDGET taa=8 ao=12 (bake budget — Alt+S stills are unaffected)
19:23:19.852 + 3309.9s §CLAIM §STILL_REFINE start samples=8 triplanarMaterials=52 §MAXQ_FRAME_BUDGET taa=8 ao=12 (bake budget — Alt+S stills are unaffected)
19:23:19.852 + 3309.9s §CLAIM §STILL_REFINE start samples=8 triplanarMaterials=52 §MAXQ_FRAME_BUDGET taa=8 ao=12 (bake budget — Alt+S stills are unaffected)
19:23:19.852 + 3309.9s §CLAIM §STILL_REFINE start samples=8 triplanarMaterials=52 §MAXQ_FRAME_BUDGET taa=8 ao=12 (bake budget — Alt+S stills are unaffected)
19:23:19.852 + 3309.9s §CLAIM §STILL_REFINE start samples=8 triplanarMaterials=52 §MAXQ_FRAME_BUDGET taa=8 ao=12 (bake budget — Alt+S stills are unaffected)
19:23:19.852 + 3309.9s §CLAIM §STILL_REFINE start samples=8 triplanarMaterials=52 §MAXQ_FRAME_BUDGET taa=8 ao=12 (bake budget — Alt+S stills are unaffected)
19:23:19.852 + 3309.9s §CLAIM §STILL_REFINE start samples=8 triplanarMaterials=52 §MAXQ_FRAME_BUDGET taa=8 ao=12 (bake budget — Alt+S stills are unaffected)
19:23:19.852 + 3309.9s §CLAIM §STILL_REFINE start samples=8 triplanarMaterials=52 §MAXQ_FRAME_BUDGET taa=8 ao=12 (bake budget — Alt+S stills are unaffected)
19:23:19.852 + 3309.9s §CLAIM §STILL_REFINE start samples=8 triplanarMaterials=52 §MAXQ_FRAME_BUDGET taa=8 ao=12 (bake budget — Alt+S stills are unaffected)
19:23:19.852 + 3309.9s §CLAIM §STILL_REFINE start samples=8 triplanarMaterials=52 §MAXQ_FRAME_BUDGET taa=8 ao=12 (bake budget — Alt+S stills are unaffected)
19:23:19.852 + 3309.9s §CLAIM §STILL_REFINE start samples=8 triplanarMaterials=52 §MAXQ_FRAME_BUDGET taa=8 ao=12 (bake budget — Alt+S stills are unaffected)
19:23:19.852 + 3309.9s §CLAIM §STILL_REFINE start samples=8 triplanarMaterials=52 §MAXQ_FRAME_BUDGET taa=8 ao=12 (bake budget — Alt+S stills are unaffected)
19:23:19.852 + 3309.9s §CLAIM §STILL_REFINE start samples=8 triplanarMaterials=52 §MAXQ_FRAME_BUDGET taa=8 ao=12 (bake budget — Alt+S stills are unaffected)
19:23:19.852 + 3309.9s §CLAIM §STILL_REFINE start samples=8 triplanarMaterials=52 §MAXQ_FRAME_BUDGET taa=8 ao=12 (bake budget — Alt+S stills are unaffected)
19:23:19.852 + 3309.9s §CLAIM §STILL_REFINE start samples=8 triplanarMaterials=52 §MAXQ_FRAME_BUDGET taa=8 ao=12 (bake budget — Alt+S stills are unaffected)
19:23:19.852 + 3309.9s §CLAIM §STILL_REFINE start samples=8 triplanarMaterials=52 §MAXQ_FRAME_BUDGET taa=8 ao=12 (bake budget — Alt+S stills are unaffected)
19:23:19.852 + 3309.9s §CLAIM §STILL_REFINE start samples=8 triplanarMaterials=52 §MAXQ_FRAME_BUDGET taa=8 ao=12 (bake budget — Alt+S stills are unaffected)
19:23:19.852 + 3309.9s §CLAIM §STILL_REFINE start samples=8 triplanarMaterials=52 §MAXQ_FRAME_BUDGET taa=8 ao=12 (bake budget — Alt+S stills are unaffected)
19:23:19.852 + 3309.9s §CLAIM §STILL_REFINE start samples=8 triplanarMaterials=52 §MAXQ_FRAME_BUDGET taa=8 ao=12 (bake budget — Alt+S stills are unaffected)
19:23:19.852 + 3309.9s §CLAIM §STILL_REFINE start samples=8 triplanarMaterials=52 §MAXQ_FRAME_BUDGET taa=8 ao=12 (bake budget — Alt+S stills are unaffected)
19:23:19.852 + 3309.9s §CLAIM §STILL_REFINE start samples=8 triplanarMaterials=52 §MAXQ_FRAME_BUDGET taa=8 ao=12 (bake budget — Alt+S stills are unaffected)
19:23:19.852 + 3309.9s §CLAIM §STILL_REFINE start samples=8 triplanarMaterials=52 §MAXQ_FRAME_BUDGET taa=8 ao=12 (bake budget — Alt+S stills are unaffected)
19:23:19.852 + 3309.9s §CLAIM §STILL_REFINE start samples=8 triplanarMaterials=52 §MAXQ_FRAME_BUDGET taa=8 ao=12 (bake budget — Alt+S stills are unaffected)
19:23:19.852 + 3309.9s §CLAIM §STILL_REFINE start samples=8 triplanarMaterials=52 §MAXQ_FRAME_BUDGET taa=8 ao=12 (bake budget — Alt+S stills are unaffected)
19:23:19.852 + 3309.9s §CLAIM §STILL_REFINE start samples=8 triplanarMaterials=52 §MAXQ_FRAME_BUDGET taa=8 ao=12 (bake budget — Alt+S stills are unaffected)
19:23:19.852 + 3309.9s §CLAIM §STILL_REFINE start samples=8 triplanarMaterials=52 §MAXQ_FRAME_BUDGET taa=8 ao=12 (bake budget — Alt+S stills are unaffected)
19:23:19.852 + 3309.9s §CLAIM §STILL_REFINE start samples=8 triplanarMaterials=52 §MAXQ_FRAME_BUDGET taa=8 ao=12 (bake budget — Alt+S stills are unaffected)
19:23:19.852 + 3309.9s §CLAIM §STILL_REFINE start samples=8 triplanarMaterials=52 §MAXQ_FRAME_BUDGET taa=8 ao=12 (bake budget — Alt+S stills are unaffected)
19:23:19.852 + 3309.9s §CLAIM §STILL_REFINE start samples=8 triplanarMaterials=52 §MAXQ_FRAME_BUDGET taa=8 ao=12 (bake budget — Alt+S stills are unaffected)
19:23:19.852 + 3309.9s §CLAIM §STILL_REFINE start samples=8 triplanarMaterials=52 §MAXQ_FRAME_BUDGET taa=8 ao=12 (bake budget — Alt+S stills are unaffected)
19:23:19.852 + 3309.9s §CLAIM §STILL_REFINE start samples=8 triplanarMaterials=52 §MAXQ_FRAME_BUDGET taa=8 ao=12 (bake budget — Alt+S stills are unaffected)
19:23:19.852 + 3309.9s §CLAIM §STILL_REFINE start samples=8 triplanarMaterials=52 §MAXQ_FRAME_BUDGET taa=8 ao=12 (bake budget — Alt+S stills are unaffected)
19:23:19.852 + 3309.9s §CLAIM §STILL_REFINE start samples=8 triplanarMaterials=52 §MAXQ_FRAME_BUDGET taa=8 ao=12 (bake budget — Alt+S stills are unaffected)
19:23:19.852 + 3309.9s §CLAIM §STILL_REFINE start samples=8 triplanarMaterials=52 §MAXQ_FRAME_BUDGET taa=8 ao=12 (bake budget — Alt+S stills are unaffected)
19:23:19.852 + 3309.9s §CLAIM §STILL_REFINE start samples=8 triplanarMaterials=52 §MAXQ_FRAME_BUDGET taa=8 ao=12 (bake budget — Alt+S stills are unaffected)
19:23:19.852 + 3309.9s §CLAIM §STILL_REFINE start samples=8 triplanarMaterials=52 §MAXQ_FRAME_BUDGET taa=8 ao=12 (bake budget — Alt+S stills are unaffected)
19:23:19.852 + 3309.9s §CLAIM §STILL_REFINE start samples=8 triplanarMaterials=52 §MAXQ_FRAME_BUDGET taa=8 ao=12 (bake budget — Alt+S stills are unaffected)
19:23:19.852 + 3309.9s §CLAIM §STILL_REFINE start samples=8 triplanarMaterials=52 §MAXQ_FRAME_BUDGET taa=8 ao=12 (bake budget — Alt+S stills are unaffected)
19:23:19.852 + 3309.9s §CLAIM §STILL_REFINE start samples=8 triplanarMaterials=52 §MAXQ_FRAME_BUDGET taa=8 ao=12 (bake budget — Alt+S stills are unaffected)
19:23:19.852 + 3309.9s §CLAIM §STILL_REFINE start samples=8 triplanarMaterials=52 §MAXQ_FRAME_BUDGET taa=8 ao=12 (bake budget — Alt+S stills are unaffected)
19:23:19.852 + 3309.9s §CLAIM §STILL_REFINE start samples=8 triplanarMaterials=52 §MAXQ_FRAME_BUDGET taa=8 ao=12 (bake budget — Alt+S stills are unaffected)
19:23:19.852 + 3309.9s §CLAIM §STILL_REFINE start samples=8 triplanarMaterials=52 §MAXQ_FRAME_BUDGET taa=8 ao=12 (bake budget — Alt+S stills are unaffected)
19:23:19.852 + 3309.9s §CLAIM §STILL_REFINE start samples=8 triplanarMaterials=52 §MAXQ_FRAME_BUDGET taa=8 ao=12 (bake budget — Alt+S stills are unaffected)
19:23:19.852 + 3309.9s §CLAIM §STILL_REFINE start samples=8 triplanarMaterials=52 §MAXQ_FRAME_BUDGET taa=8 ao=12 (bake budget — Alt+S stills are unaffected)
19:23:19.852 + 3309.9s §CLAIM §STILL_REFINE start samples=8 triplanarMaterials=52 §MAXQ_FRAME_BUDGET taa=8 ao=12 (bake budget — Alt+S stills are unaffected)
19:23:19.852 + 3309.9s §CLAIM §STILL_REFINE start samples=8 triplanarMaterials=52 §MAXQ_FRAME_BUDGET taa=8 ao=12 (bake budget — Alt+S stills are unaffected)
19:23:19.852 + 3309.9s §CLAIM §STILL_REFINE start samples=8 triplanarMaterials=52 §MAXQ_FRAME_BUDGET taa=8 ao=12 (bake budget — Alt+S stills are unaffected)
19:23:19.852 + 3309.9s §CLAIM §STILL_REFINE start samples=8 triplanarMaterials=52 §MAXQ_FRAME_BUDGET taa=8 ao=12 (bake budget — Alt+S stills are unaffected)
19:23:19.852 + 3309.9s §CLAIM §STILL_REFINE start samples=8 triplanarMaterials=52 §MAXQ_FRAME_BUDGET taa=8 ao=12 (bake budget — Alt+S stills are unaffected)
19:23:19.852 + 3309.9s §CLAIM §STILL_REFINE start samples=8 triplanarMaterials=52 §MAXQ_FRAME_BUDGET taa=8 ao=12 (bake budget — Alt+S stills are unaffected)
19:23:19.852 + 3309.9s §CLAIM §STILL_REFINE start samples=8 triplanarMaterials=52 §MAXQ_FRAME_BUDGET taa=8 ao=12 (bake budget — Alt+S stills are unaffected)
19:23:19.852 + 3309.9s §CLAIM §STILL_REFINE start samples=8 triplanarMaterials=52 §MAXQ_FRAME_BUDGET taa=8 ao=12 (bake budget — Alt+S stills are unaffected)
19:23:19.852 + 3309.9s §CLAIM §STILL_REFINE start samples=8 triplanarMaterials=52 §MAXQ_FRAME_BUDGET taa=8 ao=12 (bake budget — Alt+S stills are unaffected)
19:23:19.852 + 3309.9s §CLAIM §STILL_REFINE start samples=8 triplanarMaterials=52 §MAXQ_FRAME_BUDGET taa=8 ao=12 (bake budget — Alt+S stills are unaffected)
19:23:19.852 + 3309.9s §CLAIM §STILL_REFINE start samples=8 triplanarMaterials=52 §MAXQ_FRAME_BUDGET taa=8 ao=12 (bake budget — Alt+S stills are unaffected)
19:23:19.852 + 3309.9s §CLAIM §STILL_REFINE start samples=8 triplanarMaterials=52 §MAXQ_FRAME_BUDGET taa=8 ao=12 (bake budget — Alt+S stills are unaffected)
19:23:19.852 + 3309.9s §CLAIM §STILL_REFINE start samples=8 triplanarMaterials=52 §MAXQ_FRAME_BUDGET taa=8 ao=12 (bake budget — Alt+S stills are unaffected)
19:23:19.852 + 3309.9s §CLAIM §STILL_REFINE start samples=8 triplanarMaterials=52 §MAXQ_FRAME_BUDGET taa=8 ao=12 (bake budget — Alt+S stills are unaffected)
19:23:19.852 + 3309.9s §CLAIM §STILL_REFINE start samples=8 triplanarMaterials=52 §MAXQ_FRAME_BUDGET taa=8 ao=12 (bake budget — Alt+S stills are unaffected)
19:23:19.852 + 3309.9s §CLAIM §STILL_REFINE start samples=8 triplanarMaterials=52 §MAXQ_FRAME_BUDGET taa=8 ao=12 (bake budget — Alt+S stills are unaffected)
19:23:19.852 + 3309.9s §CLAIM §STILL_REFINE start samples=8 triplanarMaterials=52 §MAXQ_FRAME_BUDGET taa=8 ao=12 (bake budget — Alt+S stills are unaffected)
19:23:19.852 + 3309.9s §CLAIM §STILL_REFINE start samples=8 triplanarMaterials=52 §MAXQ_FRAME_BUDGET taa=8 ao=12 (bake budget — Alt+S stills are unaffected)
19:23:19.852 + 3309.9s §CLAIM §STILL_REFINE start samples=8 triplanarMaterials=52 §MAXQ_FRAME_BUDGET taa=8 ao=12 (bake budget — Alt+S stills are unaffected)
19:23:19.852 + 3309.9s §CLAIM §STILL_REFINE start samples=8 triplanarMaterials=52 §MAXQ_FRAME_BUDGET taa=8 ao=12 (bake budget — Alt+S stills are unaffected)
19:23:19.852 + 3309.9s §CLAIM §STILL_REFINE start samples=8 triplanarMaterials=52 §MAXQ_FRAME_BUDGET taa=8 ao=12 (bake budget — Alt+S stills are unaffected)
19:23:19.852 + 3309.9s §CLAIM §STILL_REFINE start samples=8 triplanarMaterials=52 §MAXQ_FRAME_BUDGET taa=8 ao=12 (bake budget — Alt+S stills are unaffected)
19:23:19.852 + 3309.9s §CLAIM §STILL_REFINE start samples=8 triplanarMaterials=52 §MAXQ_FRAME_BUDGET taa=8 ao=12 (bake budget — Alt+S stills are unaffected)
19:23:19.852 + 3309.9s §CLAIM §STILL_REFINE start samples=8 triplanarMaterials=52 §MAXQ_FRAME_BUDGET taa=8 ao=12 (bake budget — Alt+S stills are unaffected)
19:23:19.852 + 3309.9s §CLAIM §STILL_REFINE start samples=8 triplanarMaterials=52 §MAXQ_FRAME_BUDGET taa=8 ao=12 (bake budget — Alt+S stills are unaffected)
19:23:19.852 + 3309.9s §CLAIM §STILL_REFINE start samples=8 triplanarMaterials=52 §MAXQ_FRAME_BUDGET taa=8 ao=12 (bake budget — Alt+S stills are unaffected)
19:23:19.852 + 3309.9s §CLAIM §STILL_REFINE start samples=8 triplanarMaterials=52 §MAXQ_FRAME_BUDGET taa=8 ao=12 (bake budget — Alt+S stills are unaffected)
19:23:19.852 + 3309.9s §CLAIM §STILL_REFINE start samples=8 triplanarMaterials=52 §MAXQ_FRAME_BUDGET taa=8 ao=12 (bake budget — Alt+S stills are unaffected)
19:23:19.852 + 3309.9s §CLAIM §STILL_REFINE start samples=8 triplanarMaterials=52 §MAXQ_FRAME_BUDGET taa=8 ao=12 (bake budget — Alt+S stills are unaffected)
19:23:19.852 + 3309.9s §CLAIM §STILL_REFINE start samples=8 triplanarMaterials=52 §MAXQ_FRAME_BUDGET taa=8 ao=12 (bake budget — Alt+S stills are unaffected)
19:23:19.852 + 3309.9s §CLAIM §STILL_REFINE start samples=8 triplanarMaterials=52 §MAXQ_FRAME_BUDGET taa=8 ao=12 (bake budget — Alt+S stills are unaffected)
19:23:19.852 + 3309.9s §CLAIM §STILL_REFINE start samples=8 triplanarMaterials=52 §MAXQ_FRAME_BUDGET taa=8 ao=12 (bake budget — Alt+S stills are unaffected)
19:23:19.852 + 3309.9s §CLAIM §STILL_REFINE start samples=8 triplanarMaterials=52 §MAXQ_FRAME_BUDGET taa=8 ao=12 (bake budget — Alt+S stills are unaffected)
19:23:19.852 + 3309.9s §CLAIM §STILL_REFINE start samples=8 triplanarMaterials=52 §MAXQ_FRAME_BUDGET taa=8 ao=12 (bake budget — Alt+S stills are unaffected)
19:23:19.852 + 3309.9s §CLAIM §STILL_REFINE start samples=8 triplanarMaterials=52 §MAXQ_FRAME_BUDGET taa=8 ao=12 (bake budget — Alt+S stills are unaffected)
19:23:19.852 + 3309.9s §CLAIM §STILL_REFINE start samples=8 triplanarMaterials=52 §MAXQ_FRAME_BUDGET taa=8 ao=12 (bake budget — Alt+S stills are unaffected)
19:23:19.852 + 3309.9s §CLAIM §STILL_REFINE start samples=8 triplanarMaterials=52 §MAXQ_FRAME_BUDGET taa=8 ao=12 (bake budget — Alt+S stills are unaffected)
19:23:19.852 + 3309.9s §CLAIM §STILL_REFINE start samples=8 triplanarMaterials=52 §MAXQ_FRAME_BUDGET taa=8 ao=12 (bake budget — Alt+S stills are unaffected)
19:23:19.852 + 3309.9s §CLAIM §STILL_REFINE start samples=8 triplanarMaterials=52 §MAXQ_FRAME_BUDGET taa=8 ao=12 (bake budget — Alt+S stills are unaffected)
19:23:19.852 + 3309.9s §CLAIM §STILL_REFINE start samples=8 triplanarMaterials=52 §MAXQ_FRAME_BUDGET taa=8 ao=12 (bake budget — Alt+S stills are unaffected)
19:23:19.852 + 3309.9s §CLAIM §STILL_REFINE start samples=8 triplanarMaterials=52 §MAXQ_FRAME_BUDGET taa=8 ao=12 (bake budget — Alt+S stills are unaffected)
19:23:19.852 + 3309.9s §CLAIM §STILL_REFINE start samples=8 triplanarMaterials=52 §MAXQ_FRAME_BUDGET taa=8 ao=12 (bake budget — Alt+S stills are unaffected)
19:23:19.852 + 3309.9s §CLAIM §STILL_REFINE start samples=8 triplanarMaterials=52 §MAXQ_FRAME_BUDGET taa=8 ao=12 (bake budget — Alt+S stills are unaffected)
19:23:19.852 + 3309.9s §CLAIM §STILL_REFINE start samples=8 triplanarMaterials=52 §MAXQ_FRAME_BUDGET taa=8 ao=12 (bake budget — Alt+S stills are unaffected)
19:23:19.852 + 3309.9s §CLAIM §STILL_REFINE start samples=8 triplanarMaterials=52 §MAXQ_FRAME_BUDGET taa=8 ao=12 (bake budget — Alt+S stills are unaffected)
19:23:19.852 + 3309.9s §CLAIM §STILL_REFINE start samples=8 triplanarMaterials=52 §MAXQ_FRAME_BUDGET taa=8 ao=12 (bake budget — Alt+S stills are unaffected)
19:23:19.852 + 3309.9s §CLAIM §STILL_REFINE start samples=8 triplanarMaterials=52 §MAXQ_FRAME_BUDGET taa=8 ao=12 (bake budget — Alt+S stills are unaffected)
19:23:19.852 + 3309.9s §CLAIM §STILL_REFINE start samples=8 triplanarMaterials=52 §MAXQ_FRAME_BUDGET taa=8 ao=12 (bake budget — Alt+S stills are unaffected)
19:23:19.852 + 3309.9s §CLAIM §STILL_REFINE start samples=8 triplanarMaterials=52 §MAXQ_FRAME_BUDGET taa=8 ao=12 (bake budget — Alt+S stills are unaffected)
19:23:19.852 + 3309.9s §CLAIM §STILL_REFINE start samples=8 triplanarMaterials=52 §MAXQ_FRAME_BUDGET taa=8 ao=12 (bake budget — Alt+S stills are unaffected)
19:23:19.852 + 3309.9s §CLAIM §STILL_REFINE start samples=8 triplanarMaterials=52 §MAXQ_FRAME_BUDGET taa=8 ao=12 (bake budget — Alt+S stills are unaffected)
19:23:19.852 + 3309.9s §CLAIM §STILL_REFINE start samples=8 triplanarMaterials=52 §MAXQ_FRAME_BUDGET taa=8 ao=12 (bake budget — Alt+S stills are unaffected)
19:23:19.852 + 3309.9s §CLAIM §STILL_REFINE start samples=8 triplanarMaterials=52 §MAXQ_FRAME_BUDGET taa=8 ao=12 (bake budget — Alt+S stills are unaffected)
19:23:19.852 + 3309.9s §CLAIM §STILL_REFINE start samples=8 triplanarMaterials=52 §MAXQ_FRAME_BUDGET taa=8 ao=12 (bake budget — Alt+S stills are unaffected)
19:23:19.852 + 3309.9s §CLAIM §STILL_REFINE start samples=8 triplanarMaterials=52 §MAXQ_FRAME_BUDGET taa=8 ao=12 (bake budget — Alt+S stills are unaffected)
19:23:19.852 + 3309.9s §CLAIM §STILL_REFINE start samples=8 triplanarMaterials=52 §MAXQ_FRAME_BUDGET taa=8 ao=12 (bake budget — Alt+S stills are unaffected)
19:23:19.852 + 3309.9s §CLAIM §STILL_REFINE start samples=8 triplanarMaterials=52 §MAXQ_FRAME_BUDGET taa=8 ao=12 (bake budget — Alt+S stills are unaffected)
19:23:19.852 + 3309.9s §CLAIM §STILL_REFINE start samples=8 triplanarMaterials=52 §MAXQ_FRAME_BUDGET taa=8 ao=12 (bake budget — Alt+S stills are unaffected)
19:23:19.852 + 3309.9s §CLAIM §STILL_REFINE start samples=8 triplanarMaterials=52 §MAXQ_FRAME_BUDGET taa=8 ao=12 (bake budget — Alt+S stills are unaffected)
19:23:19.852 + 3309.9s §CLAIM §STILL_REFINE start samples=8 triplanarMaterials=52 §MAXQ_FRAME_BUDGET taa=8 ao=12 (bake budget — Alt+S stills are unaffected)
19:23:19.852 + 3309.9s §CLAIM §STILL_REFINE start samples=8 triplanarMaterials=52 §MAXQ_FRAME_BUDGET taa=8 ao=12 (bake budget — Alt+S stills are unaffected)
19:23:19.852 + 3309.9s §CLAIM §STILL_REFINE start samples=8 triplanarMaterials=52 §MAXQ_FRAME_BUDGET taa=8 ao=12 (bake budget — Alt+S stills are unaffected)
19:23:19.852 + 3309.9s §CLAIM §STILL_REFINE start samples=8 triplanarMaterials=52 §MAXQ_FRAME_BUDGET taa=8 ao=12 (bake budget — Alt+S stills are unaffected)
19:23:19.852 + 3309.9s §CLAIM §STILL_REFINE start samples=8 triplanarMaterials=52 §MAXQ_FRAME_BUDGET taa=8 ao=12 (bake budget — Alt+S stills are unaffected)
19:23:19.852 + 3309.9s §CLAIM §STILL_REFINE start samples=8 triplanarMaterials=52 §MAXQ_FRAME_BUDGET taa=8 ao=12 (bake budget — Alt+S stills are unaffected)
19:23:19.852 + 3309.9s §CLAIM §STILL_REFINE start samples=8 triplanarMaterials=52 §MAXQ_FRAME_BUDGET taa=8 ao=12 (bake budget — Alt+S stills are unaffected)
19:23:19.852 + 3309.9s §CLAIM §STILL_REFINE start samples=8 triplanarMaterials=52 §MAXQ_FRAME_BUDGET taa=8 ao=12 (bake budget — Alt+S stills are unaffected)
19:23:19.852 + 3309.9s §CLAIM §STILL_REFINE start samples=8 triplanarMaterials=52 §MAXQ_FRAME_BUDGET taa=8 ao=12 (bake budget — Alt+S stills are unaffected)
19:23:19.852 + 3309.9s §CLAIM §STILL_REFINE start samples=8 triplanarMaterials=52 §MAXQ_FRAME_BUDGET taa=8 ao=12 (bake budget — Alt+S stills are unaffected)
19:23:19.852 + 3309.9s §CLAIM §STILL_REFINE start samples=8 triplanarMaterials=52 §MAXQ_FRAME_BUDGET taa=8 ao=12 (bake budget — Alt+S stills are unaffected)
19:23:19.853 + 3309.9s §CLAIM §STILL_REFINE start samples=8 triplanarMaterials=52 §MAXQ_FRAME_BUDGET taa=8 ao=12 (bake budget — Alt+S stills are unaffected)
19:23:19.853 + 3309.9s §CLAIM §STILL_REFINE start samples=8 triplanarMaterials=52 §MAXQ_FRAME_BUDGET taa=8 ao=12 (bake budget — Alt+S stills are unaffected)
19:23:19.853 + 3309.9s §CLAIM §STILL_REFINE start samples=8 triplanarMaterials=52 §MAXQ_FRAME_BUDGET taa=8 ao=12 (bake budget — Alt+S stills are unaffected)
19:23:19.853 + 3309.9s §CLAIM §STILL_REFINE start samples=8 triplanarMaterials=52 §MAXQ_FRAME_BUDGET taa=8 ao=12 (bake budget — Alt+S stills are unaffected)
19:23:19.853 + 3309.9s §CLAIM §STILL_REFINE start samples=8 triplanarMaterials=52 §MAXQ_FRAME_BUDGET taa=8 ao=12 (bake budget — Alt+S stills are unaffected)
19:23:19.853 + 3309.9s §CLAIM §STILL_REFINE start samples=8 triplanarMaterials=52 §MAXQ_FRAME_BUDGET taa=8 ao=12 (bake budget — Alt+S stills are unaffected)
19:23:19.853 + 3309.9s §CLAIM §STILL_REFINE start samples=8 triplanarMaterials=52 §MAXQ_FRAME_BUDGET taa=8 ao=12 (bake budget — Alt+S stills are unaffected)
19:23:19.853 + 3309.9s §CLAIM §STILL_REFINE start samples=8 triplanarMaterials=52 §MAXQ_FRAME_BUDGET taa=8 ao=12 (bake budget — Alt+S stills are unaffected)
19:23:19.853 + 3309.9s §CLAIM §STILL_REFINE start samples=8 triplanarMaterials=52 §MAXQ_FRAME_BUDGET taa=8 ao=12 (bake budget — Alt+S stills are unaffected)
19:23:19.853 + 3309.9s §CLAIM §STILL_REFINE start samples=8 triplanarMaterials=52 §MAXQ_FRAME_BUDGET taa=8 ao=12 (bake budget — Alt+S stills are unaffected)
19:23:19.853 + 3309.9s §CLAIM §STILL_REFINE start samples=8 triplanarMaterials=52 §MAXQ_FRAME_BUDGET taa=8 ao=12 (bake budget — Alt+S stills are unaffected)
19:23:19.853 + 3309.9s §CLAIM §STILL_REFINE start samples=8 triplanarMaterials=52 §MAXQ_FRAME_BUDGET taa=8 ao=12 (bake budget — Alt+S stills are unaffected)
19:23:19.853 + 3309.9s §CLAIM §STILL_REFINE start samples=8 triplanarMaterials=52 §MAXQ_FRAME_BUDGET taa=8 ao=12 (bake budget — Alt+S stills are unaffected)
19:23:19.853 + 3309.9s §CLAIM §STILL_REFINE start samples=8 triplanarMaterials=52 §MAXQ_FRAME_BUDGET taa=8 ao=12 (bake budget — Alt+S stills are unaffected)
19:23:19.853 + 3309.9s §CLAIM §STILL_REFINE start samples=8 triplanarMaterials=52 §MAXQ_FRAME_BUDGET taa=8 ao=12 (bake budget — Alt+S stills are unaffected)
19:23:19.853 + 3309.9s §CLAIM §STILL_REFINE start samples=8 triplanarMaterials=52 §MAXQ_FRAME_BUDGET taa=8 ao=12 (bake budget — Alt+S stills are unaffected)
19:23:19.853 + 3309.9s §CLAIM §STILL_REFINE start samples=8 triplanarMaterials=52 §MAXQ_FRAME_BUDGET taa=8 ao=12 (bake budget — Alt+S stills are unaffected)
19:23:19.853 + 3309.9s §CLAIM §STILL_REFINE start samples=8 triplanarMaterials=52 §MAXQ_FRAME_BUDGET taa=8 ao=12 (bake budget — Alt+S stills are unaffected)
19:23:19.853 + 3309.9s §CLAIM §STILL_REFINE start samples=8 triplanarMaterials=52 §MAXQ_FRAME_BUDGET taa=8 ao=12 (bake budget — Alt+S stills are unaffected)
19:23:19.853 + 3309.9s §CLAIM §STILL_REFINE start samples=8 triplanarMaterials=52 §MAXQ_FRAME_BUDGET taa=8 ao=12 (bake budget — Alt+S stills are unaffected)
19:23:19.853 + 3309.9s §CLAIM §STILL_REFINE start samples=8 triplanarMaterials=52 §MAXQ_FRAME_BUDGET taa=8 ao=12 (bake budget — Alt+S stills are unaffected)
19:23:19.853 + 3309.9s §CLAIM §STILL_REFINE start samples=8 triplanarMaterials=52 §MAXQ_FRAME_BUDGET taa=8 ao=12 (bake budget — Alt+S stills are unaffected)
19:23:19.853 + 3309.9s §CLAIM §STILL_REFINE start samples=8 triplanarMaterials=52 §MAXQ_FRAME_BUDGET taa=8 ao=12 (bake budget — Alt+S stills are unaffected)
19:23:19.853 + 3309.9s §CLAIM §STILL_REFINE start samples=8 triplanarMaterials=52 §MAXQ_FRAME_BUDGET taa=8 ao=12 (bake budget — Alt+S stills are unaffected)
19:23:19.853 + 3309.9s §CLAIM §STILL_REFINE start samples=8 triplanarMaterials=52 §MAXQ_FRAME_BUDGET taa=8 ao=12 (bake budget — Alt+S stills are unaffected)
19:23:19.853 + 3309.9s §CLAIM §STILL_REFINE start samples=8 triplanarMaterials=52 §MAXQ_FRAME_BUDGET taa=8 ao=12 (bake budget — Alt+S stills are unaffected)
19:23:19.853 + 3309.9s §CLAIM §STILL_REFINE start samples=8 triplanarMaterials=52 §MAXQ_FRAME_BUDGET taa=8 ao=12 (bake budget — Alt+S stills are unaffected)
19:23:19.853 + 3309.9s §CLAIM §STILL_REFINE start samples=8 triplanarMaterials=52 §MAXQ_FRAME_BUDGET taa=8 ao=12 (bake budget — Alt+S stills are unaffected)
19:23:19.853 + 3309.9s §CLAIM §STILL_REFINE start samples=8 triplanarMaterials=52 §MAXQ_FRAME_BUDGET taa=8 ao=12 (bake budget — Alt+S stills are unaffected)
19:23:19.853 + 3309.9s §CLAIM §STILL_REFINE start samples=8 triplanarMaterials=52 §MAXQ_FRAME_BUDGET taa=8 ao=12 (bake budget — Alt+S stills are unaffected)
19:23:19.853 + 3309.9s §CLAIM §STILL_REFINE start samples=8 triplanarMaterials=52 §MAXQ_FRAME_BUDGET taa=8 ao=12 (bake budget — Alt+S stills are unaffected)
19:23:19.853 + 3309.9s §CLAIM §STILL_REFINE start samples=8 triplanarMaterials=52 §MAXQ_FRAME_BUDGET taa=8 ao=12 (bake budget — Alt+S stills are unaffected)
19:23:19.853 + 3309.9s §CLAIM §STILL_REFINE start samples=8 triplanarMaterials=52 §MAXQ_FRAME_BUDGET taa=8 ao=12 (bake budget — Alt+S stills are unaffected)
19:23:19.853 + 3309.9s §CLAIM §STILL_REFINE start samples=8 triplanarMaterials=52 §MAXQ_FRAME_BUDGET taa=8 ao=12 (bake budget — Alt+S stills are unaffected)
19:23:19.853 + 3309.9s §CLAIM §STILL_REFINE start samples=8 triplanarMaterials=52 §MAXQ_FRAME_BUDGET taa=8 ao=12 (bake budget — Alt+S stills are unaffected)
19:23:19.853 + 3309.9s §CLAIM §STILL_REFINE start samples=8 triplanarMaterials=52 §MAXQ_FRAME_BUDGET taa=8 ao=12 (bake budget — Alt+S stills are unaffected)
19:23:19.853 + 3309.9s §CLAIM §STILL_REFINE start samples=8 triplanarMaterials=52 §MAXQ_FRAME_BUDGET taa=8 ao=12 (bake budget — Alt+S stills are unaffected)
19:23:19.853 + 3309.9s §CLAIM §STILL_REFINE start samples=8 triplanarMaterials=52 §MAXQ_FRAME_BUDGET taa=8 ao=12 (bake budget — Alt+S stills are unaffected)
19:23:19.853 + 3309.9s §CLAIM §STILL_REFINE start samples=8 triplanarMaterials=52 §MAXQ_FRAME_BUDGET taa=8 ao=12 (bake budget — Alt+S stills are unaffected)
19:23:19.853 + 3309.9s §CLAIM §STILL_REFINE start samples=8 triplanarMaterials=52 §MAXQ_FRAME_BUDGET taa=8 ao=12 (bake budget — Alt+S stills are unaffected)
19:23:19.853 + 3309.9s §CLAIM §STILL_REFINE start samples=8 triplanarMaterials=52 §MAXQ_FRAME_BUDGET taa=8 ao=12 (bake budget — Alt+S stills are unaffected)
19:23:19.853 + 3309.9s §CLAIM §STILL_REFINE start samples=8 triplanarMaterials=52 §MAXQ_FRAME_BUDGET taa=8 ao=12 (bake budget — Alt+S stills are unaffected)
19:23:19.853 + 3309.9s §CLAIM §STILL_REFINE start samples=8 triplanarMaterials=52 §MAXQ_FRAME_BUDGET taa=8 ao=12 (bake budget — Alt+S stills are unaffected)
19:23:19.853 + 3309.9s §CLAIM §STILL_REFINE start samples=8 triplanarMaterials=52 §MAXQ_FRAME_BUDGET taa=8 ao=12 (bake budget — Alt+S stills are unaffected)
19:23:19.853 + 3309.9s §CLAIM §STILL_REFINE start samples=8 triplanarMaterials=52 §MAXQ_FRAME_BUDGET taa=8 ao=12 (bake budget — Alt+S stills are unaffected)
19:23:19.853 + 3309.9s §CLAIM §STILL_REFINE start samples=8 triplanarMaterials=52 §MAXQ_FRAME_BUDGET taa=8 ao=12 (bake budget — Alt+S stills are unaffected)
19:23:19.853 + 3309.9s §CLAIM §STILL_REFINE start samples=8 triplanarMaterials=52 §MAXQ_FRAME_BUDGET taa=8 ao=12 (bake budget — Alt+S stills are unaffected)
19:23:19.853 + 3309.9s §CLAIM §STILL_REFINE start samples=8 triplanarMaterials=52 §MAXQ_FRAME_BUDGET taa=8 ao=12 (bake budget — Alt+S stills are unaffected)
19:23:19.853 + 3309.9s §CLAIM §STILL_REFINE start samples=8 triplanarMaterials=52 §MAXQ_FRAME_BUDGET taa=8 ao=12 (bake budget — Alt+S stills are unaffected)
19:23:19.853 + 3309.9s §CLAIM §STILL_REFINE start samples=8 triplanarMaterials=52 §MAXQ_FRAME_BUDGET taa=8 ao=12 (bake budget — Alt+S stills are unaffected)
19:23:19.853 + 3309.9s §CLAIM §STILL_REFINE start samples=8 triplanarMaterials=52 §MAXQ_FRAME_BUDGET taa=8 ao=12 (bake budget — Alt+S stills are unaffected)
19:23:19.853 + 3309.9s §CLAIM §STILL_REFINE start samples=8 triplanarMaterials=52 §MAXQ_FRAME_BUDGET taa=8 ao=12 (bake budget — Alt+S stills are unaffected)
19:23:19.853 + 3309.9s §CLAIM §STILL_REFINE start samples=8 triplanarMaterials=52 §MAXQ_FRAME_BUDGET taa=8 ao=12 (bake budget — Alt+S stills are unaffected)
19:23:19.853 + 3309.9s §CLAIM §STILL_REFINE start samples=8 triplanarMaterials=52 §MAXQ_FRAME_BUDGET taa=8 ao=12 (bake budget — Alt+S stills are unaffected)
19:23:19.853 + 3309.9s §CLAIM §STILL_REFINE start samples=8 triplanarMaterials=52 §MAXQ_FRAME_BUDGET taa=8 ao=12 (bake budget — Alt+S stills are unaffected)
19:23:19.853 + 3309.9s §CLAIM §STILL_REFINE start samples=8 triplanarMaterials=52 §MAXQ_FRAME_BUDGET taa=8 ao=12 (bake budget — Alt+S stills are unaffected)
19:23:19.853 + 3309.9s §CLAIM §STILL_REFINE start samples=8 triplanarMaterials=52 §MAXQ_FRAME_BUDGET taa=8 ao=12 (bake budget — Alt+S stills are unaffected)
19:23:19.853 + 3309.9s §CLAIM §STILL_REFINE start samples=8 triplanarMaterials=52 §MAXQ_FRAME_BUDGET taa=8 ao=12 (bake budget — Alt+S stills are unaffected)
19:23:19.853 + 3309.9s §CLAIM §STILL_REFINE start samples=8 triplanarMaterials=52 §MAXQ_FRAME_BUDGET taa=8 ao=12 (bake budget — Alt+S stills are unaffected)
19:23:19.853 + 3309.9s §CLAIM §STILL_REFINE start samples=8 triplanarMaterials=52 §MAXQ_FRAME_BUDGET taa=8 ao=12 (bake budget — Alt+S stills are unaffected)
19:23:19.853 + 3309.9s §CLAIM §STILL_REFINE start samples=8 triplanarMaterials=52 §MAXQ_FRAME_BUDGET taa=8 ao=12 (bake budget — Alt+S stills are unaffected)
19:23:19.853 + 3309.9s §CLAIM §STILL_REFINE start samples=8 triplanarMaterials=52 §MAXQ_FRAME_BUDGET taa=8 ao=12 (bake budget — Alt+S stills are unaffected)
19:23:19.853 + 3309.9s §CLAIM §STILL_REFINE start samples=8 triplanarMaterials=52 §MAXQ_FRAME_BUDGET taa=8 ao=12 (bake budget — Alt+S stills are unaffected)
19:23:19.853 + 3309.9s §CLAIM §STILL_REFINE start samples=8 triplanarMaterials=52 §MAXQ_FRAME_BUDGET taa=8 ao=12 (bake budget — Alt+S stills are unaffected)
19:23:19.853 + 3309.9s §CLAIM §STILL_REFINE start samples=8 triplanarMaterials=52 §MAXQ_FRAME_BUDGET taa=8 ao=12 (bake budget — Alt+S stills are unaffected)
19:23:19.853 + 3309.9s §CLAIM §STILL_REFINE start samples=8 triplanarMaterials=52 §MAXQ_FRAME_BUDGET taa=8 ao=12 (bake budget — Alt+S stills are unaffected)
19:23:19.853 + 3309.9s §CLAIM §STILL_REFINE start samples=8 triplanarMaterials=52 §MAXQ_FRAME_BUDGET taa=8 ao=12 (bake budget — Alt+S stills are unaffected)
19:23:19.853 + 3309.9s §CLAIM §STILL_REFINE start samples=8 triplanarMaterials=52 §MAXQ_FRAME_BUDGET taa=8 ao=12 (bake budget — Alt+S stills are unaffected)
19:23:19.853 + 3309.9s §CLAIM §STILL_REFINE start samples=8 triplanarMaterials=52 §MAXQ_FRAME_BUDGET taa=8 ao=12 (bake budget — Alt+S stills are unaffected)
19:23:19.853 + 3309.9s §CLAIM §STILL_REFINE start samples=8 triplanarMaterials=52 §MAXQ_FRAME_BUDGET taa=8 ao=12 (bake budget — Alt+S stills are unaffected)
19:23:19.853 + 3309.9s §CLAIM §STILL_REFINE start samples=8 triplanarMaterials=52 §MAXQ_FRAME_BUDGET taa=8 ao=12 (bake budget — Alt+S stills are unaffected)
19:23:19.853 + 3309.9s §CLAIM §STILL_REFINE start samples=8 triplanarMaterials=52 §MAXQ_FRAME_BUDGET taa=8 ao=12 (bake budget — Alt+S stills are unaffected)
19:23:19.853 + 3309.9s §CLAIM §STILL_REFINE start samples=8 triplanarMaterials=52 §MAXQ_FRAME_BUDGET taa=8 ao=12 (bake budget — Alt+S stills are unaffected)
19:23:19.853 + 3309.9s §CLAIM §STILL_REFINE start samples=8 triplanarMaterials=52 §MAXQ_FRAME_BUDGET taa=8 ao=12 (bake budget — Alt+S stills are unaffected)
19:23:19.853 + 3309.9s §CLAIM §STILL_REFINE start samples=8 triplanarMaterials=52 §MAXQ_FRAME_BUDGET taa=8 ao=12 (bake budget — Alt+S stills are unaffected)
19:23:19.853 + 3309.9s §CLAIM §STILL_REFINE start samples=8 triplanarMaterials=52 §MAXQ_FRAME_BUDGET taa=8 ao=12 (bake budget — Alt+S stills are unaffected)
19:23:19.853 + 3309.9s §CLAIM §STILL_REFINE start samples=8 triplanarMaterials=52 §MAXQ_FRAME_BUDGET taa=8 ao=12 (bake budget — Alt+S stills are unaffected)
19:23:19.853 + 3309.9s §CLAIM §STILL_REFINE start samples=8 triplanarMaterials=52 §MAXQ_FRAME_BUDGET taa=8 ao=12 (bake budget — Alt+S stills are unaffected)
19:23:19.853 + 3309.9s §CLAIM §STILL_REFINE start samples=8 triplanarMaterials=52 §MAXQ_FRAME_BUDGET taa=8 ao=12 (bake budget — Alt+S stills are unaffected)
19:23:19.853 + 3309.9s §CLAIM §STILL_REFINE start samples=8 triplanarMaterials=52 §MAXQ_FRAME_BUDGET taa=8 ao=12 (bake budget — Alt+S stills are unaffected)
19:23:19.853 + 3309.9s §CLAIM §STILL_REFINE start samples=8 triplanarMaterials=52 §MAXQ_FRAME_BUDGET taa=8 ao=12 (bake budget — Alt+S stills are unaffected)
19:23:19.853 + 3309.9s §CLAIM §STILL_REFINE start samples=8 triplanarMaterials=52 §MAXQ_FRAME_BUDGET taa=8 ao=12 (bake budget — Alt+S stills are unaffected)
19:23:19.853 + 3309.9s §CLAIM §STILL_REFINE start samples=8 triplanarMaterials=52 §MAXQ_FRAME_BUDGET taa=8 ao=12 (bake budget — Alt+S stills are unaffected)
19:23:19.853 + 3309.9s §CLAIM §STILL_REFINE start samples=8 triplanarMaterials=52 §MAXQ_FRAME_BUDGET taa=8 ao=12 (bake budget — Alt+S stills are unaffected)
19:23:19.853 + 3309.9s §CLAIM §STILL_REFINE start samples=8 triplanarMaterials=52 §MAXQ_FRAME_BUDGET taa=8 ao=12 (bake budget — Alt+S stills are unaffected)
19:23:19.853 + 3309.9s §CLAIM §STILL_REFINE start samples=8 triplanarMaterials=52 §MAXQ_FRAME_BUDGET taa=8 ao=12 (bake budget — Alt+S stills are unaffected)
19:23:19.853 + 3309.9s §CLAIM §STILL_REFINE start samples=8 triplanarMaterials=52 §MAXQ_FRAME_BUDGET taa=8 ao=12 (bake budget — Alt+S stills are unaffected)
19:23:19.853 + 3309.9s §CLAIM §STILL_REFINE start samples=8 triplanarMaterials=52 §MAXQ_FRAME_BUDGET taa=8 ao=12 (bake budget — Alt+S stills are unaffected)
19:23:19.853 + 3309.9s §CLAIM §STILL_REFINE start samples=8 triplanarMaterials=52 §MAXQ_FRAME_BUDGET taa=8 ao=12 (bake budget — Alt+S stills are unaffected)
19:23:19.853 + 3309.9s §CLAIM §STILL_REFINE start samples=8 triplanarMaterials=52 §MAXQ_FRAME_BUDGET taa=8 ao=12 (bake budget — Alt+S stills are unaffected)
19:23:19.853 + 3309.9s §CLAIM §STILL_REFINE start samples=8 triplanarMaterials=52 §MAXQ_FRAME_BUDGET taa=8 ao=12 (bake budget — Alt+S stills are unaffected)
19:23:19.853 + 3309.9s §CLAIM §STILL_REFINE start samples=8 triplanarMaterials=52 §MAXQ_FRAME_BUDGET taa=8 ao=12 (bake budget — Alt+S stills are unaffected)
19:23:19.853 + 3309.9s §CLAIM §STILL_REFINE start samples=8 triplanarMaterials=52 §MAXQ_FRAME_BUDGET taa=8 ao=12 (bake budget — Alt+S stills are unaffected)
19:23:19.853 + 3309.9s §CLAIM §STILL_REFINE start samples=8 triplanarMaterials=52 §MAXQ_FRAME_BUDGET taa=8 ao=12 (bake budget — Alt+S stills are unaffected)
19:23:19.853 + 3309.9s §CLAIM §STILL_REFINE start samples=8 triplanarMaterials=52 §MAXQ_FRAME_BUDGET taa=8 ao=12 (bake budget — Alt+S stills are unaffected)
19:23:19.853 + 3309.9s §CLAIM §STILL_REFINE start samples=8 triplanarMaterials=52 §MAXQ_FRAME_BUDGET taa=8 ao=12 (bake budget — Alt+S stills are unaffected)
19:23:19.853 + 3309.9s §CLAIM §STILL_REFINE start samples=8 triplanarMaterials=52 §MAXQ_FRAME_BUDGET taa=8 ao=12 (bake budget — Alt+S stills are unaffected)
19:23:19.853 + 3309.9s §CLAIM §STILL_REFINE start samples=8 triplanarMaterials=52 §MAXQ_FRAME_BUDGET taa=8 ao=12 (bake budget — Alt+S stills are unaffected)
19:23:19.853 + 3309.9s §CLAIM §STILL_REFINE start samples=8 triplanarMaterials=52 §MAXQ_FRAME_BUDGET taa=8 ao=12 (bake budget — Alt+S stills are unaffected)
19:23:19.853 + 3309.9s §CLAIM §STILL_REFINE start samples=8 triplanarMaterials=52 §MAXQ_FRAME_BUDGET taa=8 ao=12 (bake budget — Alt+S stills are unaffected)
19:23:19.853 + 3309.9s §CLAIM §STILL_REFINE start samples=8 triplanarMaterials=52 §MAXQ_FRAME_BUDGET taa=8 ao=12 (bake budget — Alt+S stills are unaffected)
19:23:19.853 + 3309.9s §CLAIM §STILL_REFINE start samples=8 triplanarMaterials=52 §MAXQ_FRAME_BUDGET taa=8 ao=12 (bake budget — Alt+S stills are unaffected)
19:23:19.853 + 3309.9s §CLAIM §STILL_REFINE start samples=8 triplanarMaterials=52 §MAXQ_FRAME_BUDGET taa=8 ao=12 (bake budget — Alt+S stills are unaffected)
19:23:19.853 + 3309.9s §CLAIM §STILL_REFINE start samples=8 triplanarMaterials=52 §MAXQ_FRAME_BUDGET taa=8 ao=12 (bake budget — Alt+S stills are unaffected)
19:23:19.853 + 3309.9s §CLAIM §STILL_REFINE start samples=8 triplanarMaterials=52 §MAXQ_FRAME_BUDGET taa=8 ao=12 (bake budget — Alt+S stills are unaffected)
19:23:19.853 + 3309.9s §CLAIM §STILL_REFINE start samples=8 triplanarMaterials=52 §MAXQ_FRAME_BUDGET taa=8 ao=12 (bake budget — Alt+S stills are unaffected)
19:23:19.853 + 3309.9s §CLAIM §STILL_REFINE start samples=8 triplanarMaterials=52 §MAXQ_FRAME_BUDGET taa=8 ao=12 (bake budget — Alt+S stills are unaffected)
19:23:19.853 + 3309.9s §CLAIM §STILL_REFINE start samples=8 triplanarMaterials=52 §MAXQ_FRAME_BUDGET taa=8 ao=12 (bake budget — Alt+S stills are unaffected)
19:23:19.853 + 3309.9s §CLAIM §STILL_REFINE start samples=8 triplanarMaterials=52 §MAXQ_FRAME_BUDGET taa=8 ao=12 (bake budget — Alt+S stills are unaffected)
19:23:19.853 + 3309.9s §CLAIM §STILL_REFINE start samples=8 triplanarMaterials=52 §MAXQ_FRAME_BUDGET taa=8 ao=12 (bake budget — Alt+S stills are unaffected)
19:23:19.853 + 3309.9s §CLAIM §STILL_REFINE start samples=8 triplanarMaterials=52 §MAXQ_FRAME_BUDGET taa=8 ao=12 (bake budget — Alt+S stills are unaffected)
19:23:19.853 + 3309.9s §CLAIM §STILL_REFINE start samples=8 triplanarMaterials=52 §MAXQ_FRAME_BUDGET taa=8 ao=12 (bake budget — Alt+S stills are unaffected)
19:23:19.853 + 3309.9s §CLAIM §STILL_REFINE start samples=8 triplanarMaterials=52 §MAXQ_FRAME_BUDGET taa=8 ao=12 (bake budget — Alt+S stills are unaffected)
19:23:19.853 + 3309.9s §CLAIM §STILL_REFINE start samples=8 triplanarMaterials=52 §MAXQ_FRAME_BUDGET taa=8 ao=12 (bake budget — Alt+S stills are unaffected)
19:23:19.853 + 3309.9s §CLAIM §STILL_REFINE start samples=8 triplanarMaterials=52 §MAXQ_FRAME_BUDGET taa=8 ao=12 (bake budget — Alt+S stills are unaffected)
19:23:19.853 + 3309.9s §CLAIM §STILL_REFINE start samples=8 triplanarMaterials=52 §MAXQ_FRAME_BUDGET taa=8 ao=12 (bake budget — Alt+S stills are unaffected)
19:23:19.853 + 3309.9s §CLAIM §STILL_REFINE start samples=8 triplanarMaterials=52 §MAXQ_FRAME_BUDGET taa=8 ao=12 (bake budget — Alt+S stills are unaffected)
19:23:19.853 + 3309.9s §CLAIM §STILL_REFINE start samples=8 triplanarMaterials=52 §MAXQ_FRAME_BUDGET taa=8 ao=12 (bake budget — Alt+S stills are unaffected)
19:23:19.853 + 3309.9s §CLAIM §STILL_REFINE start samples=8 triplanarMaterials=52 §MAXQ_FRAME_BUDGET taa=8 ao=12 (bake budget — Alt+S stills are unaffected)
19:23:19.853 + 3309.9s §CLAIM §STILL_REFINE start samples=8 triplanarMaterials=52 §MAXQ_FRAME_BUDGET taa=8 ao=12 (bake budget — Alt+S stills are unaffected)
19:23:19.853 + 3309.9s §CLAIM §STILL_REFINE start samples=8 triplanarMaterials=52 §MAXQ_FRAME_BUDGET taa=8 ao=12 (bake budget — Alt+S stills are unaffected)
19:23:19.853 + 3309.9s §CLAIM §STILL_REFINE start samples=8 triplanarMaterials=52 §MAXQ_FRAME_BUDGET taa=8 ao=12 (bake budget — Alt+S stills are unaffected)
19:23:19.853 + 3309.9s §CLAIM §STILL_REFINE start samples=8 triplanarMaterials=52 §MAXQ_FRAME_BUDGET taa=8 ao=12 (bake budget — Alt+S stills are unaffected)
19:23:19.853 + 3309.9s §CLAIM §STILL_REFINE start samples=8 triplanarMaterials=52 §MAXQ_FRAME_BUDGET taa=8 ao=12 (bake budget — Alt+S stills are unaffected)
19:23:19.853 + 3309.9s §CLAIM §STILL_REFINE start samples=8 triplanarMaterials=52 §MAXQ_FRAME_BUDGET taa=8 ao=12 (bake budget — Alt+S stills are unaffected)
19:23:19.853 + 3309.9s §CLAIM §STILL_REFINE start samples=8 triplanarMaterials=52 §MAXQ_FRAME_BUDGET taa=8 ao=12 (bake budget — Alt+S stills are unaffected)
19:23:19.853 + 3309.9s §CLAIM §STILL_REFINE start samples=8 triplanarMaterials=52 §MAXQ_FRAME_BUDGET taa=8 ao=12 (bake budget — Alt+S stills are unaffected)
19:23:19.853 + 3309.9s §CLAIM §STILL_REFINE start samples=8 triplanarMaterials=52 §MAXQ_FRAME_BUDGET taa=8 ao=12 (bake budget — Alt+S stills are unaffected)
19:23:19.853 + 3309.9s §CLAIM §STILL_REFINE start samples=8 triplanarMaterials=52 §MAXQ_FRAME_BUDGET taa=8 ao=12 (bake budget — Alt+S stills are unaffected)
19:23:19.853 + 3309.9s §CLAIM §STILL_REFINE start samples=8 triplanarMaterials=52 §MAXQ_FRAME_BUDGET taa=8 ao=12 (bake budget — Alt+S stills are unaffected)
19:23:19.853 + 3309.9s §CLAIM §STILL_REFINE start samples=8 triplanarMaterials=52 §MAXQ_FRAME_BUDGET taa=8 ao=12 (bake budget — Alt+S stills are unaffected)
19:23:19.853 + 3309.9s §CLAIM §STILL_REFINE start samples=8 triplanarMaterials=52 §MAXQ_FRAME_BUDGET taa=8 ao=12 (bake budget — Alt+S stills are unaffected)
19:23:19.853 + 3309.9s §CLAIM §STILL_REFINE start samples=8 triplanarMaterials=52 §MAXQ_FRAME_BUDGET taa=8 ao=12 (bake budget — Alt+S stills are unaffected)
19:23:19.853 + 3309.9s §CLAIM §STILL_REFINE start samples=8 triplanarMaterials=52 §MAXQ_FRAME_BUDGET taa=8 ao=12 (bake budget — Alt+S stills are unaffected)
19:23:19.853 + 3309.9s §CLAIM §STILL_REFINE start samples=8 triplanarMaterials=52 §MAXQ_FRAME_BUDGET taa=8 ao=12 (bake budget — Alt+S stills are unaffected)
19:23:19.853 + 3309.9s §CLAIM §STILL_REFINE start samples=8 triplanarMaterials=52 §MAXQ_FRAME_BUDGET taa=8 ao=12 (bake budget — Alt+S stills are unaffected)
19:23:19.853 + 3309.9s §CLAIM §STILL_REFINE start samples=8 triplanarMaterials=52 §MAXQ_FRAME_BUDGET taa=8 ao=12 (bake budget — Alt+S stills are unaffected)
19:23:19.853 + 3309.9s §CLAIM §STILL_REFINE start samples=8 triplanarMaterials=52 §MAXQ_FRAME_BUDGET taa=8 ao=12 (bake budget — Alt+S stills are unaffected)
19:23:19.853 + 3309.9s §CLAIM §STILL_REFINE start samples=8 triplanarMaterials=52 §MAXQ_FRAME_BUDGET taa=8 ao=12 (bake budget — Alt+S stills are unaffected)
19:23:19.853 + 3309.9s §CLAIM §STILL_REFINE start samples=8 triplanarMaterials=52 §MAXQ_FRAME_BUDGET taa=8 ao=12 (bake budget — Alt+S stills are unaffected)
19:23:19.853 + 3309.9s §CLAIM §STILL_REFINE start samples=8 triplanarMaterials=52 §MAXQ_FRAME_BUDGET taa=8 ao=12 (bake budget — Alt+S stills are unaffected)
19:23:19.854 + 3309.9s §CLAIM §STILL_REFINE start samples=8 triplanarMaterials=52 §MAXQ_FRAME_BUDGET taa=8 ao=12 (bake budget — Alt+S stills are unaffected)
19:23:19.854 + 3309.9s §CLAIM §STILL_REFINE start samples=8 triplanarMaterials=52 §MAXQ_FRAME_BUDGET taa=8 ao=12 (bake budget — Alt+S stills are unaffected)
19:23:19.854 + 3309.9s §CLAIM §STILL_REFINE start samples=8 triplanarMaterials=52 §MAXQ_FRAME_BUDGET taa=8 ao=12 (bake budget — Alt+S stills are unaffected)
19:23:19.854 + 3309.9s §CLAIM §STILL_REFINE start samples=8 triplanarMaterials=52 §MAXQ_FRAME_BUDGET taa=8 ao=12 (bake budget — Alt+S stills are unaffected)
19:23:19.854 + 3309.9s §CLAIM §STILL_REFINE start samples=8 triplanarMaterials=52 §MAXQ_FRAME_BUDGET taa=8 ao=12 (bake budget — Alt+S stills are unaffected)
19:23:19.854 + 3309.9s §CLAIM §STILL_REFINE start samples=8 triplanarMaterials=52 §MAXQ_FRAME_BUDGET taa=8 ao=12 (bake budget — Alt+S stills are unaffected)
19:23:19.854 + 3309.9s §CLAIM §STILL_REFINE start samples=8 triplanarMaterials=52 §MAXQ_FRAME_BUDGET taa=8 ao=12 (bake budget — Alt+S stills are unaffected)
19:23:19.854 + 3309.9s §CLAIM §STILL_REFINE start samples=8 triplanarMaterials=52 §MAXQ_FRAME_BUDGET taa=8 ao=12 (bake budget — Alt+S stills are unaffected)
19:23:19.854 + 3309.9s §CLAIM §STILL_REFINE start samples=8 triplanarMaterials=52 §MAXQ_FRAME_BUDGET taa=8 ao=12 (bake budget — Alt+S stills are unaffected)
19:23:19.854 + 3309.9s §CLAIM §STILL_REFINE start samples=8 triplanarMaterials=52 §MAXQ_FRAME_BUDGET taa=8 ao=12 (bake budget — Alt+S stills are unaffected)
19:23:19.854 + 3309.9s §CLAIM §STILL_REFINE start samples=8 triplanarMaterials=52 §MAXQ_FRAME_BUDGET taa=8 ao=12 (bake budget — Alt+S stills are unaffected)
19:23:19.854 + 3309.9s §CLAIM §STILL_REFINE start samples=8 triplanarMaterials=52 §MAXQ_FRAME_BUDGET taa=8 ao=12 (bake budget — Alt+S stills are unaffected)
19:23:19.854 + 3309.9s §CLAIM §STILL_REFINE start samples=8 triplanarMaterials=52 §MAXQ_FRAME_BUDGET taa=8 ao=12 (bake budget — Alt+S stills are unaffected)
19:23:19.854 + 3309.9s §CLAIM §STILL_REFINE start samples=8 triplanarMaterials=52 §MAXQ_FRAME_BUDGET taa=8 ao=12 (bake budget — Alt+S stills are unaffected)
19:23:19.854 + 3309.9s §CLAIM §STILL_REFINE start samples=8 triplanarMaterials=52 §MAXQ_FRAME_BUDGET taa=8 ao=12 (bake budget — Alt+S stills are unaffected)
19:23:19.854 + 3309.9s §CLAIM §STILL_REFINE start samples=8 triplanarMaterials=52 §MAXQ_FRAME_BUDGET taa=8 ao=12 (bake budget — Alt+S stills are unaffected)
19:23:19.854 + 3309.9s §CLAIM §STILL_REFINE start samples=8 triplanarMaterials=52 §MAXQ_FRAME_BUDGET taa=8 ao=12 (bake budget — Alt+S stills are unaffected)
19:23:19.854 + 3309.9s §CLAIM §STILL_REFINE start samples=8 triplanarMaterials=52 §MAXQ_FRAME_BUDGET taa=8 ao=12 (bake budget — Alt+S stills are unaffected)
19:23:19.854 + 3309.9s §CLAIM §STILL_REFINE start samples=8 triplanarMaterials=52 §MAXQ_FRAME_BUDGET taa=8 ao=12 (bake budget — Alt+S stills are unaffected)
19:23:19.854 + 3309.9s §CLAIM §STILL_REFINE start samples=8 triplanarMaterials=52 §MAXQ_FRAME_BUDGET taa=8 ao=12 (bake budget — Alt+S stills are unaffected)
19:23:19.854 + 3309.9s §CLAIM §STILL_REFINE start samples=8 triplanarMaterials=52 §MAXQ_FRAME_BUDGET taa=8 ao=12 (bake budget — Alt+S stills are unaffected)
19:23:19.854 + 3309.9s §CLAIM §STILL_REFINE start samples=8 triplanarMaterials=52 §MAXQ_FRAME_BUDGET taa=8 ao=12 (bake budget — Alt+S stills are unaffected)
19:23:19.854 + 3309.9s §CLAIM §STILL_REFINE start samples=8 triplanarMaterials=52 §MAXQ_FRAME_BUDGET taa=8 ao=12 (bake budget — Alt+S stills are unaffected)
19:23:19.854 + 3309.9s §CLAIM §STILL_REFINE start samples=8 triplanarMaterials=52 §MAXQ_FRAME_BUDGET taa=8 ao=12 (bake budget — Alt+S stills are unaffected)
19:23:19.854 + 3309.9s §CLAIM §STILL_REFINE start samples=8 triplanarMaterials=52 §MAXQ_FRAME_BUDGET taa=8 ao=12 (bake budget — Alt+S stills are unaffected)
19:23:19.854 + 3309.9s §CLAIM §STILL_REFINE start samples=8 triplanarMaterials=52 §MAXQ_FRAME_BUDGET taa=8 ao=12 (bake budget — Alt+S stills are unaffected)
19:23:19.854 + 3309.9s §CLAIM §STILL_REFINE start samples=8 triplanarMaterials=52 §MAXQ_FRAME_BUDGET taa=8 ao=12 (bake budget — Alt+S stills are unaffected)
19:23:19.854 + 3309.9s §CLAIM §STILL_REFINE start samples=8 triplanarMaterials=52 §MAXQ_FRAME_BUDGET taa=8 ao=12 (bake budget — Alt+S stills are unaffected)
19:23:19.854 + 3309.9s §CLAIM §STILL_REFINE start samples=8 triplanarMaterials=52 §MAXQ_FRAME_BUDGET taa=8 ao=12 (bake budget — Alt+S stills are unaffected)
19:23:19.854 + 3309.9s §CLAIM §STILL_REFINE start samples=8 triplanarMaterials=52 §MAXQ_FRAME_BUDGET taa=8 ao=12 (bake budget — Alt+S stills are unaffected)
19:23:19.854 + 3309.9s §CLAIM §STILL_REFINE start samples=8 triplanarMaterials=52 §MAXQ_FRAME_BUDGET taa=8 ao=12 (bake budget — Alt+S stills are unaffected)
19:23:19.854 + 3309.9s §CLAIM §STILL_REFINE start samples=8 triplanarMaterials=52 §MAXQ_FRAME_BUDGET taa=8 ao=12 (bake budget — Alt+S stills are unaffected)
19:23:19.854 + 3309.9s §CLAIM §STILL_REFINE start samples=8 triplanarMaterials=52 §MAXQ_FRAME_BUDGET taa=8 ao=12 (bake budget — Alt+S stills are unaffected)
19:23:19.854 + 3309.9s §CLAIM §STILL_REFINE start samples=8 triplanarMaterials=52 §MAXQ_FRAME_BUDGET taa=8 ao=12 (bake budget — Alt+S stills are unaffected)
19:23:19.854 + 3309.9s §CLAIM §STILL_REFINE start samples=8 triplanarMaterials=52 §MAXQ_FRAME_BUDGET taa=8 ao=12 (bake budget — Alt+S stills are unaffected)
19:23:19.854 + 3309.9s §CLAIM §STILL_REFINE start samples=8 triplanarMaterials=52 §MAXQ_FRAME_BUDGET taa=8 ao=12 (bake budget — Alt+S stills are unaffected)
19:23:19.854 + 3309.9s §CLAIM §STILL_REFINE start samples=8 triplanarMaterials=52 §MAXQ_FRAME_BUDGET taa=8 ao=12 (bake budget — Alt+S stills are unaffected)
19:23:19.854 + 3309.9s §CLAIM §STILL_REFINE start samples=8 triplanarMaterials=52 §MAXQ_FRAME_BUDGET taa=8 ao=12 (bake budget — Alt+S stills are unaffected)
19:23:19.854 + 3309.9s §CLAIM §STILL_REFINE start samples=8 triplanarMaterials=52 §MAXQ_FRAME_BUDGET taa=8 ao=12 (bake budget — Alt+S stills are unaffected)
19:23:19.854 + 3309.9s §CLAIM §STILL_REFINE start samples=8 triplanarMaterials=52 §MAXQ_FRAME_BUDGET taa=8 ao=12 (bake budget — Alt+S stills are unaffected)
19:23:19.854 + 3309.9s §CLAIM §STILL_REFINE start samples=8 triplanarMaterials=52 §MAXQ_FRAME_BUDGET taa=8 ao=12 (bake budget — Alt+S stills are unaffected)
19:23:19.854 + 3309.9s §CLAIM §STILL_REFINE start samples=8 triplanarMaterials=52 §MAXQ_FRAME_BUDGET taa=8 ao=12 (bake budget — Alt+S stills are unaffected)
19:23:19.854 + 3309.9s §CLAIM §STILL_REFINE start samples=8 triplanarMaterials=52 §MAXQ_FRAME_BUDGET taa=8 ao=12 (bake budget — Alt+S stills are unaffected)
19:23:19.854 + 3309.9s §CLAIM §STILL_REFINE start samples=8 triplanarMaterials=52 §MAXQ_FRAME_BUDGET taa=8 ao=12 (bake budget — Alt+S stills are unaffected)
19:23:19.854 + 3309.9s §CLAIM §STILL_REFINE start samples=8 triplanarMaterials=52 §MAXQ_FRAME_BUDGET taa=8 ao=12 (bake budget — Alt+S stills are unaffected)
19:23:19.854 + 3309.9s §CLAIM §STILL_REFINE start samples=8 triplanarMaterials=52 §MAXQ_FRAME_BUDGET taa=8 ao=12 (bake budget — Alt+S stills are unaffected)
19:23:19.854 + 3309.9s §CLAIM §STILL_REFINE start samples=8 triplanarMaterials=52 §MAXQ_FRAME_BUDGET taa=8 ao=12 (bake budget — Alt+S stills are unaffected)
19:23:19.854 + 3309.9s §CLAIM §STILL_REFINE start samples=8 triplanarMaterials=52 §MAXQ_FRAME_BUDGET taa=8 ao=12 (bake budget — Alt+S stills are unaffected)
19:23:19.854 + 3309.9s §CLAIM §STILL_REFINE start samples=8 triplanarMaterials=52 §MAXQ_FRAME_BUDGET taa=8 ao=12 (bake budget — Alt+S stills are unaffected)
19:23:19.854 + 3309.9s §CLAIM §STILL_REFINE start samples=8 triplanarMaterials=52 §MAXQ_FRAME_BUDGET taa=8 ao=12 (bake budget — Alt+S stills are unaffected)
19:23:19.854 + 3309.9s §CLAIM §STILL_REFINE start samples=8 triplanarMaterials=52 §MAXQ_FRAME_BUDGET taa=8 ao=12 (bake budget — Alt+S stills are unaffected)
19:23:19.854 + 3309.9s §CLAIM §STILL_REFINE start samples=8 triplanarMaterials=52 §MAXQ_FRAME_BUDGET taa=8 ao=12 (bake budget — Alt+S stills are unaffected)
19:23:19.854 + 3309.9s §CLAIM §STILL_REFINE start samples=8 triplanarMaterials=52 §MAXQ_FRAME_BUDGET taa=8 ao=12 (bake budget — Alt+S stills are unaffected)
19:23:19.854 + 3309.9s §CLAIM §STILL_REFINE start samples=8 triplanarMaterials=52 §MAXQ_FRAME_BUDGET taa=8 ao=12 (bake budget — Alt+S stills are unaffected)
19:23:19.854 + 3309.9s §CLAIM §STILL_REFINE start samples=8 triplanarMaterials=52 §MAXQ_FRAME_BUDGET taa=8 ao=12 (bake budget — Alt+S stills are unaffected)
19:23:19.854 + 3309.9s §CLAIM §STILL_REFINE start samples=8 triplanarMaterials=52 §MAXQ_FRAME_BUDGET taa=8 ao=12 (bake budget — Alt+S stills are unaffected)
19:23:19.854 + 3309.9s §CLAIM §STILL_REFINE start samples=8 triplanarMaterials=52 §MAXQ_FRAME_BUDGET taa=8 ao=12 (bake budget — Alt+S stills are unaffected)
19:23:19.854 + 3309.9s §CLAIM §STILL_REFINE start samples=8 triplanarMaterials=52 §MAXQ_FRAME_BUDGET taa=8 ao=12 (bake budget — Alt+S stills are unaffected)
19:23:19.854 + 3309.9s §CLAIM §STILL_REFINE start samples=8 triplanarMaterials=52 §MAXQ_FRAME_BUDGET taa=8 ao=12 (bake budget — Alt+S stills are unaffected)
19:23:19.854 + 3309.9s §CLAIM §STILL_REFINE start samples=8 triplanarMaterials=52 §MAXQ_FRAME_BUDGET taa=8 ao=12 (bake budget — Alt+S stills are unaffected)
19:23:19.854 + 3309.9s §CLAIM §STILL_REFINE start samples=8 triplanarMaterials=52 §MAXQ_FRAME_BUDGET taa=8 ao=12 (bake budget — Alt+S stills are unaffected)
19:23:19.854 + 3309.9s §CLAIM §STILL_REFINE start samples=8 triplanarMaterials=52 §MAXQ_FRAME_BUDGET taa=8 ao=12 (bake budget — Alt+S stills are unaffected)
19:23:19.854 + 3309.9s §CLAIM §STILL_REFINE start samples=8 triplanarMaterials=52 §MAXQ_FRAME_BUDGET taa=8 ao=12 (bake budget — Alt+S stills are unaffected)
19:23:19.854 + 3309.9s §CLAIM §STILL_REFINE start samples=8 triplanarMaterials=52 §MAXQ_FRAME_BUDGET taa=8 ao=12 (bake budget — Alt+S stills are unaffected)
19:23:19.854 + 3309.9s §CLAIM §STILL_REFINE start samples=8 triplanarMaterials=52 §MAXQ_FRAME_BUDGET taa=8 ao=12 (bake budget — Alt+S stills are unaffected)
19:23:19.854 + 3309.9s §CLAIM §STILL_REFINE start samples=8 triplanarMaterials=52 §MAXQ_FRAME_BUDGET taa=8 ao=12 (bake budget — Alt+S stills are unaffected)
19:23:19.854 + 3309.9s §CLAIM §STILL_REFINE start samples=8 triplanarMaterials=52 §MAXQ_FRAME_BUDGET taa=8 ao=12 (bake budget — Alt+S stills are unaffected)
19:23:19.854 + 3309.9s §CLAIM §STILL_REFINE start samples=8 triplanarMaterials=52 §MAXQ_FRAME_BUDGET taa=8 ao=12 (bake budget — Alt+S stills are unaffected)
19:23:19.854 + 3309.9s §CLAIM §STILL_REFINE start samples=8 triplanarMaterials=52 §MAXQ_FRAME_BUDGET taa=8 ao=12 (bake budget — Alt+S stills are unaffected)
19:23:19.854 + 3309.9s §CLAIM §STILL_REFINE start samples=8 triplanarMaterials=52 §MAXQ_FRAME_BUDGET taa=8 ao=12 (bake budget — Alt+S stills are unaffected)
19:23:19.854 + 3309.9s §CLAIM §STILL_REFINE start samples=8 triplanarMaterials=52 §MAXQ_FRAME_BUDGET taa=8 ao=12 (bake budget — Alt+S stills are unaffected)
19:23:19.854 + 3309.9s §CLAIM §STILL_REFINE start samples=8 triplanarMaterials=52 §MAXQ_FRAME_BUDGET taa=8 ao=12 (bake budget — Alt+S stills are unaffected)
19:23:19.854 + 3309.9s §CLAIM §STILL_REFINE start samples=8 triplanarMaterials=52 §MAXQ_FRAME_BUDGET taa=8 ao=12 (bake budget — Alt+S stills are unaffected)
19:23:19.854 + 3309.9s §CLAIM §STILL_REFINE start samples=8 triplanarMaterials=52 §MAXQ_FRAME_BUDGET taa=8 ao=12 (bake budget — Alt+S stills are unaffected)
19:23:19.854 + 3309.9s §CLAIM §STILL_REFINE start samples=8 triplanarMaterials=52 §MAXQ_FRAME_BUDGET taa=8 ao=12 (bake budget — Alt+S stills are unaffected)
19:23:19.854 + 3309.9s §CLAIM §STILL_REFINE start samples=8 triplanarMaterials=52 §MAXQ_FRAME_BUDGET taa=8 ao=12 (bake budget — Alt+S stills are unaffected)
19:23:19.854 + 3309.9s §CLAIM §STILL_REFINE start samples=8 triplanarMaterials=52 §MAXQ_FRAME_BUDGET taa=8 ao=12 (bake budget — Alt+S stills are unaffected)
19:23:19.854 + 3309.9s §CLAIM §STILL_REFINE start samples=8 triplanarMaterials=52 §MAXQ_FRAME_BUDGET taa=8 ao=12 (bake budget — Alt+S stills are unaffected)
19:23:19.854 + 3309.9s §CLAIM §STILL_REFINE start samples=8 triplanarMaterials=52 §MAXQ_FRAME_BUDGET taa=8 ao=12 (bake budget — Alt+S stills are unaffected)
19:23:19.854 + 3309.9s §CLAIM §STILL_REFINE start samples=8 triplanarMaterials=52 §MAXQ_FRAME_BUDGET taa=8 ao=12 (bake budget — Alt+S stills are unaffected)
19:23:19.854 + 3309.9s §CLAIM §STILL_REFINE start samples=8 triplanarMaterials=52 §MAXQ_FRAME_BUDGET taa=8 ao=12 (bake budget — Alt+S stills are unaffected)
19:23:19.854 + 3309.9s §CLAIM §STILL_REFINE start samples=8 triplanarMaterials=52 §MAXQ_FRAME_BUDGET taa=8 ao=12 (bake budget — Alt+S stills are unaffected)
19:23:19.854 + 3309.9s §CLAIM §STILL_REFINE start samples=8 triplanarMaterials=52 §MAXQ_FRAME_BUDGET taa=8 ao=12 (bake budget — Alt+S stills are unaffected)
19:23:19.854 + 3309.9s §CLAIM §STILL_REFINE start samples=8 triplanarMaterials=52 §MAXQ_FRAME_BUDGET taa=8 ao=12 (bake budget — Alt+S stills are unaffected)
19:23:19.854 + 3309.9s §CLAIM §STILL_REFINE start samples=8 triplanarMaterials=52 §MAXQ_FRAME_BUDGET taa=8 ao=12 (bake budget — Alt+S stills are unaffected)
19:23:19.854 + 3309.9s §CLAIM §STILL_REFINE start samples=8 triplanarMaterials=52 §MAXQ_FRAME_BUDGET taa=8 ao=12 (bake budget — Alt+S stills are unaffected)
19:23:19.854 + 3309.9s §CLAIM §STILL_REFINE start samples=8 triplanarMaterials=52 §MAXQ_FRAME_BUDGET taa=8 ao=12 (bake budget — Alt+S stills are unaffected)
19:23:19.854 + 3309.9s §CLAIM §STILL_REFINE start samples=8 triplanarMaterials=52 §MAXQ_FRAME_BUDGET taa=8 ao=12 (bake budget — Alt+S stills are unaffected)
19:23:19.854 + 3309.9s §CLAIM §STILL_REFINE start samples=8 triplanarMaterials=52 §MAXQ_FRAME_BUDGET taa=8 ao=12 (bake budget — Alt+S stills are unaffected)
19:23:19.854 + 3309.9s §CLAIM §STILL_REFINE start samples=8 triplanarMaterials=52 §MAXQ_FRAME_BUDGET taa=8 ao=12 (bake budget — Alt+S stills are unaffected)
19:23:19.854 + 3309.9s §CLAIM §STILL_REFINE start samples=8 triplanarMaterials=52 §MAXQ_FRAME_BUDGET taa=8 ao=12 (bake budget — Alt+S stills are unaffected)
19:23:19.854 + 3309.9s §CLAIM §STILL_REFINE start samples=8 triplanarMaterials=52 §MAXQ_FRAME_BUDGET taa=8 ao=12 (bake budget — Alt+S stills are unaffected)
19:23:19.854 + 3309.9s §CLAIM §STILL_REFINE start samples=8 triplanarMaterials=52 §MAXQ_FRAME_BUDGET taa=8 ao=12 (bake budget — Alt+S stills are unaffected)
19:23:19.854 + 3309.9s §CLAIM §STILL_REFINE start samples=8 triplanarMaterials=52 §MAXQ_FRAME_BUDGET taa=8 ao=12 (bake budget — Alt+S stills are unaffected)
19:23:19.854 + 3309.9s §CLAIM §STILL_REFINE start samples=8 triplanarMaterials=52 §MAXQ_FRAME_BUDGET taa=8 ao=12 (bake budget — Alt+S stills are unaffected)
19:23:19.854 + 3309.9s §CLAIM §STILL_REFINE start samples=8 triplanarMaterials=52 §MAXQ_FRAME_BUDGET taa=8 ao=12 (bake budget — Alt+S stills are unaffected)
19:23:19.854 + 3309.9s §CLAIM §STILL_REFINE start samples=8 triplanarMaterials=52 §MAXQ_FRAME_BUDGET taa=8 ao=12 (bake budget — Alt+S stills are unaffected)
19:23:19.854 + 3309.9s §CLAIM §STILL_REFINE start samples=8 triplanarMaterials=52 §MAXQ_FRAME_BUDGET taa=8 ao=12 (bake budget — Alt+S stills are unaffected)
19:23:19.854 + 3309.9s §CLAIM §STILL_REFINE start samples=8 triplanarMaterials=52 §MAXQ_FRAME_BUDGET taa=8 ao=12 (bake budget — Alt+S stills are unaffected)
19:23:19.854 + 3309.9s §CLAIM §STILL_REFINE start samples=8 triplanarMaterials=52 §MAXQ_FRAME_BUDGET taa=8 ao=12 (bake budget — Alt+S stills are unaffected)
19:23:19.854 + 3309.9s §CLAIM §STILL_REFINE start samples=8 triplanarMaterials=52 §MAXQ_FRAME_BUDGET taa=8 ao=12 (bake budget — Alt+S stills are unaffected)
19:23:19.854 + 3309.9s §CLAIM §STILL_REFINE start samples=8 triplanarMaterials=52 §MAXQ_FRAME_BUDGET taa=8 ao=12 (bake budget — Alt+S stills are unaffected)
19:23:19.854 + 3309.9s §CLAIM §STILL_REFINE start samples=8 triplanarMaterials=52 §MAXQ_FRAME_BUDGET taa=8 ao=12 (bake budget — Alt+S stills are unaffected)
19:23:19.854 + 3309.9s §CLAIM §STILL_REFINE start samples=8 triplanarMaterials=52 §MAXQ_FRAME_BUDGET taa=8 ao=12 (bake budget — Alt+S stills are unaffected)
19:23:19.854 + 3309.9s §CLAIM §STILL_REFINE start samples=8 triplanarMaterials=52 §MAXQ_FRAME_BUDGET taa=8 ao=12 (bake budget — Alt+S stills are unaffected)
19:23:19.854 + 3309.9s §CLAIM §STILL_REFINE start samples=8 triplanarMaterials=52 §MAXQ_FRAME_BUDGET taa=8 ao=12 (bake budget — Alt+S stills are unaffected)
19:23:19.854 + 3309.9s §CLAIM §STILL_REFINE start samples=8 triplanarMaterials=52 §MAXQ_FRAME_BUDGET taa=8 ao=12 (bake budget — Alt+S stills are unaffected)
19:23:19.854 + 3309.9s §CLAIM §STILL_REFINE start samples=8 triplanarMaterials=52 §MAXQ_FRAME_BUDGET taa=8 ao=12 (bake budget — Alt+S stills are unaffected)
19:23:19.854 + 3309.9s §CLAIM §STILL_REFINE start samples=8 triplanarMaterials=52 §MAXQ_FRAME_BUDGET taa=8 ao=12 (bake budget — Alt+S stills are unaffected)
19:23:19.854 + 3309.9s §CLAIM §STILL_REFINE start samples=8 triplanarMaterials=52 §MAXQ_FRAME_BUDGET taa=8 ao=12 (bake budget — Alt+S stills are unaffected)
19:23:19.854 + 3309.9s §CLAIM §STILL_REFINE start samples=8 triplanarMaterials=52 §MAXQ_FRAME_BUDGET taa=8 ao=12 (bake budget — Alt+S stills are unaffected)
19:23:19.854 + 3309.9s §CLAIM §STILL_REFINE start samples=8 triplanarMaterials=52 §MAXQ_FRAME_BUDGET taa=8 ao=12 (bake budget — Alt+S stills are unaffected)
19:23:19.854 + 3309.9s §CLAIM §STILL_REFINE start samples=8 triplanarMaterials=52 §MAXQ_FRAME_BUDGET taa=8 ao=12 (bake budget — Alt+S stills are unaffected)
19:23:19.854 + 3309.9s §CLAIM §STILL_REFINE start samples=8 triplanarMaterials=52 §MAXQ_FRAME_BUDGET taa=8 ao=12 (bake budget — Alt+S stills are unaffected)
19:23:19.854 + 3309.9s §CLAIM §STILL_REFINE start samples=8 triplanarMaterials=52 §MAXQ_FRAME_BUDGET taa=8 ao=12 (bake budget — Alt+S stills are unaffected)
19:23:19.854 + 3309.9s §CLAIM §STILL_REFINE start samples=8 triplanarMaterials=52 §MAXQ_FRAME_BUDGET taa=8 ao=12 (bake budget — Alt+S stills are unaffected)
19:23:19.854 + 3309.9s §CLAIM §STILL_REFINE start samples=8 triplanarMaterials=52 §MAXQ_FRAME_BUDGET taa=8 ao=12 (bake budget — Alt+S stills are unaffected)
19:23:19.854 + 3309.9s §CLAIM §STILL_REFINE start samples=8 triplanarMaterials=52 §MAXQ_FRAME_BUDGET taa=8 ao=12 (bake budget — Alt+S stills are unaffected)
19:23:19.854 + 3309.9s §CLAIM §STILL_REFINE start samples=8 triplanarMaterials=52 §MAXQ_FRAME_BUDGET taa=8 ao=12 (bake budget — Alt+S stills are unaffected)
19:23:19.854 + 3309.9s §CLAIM §STILL_REFINE start samples=8 triplanarMaterials=52 §MAXQ_FRAME_BUDGET taa=8 ao=12 (bake budget — Alt+S stills are unaffected)
19:23:19.854 + 3309.9s §CLAIM §STILL_REFINE start samples=8 triplanarMaterials=52 §MAXQ_FRAME_BUDGET taa=8 ao=12 (bake budget — Alt+S stills are unaffected)
19:23:19.854 + 3309.9s §CLAIM §STILL_REFINE start samples=8 triplanarMaterials=52 §MAXQ_FRAME_BUDGET taa=8 ao=12 (bake budget — Alt+S stills are unaffected)
19:23:19.854 + 3309.9s §CLAIM §STILL_REFINE start samples=8 triplanarMaterials=52 §MAXQ_FRAME_BUDGET taa=8 ao=12 (bake budget — Alt+S stills are unaffected)
19:23:19.854 + 3309.9s §CLAIM §STILL_REFINE start samples=8 triplanarMaterials=52 §MAXQ_FRAME_BUDGET taa=8 ao=12 (bake budget — Alt+S stills are unaffected)
19:23:19.854 + 3309.9s §CLAIM §STILL_REFINE start samples=8 triplanarMaterials=52 §MAXQ_FRAME_BUDGET taa=8 ao=12 (bake budget — Alt+S stills are unaffected)
19:23:19.854 + 3309.9s §CLAIM §STILL_REFINE start samples=8 triplanarMaterials=52 §MAXQ_FRAME_BUDGET taa=8 ao=12 (bake budget — Alt+S stills are unaffected)
19:23:19.854 + 3309.9s §CLAIM §STILL_REFINE start samples=8 triplanarMaterials=52 §MAXQ_FRAME_BUDGET taa=8 ao=12 (bake budget — Alt+S stills are unaffected)
19:23:19.854 + 3309.9s §CLAIM §STILL_REFINE start samples=8 triplanarMaterials=52 §MAXQ_FRAME_BUDGET taa=8 ao=12 (bake budget — Alt+S stills are unaffected)
19:23:19.854 + 3309.9s §CLAIM §STILL_REFINE start samples=8 triplanarMaterials=52 §MAXQ_FRAME_BUDGET taa=8 ao=12 (bake budget — Alt+S stills are unaffected)
19:23:19.854 + 3309.9s §CLAIM §STILL_REFINE start samples=8 triplanarMaterials=52 §MAXQ_FRAME_BUDGET taa=8 ao=12 (bake budget — Alt+S stills are unaffected)
19:23:19.854 + 3309.9s §CLAIM §STILL_REFINE start samples=8 triplanarMaterials=52 §MAXQ_FRAME_BUDGET taa=8 ao=12 (bake budget — Alt+S stills are unaffected)
19:23:19.854 + 3309.9s §CLAIM §STILL_REFINE start samples=8 triplanarMaterials=52 §MAXQ_FRAME_BUDGET taa=8 ao=12 (bake budget — Alt+S stills are unaffected)
19:23:19.854 + 3309.9s §CLAIM §STILL_REFINE start samples=8 triplanarMaterials=52 §MAXQ_FRAME_BUDGET taa=8 ao=12 (bake budget — Alt+S stills are unaffected)
19:23:19.854 + 3309.9s §CLAIM §STILL_REFINE start samples=8 triplanarMaterials=52 §MAXQ_FRAME_BUDGET taa=8 ao=12 (bake budget — Alt+S stills are unaffected)
19:23:19.854 + 3309.9s §CLAIM §STILL_REFINE start samples=8 triplanarMaterials=52 §MAXQ_FRAME_BUDGET taa=8 ao=12 (bake budget — Alt+S stills are unaffected)
19:23:19.854 + 3309.9s §CLAIM §STILL_REFINE start samples=8 triplanarMaterials=52 §MAXQ_FRAME_BUDGET taa=8 ao=12 (bake budget — Alt+S stills are unaffected)
19:23:19.855 + 3309.9s §CLAIM §STILL_REFINE start samples=8 triplanarMaterials=52 §MAXQ_FRAME_BUDGET taa=8 ao=12 (bake budget — Alt+S stills are unaffected)
19:23:19.855 + 3309.9s §CLAIM §STILL_REFINE start samples=8 triplanarMaterials=52 §MAXQ_FRAME_BUDGET taa=8 ao=12 (bake budget — Alt+S stills are unaffected)
19:23:19.855 + 3309.9s §CLAIM §STILL_REFINE start samples=8 triplanarMaterials=52 §MAXQ_FRAME_BUDGET taa=8 ao=12 (bake budget — Alt+S stills are unaffected)
19:23:19.855 + 3309.9s §CLAIM §STILL_REFINE start samples=8 triplanarMaterials=52 §MAXQ_FRAME_BUDGET taa=8 ao=12 (bake budget — Alt+S stills are unaffected)
19:23:19.855 + 3309.9s §CLAIM §STILL_REFINE start samples=8 triplanarMaterials=52 §MAXQ_FRAME_BUDGET taa=8 ao=12 (bake budget — Alt+S stills are unaffected)
19:23:19.855 + 3309.9s §CLAIM §STILL_REFINE start samples=8 triplanarMaterials=52 §MAXQ_FRAME_BUDGET taa=8 ao=12 (bake budget — Alt+S stills are unaffected)
19:23:19.855 + 3309.9s §CLAIM §STILL_REFINE start samples=8 triplanarMaterials=52 §MAXQ_FRAME_BUDGET taa=8 ao=12 (bake budget — Alt+S stills are unaffected)
19:23:19.855 + 3309.9s §CLAIM §STILL_REFINE start samples=8 triplanarMaterials=52 §MAXQ_FRAME_BUDGET taa=8 ao=12 (bake budget — Alt+S stills are unaffected)
19:23:19.855 + 3309.9s §CLAIM §STILL_REFINE start samples=8 triplanarMaterials=52 §MAXQ_FRAME_BUDGET taa=8 ao=12 (bake budget — Alt+S stills are unaffected)
19:23:19.855 + 3309.9s §CLAIM §STILL_REFINE start samples=8 triplanarMaterials=52 §MAXQ_FRAME_BUDGET taa=8 ao=12 (bake budget — Alt+S stills are unaffected)
19:23:19.855 + 3309.9s §CLAIM §STILL_REFINE start samples=8 triplanarMaterials=52 §MAXQ_FRAME_BUDGET taa=8 ao=12 (bake budget — Alt+S stills are unaffected)
19:23:19.855 + 3309.9s §CLAIM §STILL_REFINE start samples=8 triplanarMaterials=52 §MAXQ_FRAME_BUDGET taa=8 ao=12 (bake budget — Alt+S stills are unaffected)
19:23:19.855 + 3309.9s §CLAIM §STILL_REFINE start samples=8 triplanarMaterials=52 §MAXQ_FRAME_BUDGET taa=8 ao=12 (bake budget — Alt+S stills are unaffected)
19:23:19.855 + 3309.9s §CLAIM §STILL_REFINE start samples=8 triplanarMaterials=52 §MAXQ_FRAME_BUDGET taa=8 ao=12 (bake budget — Alt+S stills are unaffected)
19:23:19.855 + 3309.9s §CLAIM §STILL_REFINE start samples=8 triplanarMaterials=52 §MAXQ_FRAME_BUDGET taa=8 ao=12 (bake budget — Alt+S stills are unaffected)
19:23:19.855 + 3309.9s §CLAIM §STILL_REFINE start samples=8 triplanarMaterials=52 §MAXQ_FRAME_BUDGET taa=8 ao=12 (bake budget — Alt+S stills are unaffected)
19:23:19.855 + 3309.9s §CLAIM §STILL_REFINE start samples=8 triplanarMaterials=52 §MAXQ_FRAME_BUDGET taa=8 ao=12 (bake budget — Alt+S stills are unaffected)
19:23:19.855 + 3309.9s §CLAIM §STILL_REFINE start samples=8 triplanarMaterials=52 §MAXQ_FRAME_BUDGET taa=8 ao=12 (bake budget — Alt+S stills are unaffected)
19:23:19.855 + 3309.9s §CLAIM §STILL_REFINE start samples=8 triplanarMaterials=52 §MAXQ_FRAME_BUDGET taa=8 ao=12 (bake budget — Alt+S stills are unaffected)
19:23:19.855 + 3309.9s §CLAIM §STILL_REFINE start samples=8 triplanarMaterials=52 §MAXQ_FRAME_BUDGET taa=8 ao=12 (bake budget — Alt+S stills are unaffected)
19:23:19.855 + 3309.9s §CLAIM §STILL_REFINE start samples=8 triplanarMaterials=52 §MAXQ_FRAME_BUDGET taa=8 ao=12 (bake budget — Alt+S stills are unaffected)
19:23:19.855 + 3309.9s §CLAIM §STILL_REFINE start samples=8 triplanarMaterials=52 §MAXQ_FRAME_BUDGET taa=8 ao=12 (bake budget — Alt+S stills are unaffected)
19:23:19.855 + 3309.9s §CLAIM §STILL_REFINE start samples=8 triplanarMaterials=52 §MAXQ_FRAME_BUDGET taa=8 ao=12 (bake budget — Alt+S stills are unaffected)
19:23:19.855 + 3309.9s §CLAIM §STILL_REFINE start samples=8 triplanarMaterials=52 §MAXQ_FRAME_BUDGET taa=8 ao=12 (bake budget — Alt+S stills are unaffected)
19:23:19.855 + 3309.9s §CLAIM §STILL_REFINE start samples=8 triplanarMaterials=52 §MAXQ_FRAME_BUDGET taa=8 ao=12 (bake budget — Alt+S stills are unaffected)
19:23:19.855 + 3309.9s §CLAIM §STILL_REFINE start samples=8 triplanarMaterials=52 §MAXQ_FRAME_BUDGET taa=8 ao=12 (bake budget — Alt+S stills are unaffected)
19:23:19.855 + 3309.9s §CLAIM §STILL_REFINE start samples=8 triplanarMaterials=52 §MAXQ_FRAME_BUDGET taa=8 ao=12 (bake budget — Alt+S stills are unaffected)
19:23:19.855 + 3309.9s §CLAIM §STILL_REFINE start samples=8 triplanarMaterials=52 §MAXQ_FRAME_BUDGET taa=8 ao=12 (bake budget — Alt+S stills are unaffected)
19:23:19.855 + 3309.9s §CLAIM §STILL_REFINE start samples=8 triplanarMaterials=52 §MAXQ_FRAME_BUDGET taa=8 ao=12 (bake budget — Alt+S stills are unaffected)
19:23:19.855 + 3309.9s §CLAIM §STILL_REFINE start samples=8 triplanarMaterials=52 §MAXQ_FRAME_BUDGET taa=8 ao=12 (bake budget — Alt+S stills are unaffected)
19:23:19.855 + 3309.9s §CLAIM §STILL_REFINE start samples=8 triplanarMaterials=52 §MAXQ_FRAME_BUDGET taa=8 ao=12 (bake budget — Alt+S stills are unaffected)
19:23:19.855 + 3309.9s §CLAIM §STILL_REFINE start samples=8 triplanarMaterials=52 §MAXQ_FRAME_BUDGET taa=8 ao=12 (bake budget — Alt+S stills are unaffected)
19:23:19.855 + 3309.9s §CLAIM §STILL_REFINE start samples=8 triplanarMaterials=52 §MAXQ_FRAME_BUDGET taa=8 ao=12 (bake budget — Alt+S stills are unaffected)
19:23:19.855 + 3309.9s §CLAIM §STILL_REFINE start samples=8 triplanarMaterials=52 §MAXQ_FRAME_BUDGET taa=8 ao=12 (bake budget — Alt+S stills are unaffected)
19:23:19.855 + 3309.9s §CLAIM §STILL_REFINE start samples=8 triplanarMaterials=52 §MAXQ_FRAME_BUDGET taa=8 ao=12 (bake budget — Alt+S stills are unaffected)
19:23:19.855 + 3309.9s §CLAIM §STILL_REFINE start samples=8 triplanarMaterials=52 §MAXQ_FRAME_BUDGET taa=8 ao=12 (bake budget — Alt+S stills are unaffected)
19:23:19.855 + 3309.9s §CLAIM §STILL_REFINE start samples=8 triplanarMaterials=52 §MAXQ_FRAME_BUDGET taa=8 ao=12 (bake budget — Alt+S stills are unaffected)
19:23:19.855 + 3309.9s §CLAIM §STILL_REFINE start samples=8 triplanarMaterials=52 §MAXQ_FRAME_BUDGET taa=8 ao=12 (bake budget — Alt+S stills are unaffected)
19:23:19.855 + 3309.9s §CLAIM §STILL_REFINE start samples=8 triplanarMaterials=52 §MAXQ_FRAME_BUDGET taa=8 ao=12 (bake budget — Alt+S stills are unaffected)
19:23:19.855 + 3309.9s §CLAIM §STILL_REFINE start samples=8 triplanarMaterials=52 §MAXQ_FRAME_BUDGET taa=8 ao=12 (bake budget — Alt+S stills are unaffected)
19:23:19.855 + 3309.9s §CLAIM §STILL_REFINE start samples=8 triplanarMaterials=52 §MAXQ_FRAME_BUDGET taa=8 ao=12 (bake budget — Alt+S stills are unaffected)
19:23:19.855 + 3309.9s §CLAIM §STILL_REFINE start samples=8 triplanarMaterials=52 §MAXQ_FRAME_BUDGET taa=8 ao=12 (bake budget — Alt+S stills are unaffected)
19:23:19.855 + 3309.9s §CLAIM §STILL_REFINE start samples=8 triplanarMaterials=52 §MAXQ_FRAME_BUDGET taa=8 ao=12 (bake budget — Alt+S stills are unaffected)
19:23:19.855 + 3309.9s §CLAIM §STILL_REFINE start samples=8 triplanarMaterials=52 §MAXQ_FRAME_BUDGET taa=8 ao=12 (bake budget — Alt+S stills are unaffected)
19:23:19.855 + 3309.9s §CLAIM §STILL_REFINE start samples=8 triplanarMaterials=52 §MAXQ_FRAME_BUDGET taa=8 ao=12 (bake budget — Alt+S stills are unaffected)
19:23:19.855 + 3309.9s §CLAIM §STILL_REFINE start samples=8 triplanarMaterials=52 §MAXQ_FRAME_BUDGET taa=8 ao=12 (bake budget — Alt+S stills are unaffected)
19:23:19.855 + 3309.9s §CLAIM §STILL_REFINE start samples=8 triplanarMaterials=52 §MAXQ_FRAME_BUDGET taa=8 ao=12 (bake budget — Alt+S stills are unaffected)
19:23:19.855 + 3309.9s §CLAIM §STILL_REFINE start samples=8 triplanarMaterials=52 §MAXQ_FRAME_BUDGET taa=8 ao=12 (bake budget — Alt+S stills are unaffected)
19:23:19.855 + 3309.9s §CLAIM §STILL_REFINE start samples=8 triplanarMaterials=52 §MAXQ_FRAME_BUDGET taa=8 ao=12 (bake budget — Alt+S stills are unaffected)
19:23:19.855 + 3309.9s §CLAIM §STILL_REFINE start samples=8 triplanarMaterials=52 §MAXQ_FRAME_BUDGET taa=8 ao=12 (bake budget — Alt+S stills are unaffected)
19:23:19.855 + 3309.9s §CLAIM §STILL_REFINE start samples=8 triplanarMaterials=52 §MAXQ_FRAME_BUDGET taa=8 ao=12 (bake budget — Alt+S stills are unaffected)
19:23:19.855 + 3309.9s §CLAIM §STILL_REFINE start samples=8 triplanarMaterials=52 §MAXQ_FRAME_BUDGET taa=8 ao=12 (bake budget — Alt+S stills are unaffected)
19:23:19.855 + 3309.9s §CLAIM §STILL_REFINE start samples=8 triplanarMaterials=52 §MAXQ_FRAME_BUDGET taa=8 ao=12 (bake budget — Alt+S stills are unaffected)
19:23:19.855 + 3309.9s §CLAIM §STILL_REFINE start samples=8 triplanarMaterials=52 §MAXQ_FRAME_BUDGET taa=8 ao=12 (bake budget — Alt+S stills are unaffected)
19:23:19.855 + 3309.9s §CLAIM §STILL_REFINE start samples=8 triplanarMaterials=52 §MAXQ_FRAME_BUDGET taa=8 ao=12 (bake budget — Alt+S stills are unaffected)
19:23:19.855 + 3309.9s §CLAIM §STILL_REFINE start samples=8 triplanarMaterials=52 §MAXQ_FRAME_BUDGET taa=8 ao=12 (bake budget — Alt+S stills are unaffected)
19:23:19.855 + 3309.9s §CLAIM §STILL_REFINE start samples=8 triplanarMaterials=52 §MAXQ_FRAME_BUDGET taa=8 ao=12 (bake budget — Alt+S stills are unaffected)
19:23:19.855 + 3309.9s §CLAIM §STILL_REFINE start samples=8 triplanarMaterials=52 §MAXQ_FRAME_BUDGET taa=8 ao=12 (bake budget — Alt+S stills are unaffected)
19:23:19.855 + 3309.9s §CLAIM §STILL_REFINE start samples=8 triplanarMaterials=52 §MAXQ_FRAME_BUDGET taa=8 ao=12 (bake budget — Alt+S stills are unaffected)
19:23:19.855 + 3309.9s §CLAIM §STILL_REFINE start samples=8 triplanarMaterials=52 §MAXQ_FRAME_BUDGET taa=8 ao=12 (bake budget — Alt+S stills are unaffected)
19:23:19.855 + 3309.9s §CLAIM §STILL_REFINE start samples=8 triplanarMaterials=52 §MAXQ_FRAME_BUDGET taa=8 ao=12 (bake budget — Alt+S stills are unaffected)
19:23:19.855 + 3309.9s §CLAIM §STILL_REFINE start samples=8 triplanarMaterials=52 §MAXQ_FRAME_BUDGET taa=8 ao=12 (bake budget — Alt+S stills are unaffected)
19:23:19.855 + 3309.9s §CLAIM §STILL_REFINE start samples=8 triplanarMaterials=52 §MAXQ_FRAME_BUDGET taa=8 ao=12 (bake budget — Alt+S stills are unaffected)
19:23:19.855 + 3309.9s §CLAIM §STILL_REFINE start samples=8 triplanarMaterials=52 §MAXQ_FRAME_BUDGET taa=8 ao=12 (bake budget — Alt+S stills are unaffected)
19:23:19.855 + 3309.9s §CLAIM §STILL_REFINE start samples=8 triplanarMaterials=52 §MAXQ_FRAME_BUDGET taa=8 ao=12 (bake budget — Alt+S stills are unaffected)
19:23:19.855 + 3309.9s §CLAIM §STILL_REFINE start samples=8 triplanarMaterials=52 §MAXQ_FRAME_BUDGET taa=8 ao=12 (bake budget — Alt+S stills are unaffected)
19:23:19.855 + 3309.9s §CLAIM §STILL_REFINE start samples=8 triplanarMaterials=52 §MAXQ_FRAME_BUDGET taa=8 ao=12 (bake budget — Alt+S stills are unaffected)
19:23:19.855 + 3309.9s §CLAIM §STILL_REFINE start samples=8 triplanarMaterials=52 §MAXQ_FRAME_BUDGET taa=8 ao=12 (bake budget — Alt+S stills are unaffected)
19:23:19.855 + 3309.9s §CLAIM §STILL_REFINE start samples=8 triplanarMaterials=52 §MAXQ_FRAME_BUDGET taa=8 ao=12 (bake budget — Alt+S stills are unaffected)
19:23:19.855 + 3309.9s §CLAIM §STILL_REFINE start samples=8 triplanarMaterials=52 §MAXQ_FRAME_BUDGET taa=8 ao=12 (bake budget — Alt+S stills are unaffected)
19:23:19.855 + 3309.9s §CLAIM §STILL_REFINE start samples=8 triplanarMaterials=52 §MAXQ_FRAME_BUDGET taa=8 ao=12 (bake budget — Alt+S stills are unaffected)
19:23:19.855 + 3309.9s §CLAIM §STILL_REFINE start samples=8 triplanarMaterials=52 §MAXQ_FRAME_BUDGET taa=8 ao=12 (bake budget — Alt+S stills are unaffected)
19:23:19.855 + 3309.9s §CLAIM §STILL_REFINE start samples=8 triplanarMaterials=52 §MAXQ_FRAME_BUDGET taa=8 ao=12 (bake budget — Alt+S stills are unaffected)
19:23:19.855 + 3309.9s §CLAIM §STILL_REFINE start samples=8 triplanarMaterials=52 §MAXQ_FRAME_BUDGET taa=8 ao=12 (bake budget — Alt+S stills are unaffected)
19:23:19.855 + 3309.9s §CLAIM §STILL_REFINE start samples=8 triplanarMaterials=52 §MAXQ_FRAME_BUDGET taa=8 ao=12 (bake budget — Alt+S stills are unaffected)
19:23:19.855 + 3309.9s §CLAIM §STILL_REFINE start samples=8 triplanarMaterials=52 §MAXQ_FRAME_BUDGET taa=8 ao=12 (bake budget — Alt+S stills are unaffected)
19:23:19.855 + 3309.9s §CLAIM §STILL_REFINE start samples=8 triplanarMaterials=52 §MAXQ_FRAME_BUDGET taa=8 ao=12 (bake budget — Alt+S stills are unaffected)
19:23:19.855 + 3309.9s §CLAIM §STILL_REFINE start samples=8 triplanarMaterials=52 §MAXQ_FRAME_BUDGET taa=8 ao=12 (bake budget — Alt+S stills are unaffected)
19:23:19.855 + 3309.9s §CLAIM §STILL_REFINE start samples=8 triplanarMaterials=52 §MAXQ_FRAME_BUDGET taa=8 ao=12 (bake budget — Alt+S stills are unaffected)
19:23:19.855 + 3309.9s §CLAIM §STILL_REFINE start samples=8 triplanarMaterials=52 §MAXQ_FRAME_BUDGET taa=8 ao=12 (bake budget — Alt+S stills are unaffected)
19:23:19.855 + 3309.9s §CLAIM §STILL_REFINE start samples=8 triplanarMaterials=52 §MAXQ_FRAME_BUDGET taa=8 ao=12 (bake budget — Alt+S stills are unaffected)
19:23:19.855 + 3309.9s §CLAIM §STILL_REFINE start samples=8 triplanarMaterials=52 §MAXQ_FRAME_BUDGET taa=8 ao=12 (bake budget — Alt+S stills are unaffected)
19:23:19.855 + 3309.9s §CLAIM §STILL_REFINE start samples=8 triplanarMaterials=52 §MAXQ_FRAME_BUDGET taa=8 ao=12 (bake budget — Alt+S stills are unaffected)
19:23:19.855 + 3309.9s §CLAIM §STILL_REFINE start samples=8 triplanarMaterials=52 §MAXQ_FRAME_BUDGET taa=8 ao=12 (bake budget — Alt+S stills are unaffected)
19:23:19.855 + 3309.9s §CLAIM §STILL_REFINE start samples=8 triplanarMaterials=52 §MAXQ_FRAME_BUDGET taa=8 ao=12 (bake budget — Alt+S stills are unaffected)
19:23:19.855 + 3309.9s §CLAIM §STILL_REFINE start samples=8 triplanarMaterials=52 §MAXQ_FRAME_BUDGET taa=8 ao=12 (bake budget — Alt+S stills are unaffected)
19:23:19.855 + 3309.9s §CLAIM §STILL_REFINE start samples=8 triplanarMaterials=52 §MAXQ_FRAME_BUDGET taa=8 ao=12 (bake budget — Alt+S stills are unaffected)
19:23:19.855 + 3309.9s §CLAIM §STILL_REFINE start samples=8 triplanarMaterials=52 §MAXQ_FRAME_BUDGET taa=8 ao=12 (bake budget — Alt+S stills are unaffected)
19:23:19.855 + 3309.9s §CLAIM §STILL_REFINE start samples=8 triplanarMaterials=52 §MAXQ_FRAME_BUDGET taa=8 ao=12 (bake budget — Alt+S stills are unaffected)
19:23:19.855 + 3309.9s §CLAIM §STILL_REFINE start samples=8 triplanarMaterials=52 §MAXQ_FRAME_BUDGET taa=8 ao=12 (bake budget — Alt+S stills are unaffected)
19:23:19.855 + 3309.9s §CLAIM §STILL_REFINE start samples=8 triplanarMaterials=52 §MAXQ_FRAME_BUDGET taa=8 ao=12 (bake budget — Alt+S stills are unaffected)
19:23:19.855 + 3309.9s §CLAIM §STILL_REFINE start samples=8 triplanarMaterials=52 §MAXQ_FRAME_BUDGET taa=8 ao=12 (bake budget — Alt+S stills are unaffected)
19:23:19.855 + 3309.9s §CLAIM §STILL_REFINE start samples=8 triplanarMaterials=52 §MAXQ_FRAME_BUDGET taa=8 ao=12 (bake budget — Alt+S stills are unaffected)
19:23:19.855 + 3309.9s §CLAIM §STILL_REFINE start samples=8 triplanarMaterials=52 §MAXQ_FRAME_BUDGET taa=8 ao=12 (bake budget — Alt+S stills are unaffected)
19:23:19.855 + 3309.9s §CLAIM §STILL_REFINE start samples=8 triplanarMaterials=52 §MAXQ_FRAME_BUDGET taa=8 ao=12 (bake budget — Alt+S stills are unaffected)
19:23:19.855 + 3309.9s §CLAIM §STILL_REFINE start samples=8 triplanarMaterials=52 §MAXQ_FRAME_BUDGET taa=8 ao=12 (bake budget — Alt+S stills are unaffected)
19:23:19.855 + 3309.9s §CLAIM §STILL_REFINE start samples=8 triplanarMaterials=52 §MAXQ_FRAME_BUDGET taa=8 ao=12 (bake budget — Alt+S stills are unaffected)
19:23:19.855 + 3309.9s §CLAIM §STILL_REFINE start samples=8 triplanarMaterials=52 §MAXQ_FRAME_BUDGET taa=8 ao=12 (bake budget — Alt+S stills are unaffected)
19:23:19.855 + 3309.9s §CLAIM §STILL_REFINE start samples=8 triplanarMaterials=52 §MAXQ_FRAME_BUDGET taa=8 ao=12 (bake budget — Alt+S stills are unaffected)
19:23:19.855 + 3309.9s §CLAIM §STILL_REFINE start samples=8 triplanarMaterials=52 §MAXQ_FRAME_BUDGET taa=8 ao=12 (bake budget — Alt+S stills are unaffected)
19:23:19.855 + 3309.9s §CLAIM §STILL_REFINE start samples=8 triplanarMaterials=52 §MAXQ_FRAME_BUDGET taa=8 ao=12 (bake budget — Alt+S stills are unaffected)
19:23:19.855 + 3309.9s §CLAIM §STILL_REFINE start samples=8 triplanarMaterials=52 §MAXQ_FRAME_BUDGET taa=8 ao=12 (bake budget — Alt+S stills are unaffected)
19:23:19.855 + 3309.9s §CLAIM §STILL_REFINE start samples=8 triplanarMaterials=52 §MAXQ_FRAME_BUDGET taa=8 ao=12 (bake budget — Alt+S stills are unaffected)
19:23:19.855 + 3309.9s §CLAIM §STILL_REFINE start samples=8 triplanarMaterials=52 §MAXQ_FRAME_BUDGET taa=8 ao=12 (bake budget — Alt+S stills are unaffected)
19:23:19.855 + 3309.9s §CLAIM §STILL_REFINE start samples=8 triplanarMaterials=52 §MAXQ_FRAME_BUDGET taa=8 ao=12 (bake budget — Alt+S stills are unaffected)
19:23:19.855 + 3309.9s §CLAIM §STILL_REFINE start samples=8 triplanarMaterials=52 §MAXQ_FRAME_BUDGET taa=8 ao=12 (bake budget — Alt+S stills are unaffected)
19:23:19.855 + 3309.9s §CLAIM §STILL_REFINE start samples=8 triplanarMaterials=52 §MAXQ_FRAME_BUDGET taa=8 ao=12 (bake budget — Alt+S stills are unaffected)
19:23:19.855 + 3309.9s §CLAIM §STILL_REFINE start samples=8 triplanarMaterials=52 §MAXQ_FRAME_BUDGET taa=8 ao=12 (bake budget — Alt+S stills are unaffected)
19:23:19.855 + 3309.9s §CLAIM §STILL_REFINE start samples=8 triplanarMaterials=52 §MAXQ_FRAME_BUDGET taa=8 ao=12 (bake budget — Alt+S stills are unaffected)
19:23:19.855 + 3309.9s §CLAIM §STILL_REFINE start samples=8 triplanarMaterials=52 §MAXQ_FRAME_BUDGET taa=8 ao=12 (bake budget — Alt+S stills are unaffected)
19:23:19.855 + 3309.9s §CLAIM §STILL_REFINE start samples=8 triplanarMaterials=52 §MAXQ_FRAME_BUDGET taa=8 ao=12 (bake budget — Alt+S stills are unaffected)
19:23:19.855 + 3309.9s §CLAIM §STILL_REFINE start samples=8 triplanarMaterials=52 §MAXQ_FRAME_BUDGET taa=8 ao=12 (bake budget — Alt+S stills are unaffected)
19:23:19.855 + 3309.9s §CLAIM §STILL_REFINE start samples=8 triplanarMaterials=52 §MAXQ_FRAME_BUDGET taa=8 ao=12 (bake budget — Alt+S stills are unaffected)
19:23:19.855 + 3309.9s §CLAIM §STILL_REFINE start samples=8 triplanarMaterials=52 §MAXQ_FRAME_BUDGET taa=8 ao=12 (bake budget — Alt+S stills are unaffected)
19:23:19.855 + 3309.9s §CLAIM §STILL_REFINE start samples=8 triplanarMaterials=52 §MAXQ_FRAME_BUDGET taa=8 ao=12 (bake budget — Alt+S stills are unaffected)
19:23:19.855 + 3309.9s §CLAIM §STILL_REFINE start samples=8 triplanarMaterials=52 §MAXQ_FRAME_BUDGET taa=8 ao=12 (bake budget — Alt+S stills are unaffected)
19:23:19.855 + 3309.9s §CLAIM §STILL_REFINE start samples=8 triplanarMaterials=52 §MAXQ_FRAME_BUDGET taa=8 ao=12 (bake budget — Alt+S stills are unaffected)
19:23:19.855 + 3309.9s §CLAIM §STILL_REFINE start samples=8 triplanarMaterials=52 §MAXQ_FRAME_BUDGET taa=8 ao=12 (bake budget — Alt+S stills are unaffected)
19:23:19.855 + 3309.9s §CLAIM §STILL_REFINE start samples=8 triplanarMaterials=52 §MAXQ_FRAME_BUDGET taa=8 ao=12 (bake budget — Alt+S stills are unaffected)
19:23:19.855 + 3309.9s §CLAIM §STILL_REFINE start samples=8 triplanarMaterials=52 §MAXQ_FRAME_BUDGET taa=8 ao=12 (bake budget — Alt+S stills are unaffected)
19:23:19.855 + 3309.9s §CLAIM §STILL_REFINE start samples=8 triplanarMaterials=52 §MAXQ_FRAME_BUDGET taa=8 ao=12 (bake budget — Alt+S stills are unaffected)
19:23:19.855 + 3309.9s §CLAIM §STILL_REFINE start samples=8 triplanarMaterials=52 §MAXQ_FRAME_BUDGET taa=8 ao=12 (bake budget — Alt+S stills are unaffected)
19:23:19.855 + 3309.9s §CLAIM §STILL_REFINE start samples=8 triplanarMaterials=52 §MAXQ_FRAME_BUDGET taa=8 ao=12 (bake budget — Alt+S stills are unaffected)
19:23:19.855 + 3309.9s §CLAIM §STILL_REFINE start samples=8 triplanarMaterials=52 §MAXQ_FRAME_BUDGET taa=8 ao=12 (bake budget — Alt+S stills are unaffected)
19:23:19.855 + 3309.9s §CLAIM §STILL_REFINE start samples=8 triplanarMaterials=52 §MAXQ_FRAME_BUDGET taa=8 ao=12 (bake budget — Alt+S stills are unaffected)
19:23:19.855 + 3309.9s §CLAIM §STILL_REFINE start samples=8 triplanarMaterials=52 §MAXQ_FRAME_BUDGET taa=8 ao=12 (bake budget — Alt+S stills are unaffected)
19:23:19.855 + 3309.9s §CLAIM §STILL_REFINE start samples=8 triplanarMaterials=52 §MAXQ_FRAME_BUDGET taa=8 ao=12 (bake budget — Alt+S stills are unaffected)
19:23:19.855 + 3309.9s §CLAIM §STILL_REFINE start samples=8 triplanarMaterials=52 §MAXQ_FRAME_BUDGET taa=8 ao=12 (bake budget — Alt+S stills are unaffected)
19:23:19.855 + 3309.9s §CLAIM §STILL_REFINE start samples=8 triplanarMaterials=52 §MAXQ_FRAME_BUDGET taa=8 ao=12 (bake budget — Alt+S stills are unaffected)
19:23:19.855 + 3309.9s §CLAIM §STILL_REFINE start samples=8 triplanarMaterials=52 §MAXQ_FRAME_BUDGET taa=8 ao=12 (bake budget — Alt+S stills are unaffected)
19:23:19.855 + 3309.9s §CLAIM §STILL_REFINE start samples=8 triplanarMaterials=52 §MAXQ_FRAME_BUDGET taa=8 ao=12 (bake budget — Alt+S stills are unaffected)
19:23:19.855 + 3309.9s §CLAIM §STILL_REFINE start samples=8 triplanarMaterials=52 §MAXQ_FRAME_BUDGET taa=8 ao=12 (bake budget — Alt+S stills are unaffected)
19:23:19.855 + 3309.9s §CLAIM §STILL_REFINE start samples=8 triplanarMaterials=52 §MAXQ_FRAME_BUDGET taa=8 ao=12 (bake budget — Alt+S stills are unaffected)
19:23:19.855 + 3309.9s §CLAIM §STILL_REFINE start samples=8 triplanarMaterials=52 §MAXQ_FRAME_BUDGET taa=8 ao=12 (bake budget — Alt+S stills are unaffected)
19:23:19.855 + 3309.9s §CLAIM §STILL_REFINE start samples=8 triplanarMaterials=52 §MAXQ_FRAME_BUDGET taa=8 ao=12 (bake budget — Alt+S stills are unaffected)
19:23:19.855 + 3309.9s §CLAIM §STILL_REFINE start samples=8 triplanarMaterials=52 §MAXQ_FRAME_BUDGET taa=8 ao=12 (bake budget — Alt+S stills are unaffected)
19:23:19.855 + 3309.9s §CLAIM §STILL_REFINE start samples=8 triplanarMaterials=52 §MAXQ_FRAME_BUDGET taa=8 ao=12 (bake budget — Alt+S stills are unaffected)
19:23:19.855 + 3309.9s §CLAIM §STILL_REFINE start samples=8 triplanarMaterials=52 §MAXQ_FRAME_BUDGET taa=8 ao=12 (bake budget — Alt+S stills are unaffected)
19:23:19.855 + 3309.9s §CLAIM §STILL_REFINE start samples=8 triplanarMaterials=52 §MAXQ_FRAME_BUDGET taa=8 ao=12 (bake budget — Alt+S stills are unaffected)
19:23:19.855 + 3309.9s §CLAIM §STILL_REFINE start samples=8 triplanarMaterials=52 §MAXQ_FRAME_BUDGET taa=8 ao=12 (bake budget — Alt+S stills are unaffected)
19:23:19.855 + 3309.9s §CLAIM §STILL_REFINE start samples=8 triplanarMaterials=52 §MAXQ_FRAME_BUDGET taa=8 ao=12 (bake budget — Alt+S stills are unaffected)
19:23:19.855 + 3309.9s §CLAIM §STILL_REFINE start samples=8 triplanarMaterials=52 §MAXQ_FRAME_BUDGET taa=8 ao=12 (bake budget — Alt+S stills are unaffected)
19:23:19.855 + 3309.9s §CLAIM §STILL_REFINE start samples=8 triplanarMaterials=52 §MAXQ_FRAME_BUDGET taa=8 ao=12 (bake budget — Alt+S stills are unaffected)
19:23:19.855 + 3309.9s §CLAIM §STILL_REFINE start samples=8 triplanarMaterials=52 §MAXQ_FRAME_BUDGET taa=8 ao=12 (bake budget — Alt+S stills are unaffected)
19:23:19.855 + 3309.9s §CLAIM §STILL_REFINE start samples=8 triplanarMaterials=52 §MAXQ_FRAME_BUDGET taa=8 ao=12 (bake budget — Alt+S stills are unaffected)
19:23:19.855 + 3309.9s §CLAIM §STILL_REFINE start samples=8 triplanarMaterials=52 §MAXQ_FRAME_BUDGET taa=8 ao=12 (bake budget — Alt+S stills are unaffected)
19:23:19.855 + 3309.9s §CLAIM §STILL_REFINE start samples=8 triplanarMaterials=52 §MAXQ_FRAME_BUDGET taa=8 ao=12 (bake budget — Alt+S stills are unaffected)
19:23:19.855 + 3309.9s §CLAIM §STILL_REFINE start samples=8 triplanarMaterials=52 §MAXQ_FRAME_BUDGET taa=8 ao=12 (bake budget — Alt+S stills are unaffected)
19:23:19.855 + 3309.9s §CLAIM §STILL_REFINE start samples=8 triplanarMaterials=52 §MAXQ_FRAME_BUDGET taa=8 ao=12 (bake budget — Alt+S stills are unaffected)
19:23:19.855 + 3309.9s §CLAIM §STILL_REFINE start samples=8 triplanarMaterials=52 §MAXQ_FRAME_BUDGET taa=8 ao=12 (bake budget — Alt+S stills are unaffected)
19:23:19.855 + 3309.9s §CLAIM §STILL_REFINE start samples=8 triplanarMaterials=52 §MAXQ_FRAME_BUDGET taa=8 ao=12 (bake budget — Alt+S stills are unaffected)
19:23:19.855 + 3309.9s §CLAIM §STILL_REFINE start samples=8 triplanarMaterials=52 §MAXQ_FRAME_BUDGET taa=8 ao=12 (bake budget — Alt+S stills are unaffected)
19:23:19.855 + 3309.9s §CLAIM §STILL_REFINE start samples=8 triplanarMaterials=52 §MAXQ_FRAME_BUDGET taa=8 ao=12 (bake budget — Alt+S stills are unaffected)
19:23:19.855 + 3309.9s §CLAIM §STILL_REFINE start samples=8 triplanarMaterials=52 §MAXQ_FRAME_BUDGET taa=8 ao=12 (bake budget — Alt+S stills are unaffected)
19:23:19.855 + 3309.9s §CLAIM §STILL_REFINE start samples=8 triplanarMaterials=52 §MAXQ_FRAME_BUDGET taa=8 ao=12 (bake budget — Alt+S stills are unaffected)
19:23:19.855 + 3309.9s §CLAIM §STILL_REFINE start samples=8 triplanarMaterials=52 §MAXQ_FRAME_BUDGET taa=8 ao=12 (bake budget — Alt+S stills are unaffected)
19:23:19.855 + 3309.9s §CLAIM §STILL_REFINE start samples=8 triplanarMaterials=52 §MAXQ_FRAME_BUDGET taa=8 ao=12 (bake budget — Alt+S stills are unaffected)
19:23:19.855 + 3309.9s §CLAIM §STILL_REFINE start samples=8 triplanarMaterials=52 §MAXQ_FRAME_BUDGET taa=8 ao=12 (bake budget — Alt+S stills are unaffected)
19:23:19.855 + 3309.9s §CLAIM §STILL_REFINE start samples=8 triplanarMaterials=52 §MAXQ_FRAME_BUDGET taa=8 ao=12 (bake budget — Alt+S stills are unaffected)
19:23:19.855 + 3309.9s §CLAIM §STILL_REFINE start samples=8 triplanarMaterials=52 §MAXQ_FRAME_BUDGET taa=8 ao=12 (bake budget — Alt+S stills are unaffected)
19:23:19.855 + 3309.9s §CLAIM §STILL_REFINE start samples=8 triplanarMaterials=52 §MAXQ_FRAME_BUDGET taa=8 ao=12 (bake budget — Alt+S stills are unaffected)
19:23:19.855 + 3309.9s §CLAIM §STILL_REFINE start samples=8 triplanarMaterials=52 §MAXQ_FRAME_BUDGET taa=8 ao=12 (bake budget — Alt+S stills are unaffected)
19:23:19.855 + 3309.9s §CLAIM §STILL_REFINE start samples=8 triplanarMaterials=52 §MAXQ_FRAME_BUDGET taa=8 ao=12 (bake budget — Alt+S stills are unaffected)
19:23:19.856 + 3309.9s §CLAIM §STILL_REFINE start samples=8 triplanarMaterials=52 §MAXQ_FRAME_BUDGET taa=8 ao=12 (bake budget — Alt+S stills are unaffected)
19:23:19.856 + 3309.9s §CLAIM §STILL_REFINE start samples=8 triplanarMaterials=52 §MAXQ_FRAME_BUDGET taa=8 ao=12 (bake budget — Alt+S stills are unaffected)
19:23:19.856 + 3309.9s §CLAIM §STILL_REFINE start samples=8 triplanarMaterials=52 §MAXQ_FRAME_BUDGET taa=8 ao=12 (bake budget — Alt+S stills are unaffected)
19:23:19.856 + 3309.9s §CLAIM §STILL_REFINE start samples=8 triplanarMaterials=52 §MAXQ_FRAME_BUDGET taa=8 ao=12 (bake budget — Alt+S stills are unaffected)
19:23:19.856 + 3309.9s §CLAIM §STILL_REFINE start samples=8 triplanarMaterials=52 §MAXQ_FRAME_BUDGET taa=8 ao=12 (bake budget — Alt+S stills are unaffected)
19:23:19.856 + 3309.9s §CLAIM §STILL_REFINE start samples=8 triplanarMaterials=52 §MAXQ_FRAME_BUDGET taa=8 ao=12 (bake budget — Alt+S stills are unaffected)
19:23:19.856 + 3309.9s §CLAIM §STILL_REFINE start samples=8 triplanarMaterials=52 §MAXQ_FRAME_BUDGET taa=8 ao=12 (bake budget — Alt+S stills are unaffected)
19:23:19.856 + 3309.9s §CLAIM §STILL_REFINE start samples=8 triplanarMaterials=52 §MAXQ_FRAME_BUDGET taa=8 ao=12 (bake budget — Alt+S stills are unaffected)
19:23:19.856 + 3309.9s §CLAIM §STILL_REFINE start samples=8 triplanarMaterials=52 §MAXQ_FRAME_BUDGET taa=8 ao=12 (bake budget — Alt+S stills are unaffected)
19:23:19.856 + 3309.9s §CLAIM §STILL_REFINE start samples=8 triplanarMaterials=52 §MAXQ_FRAME_BUDGET taa=8 ao=12 (bake budget — Alt+S stills are unaffected)
19:23:19.856 + 3309.9s §CLAIM §STILL_REFINE start samples=8 triplanarMaterials=52 §MAXQ_FRAME_BUDGET taa=8 ao=12 (bake budget — Alt+S stills are unaffected)
19:23:19.856 + 3309.9s §CLAIM §STILL_REFINE start samples=8 triplanarMaterials=52 §MAXQ_FRAME_BUDGET taa=8 ao=12 (bake budget — Alt+S stills are unaffected)
19:23:19.856 + 3309.9s §CLAIM §STILL_REFINE start samples=8 triplanarMaterials=52 §MAXQ_FRAME_BUDGET taa=8 ao=12 (bake budget — Alt+S stills are unaffected)
19:23:19.856 + 3309.9s §CLAIM §STILL_REFINE start samples=8 triplanarMaterials=52 §MAXQ_FRAME_BUDGET taa=8 ao=12 (bake budget — Alt+S stills are unaffected)
19:23:19.856 + 3309.9s §CLAIM §STILL_REFINE start samples=8 triplanarMaterials=52 §MAXQ_FRAME_BUDGET taa=8 ao=12 (bake budget — Alt+S stills are unaffected)
19:23:19.856 + 3309.9s §CLAIM §STILL_REFINE start samples=8 triplanarMaterials=52 §MAXQ_FRAME_BUDGET taa=8 ao=12 (bake budget — Alt+S stills are unaffected)
19:23:19.856 + 3309.9s §CLAIM §STILL_REFINE start samples=8 triplanarMaterials=52 §MAXQ_FRAME_BUDGET taa=8 ao=12 (bake budget — Alt+S stills are unaffected)
19:23:19.856 + 3309.9s §CLAIM §STILL_REFINE start samples=8 triplanarMaterials=52 §MAXQ_FRAME_BUDGET taa=8 ao=12 (bake budget — Alt+S stills are unaffected)
19:23:19.856 + 3309.9s §CLAIM §STILL_REFINE start samples=8 triplanarMaterials=52 §MAXQ_FRAME_BUDGET taa=8 ao=12 (bake budget — Alt+S stills are unaffected)
19:23:19.856 + 3309.9s §CLAIM §STILL_REFINE start samples=8 triplanarMaterials=52 §MAXQ_FRAME_BUDGET taa=8 ao=12 (bake budget — Alt+S stills are unaffected)
19:23:19.856 + 3309.9s §CLAIM §STILL_REFINE start samples=8 triplanarMaterials=52 §MAXQ_FRAME_BUDGET taa=8 ao=12 (bake budget — Alt+S stills are unaffected)
19:23:19.856 + 3309.9s §CLAIM §STILL_REFINE start samples=8 triplanarMaterials=52 §MAXQ_FRAME_BUDGET taa=8 ao=12 (bake budget — Alt+S stills are unaffected)
19:23:19.856 + 3309.9s §CLAIM §STILL_REFINE start samples=8 triplanarMaterials=52 §MAXQ_FRAME_BUDGET taa=8 ao=12 (bake budget — Alt+S stills are unaffected)
19:23:19.856 + 3309.9s §CLAIM §STILL_REFINE start samples=8 triplanarMaterials=52 §MAXQ_FRAME_BUDGET taa=8 ao=12 (bake budget — Alt+S stills are unaffected)
19:23:19.856 + 3309.9s §CLAIM §STILL_REFINE start samples=8 triplanarMaterials=52 §MAXQ_FRAME_BUDGET taa=8 ao=12 (bake budget — Alt+S stills are unaffected)
19:23:19.856 + 3309.9s §CLAIM §STILL_REFINE start samples=8 triplanarMaterials=52 §MAXQ_FRAME_BUDGET taa=8 ao=12 (bake budget — Alt+S stills are unaffected)
19:23:19.856 + 3309.9s §CLAIM §STILL_REFINE start samples=8 triplanarMaterials=52 §MAXQ_FRAME_BUDGET taa=8 ao=12 (bake budget — Alt+S stills are unaffected)
19:23:19.856 + 3309.9s §CLAIM §STILL_REFINE start samples=8 triplanarMaterials=52 §MAXQ_FRAME_BUDGET taa=8 ao=12 (bake budget — Alt+S stills are unaffected)
19:23:19.856 + 3309.9s §CLAIM §STILL_REFINE start samples=8 triplanarMaterials=52 §MAXQ_FRAME_BUDGET taa=8 ao=12 (bake budget — Alt+S stills are unaffected)
19:23:19.856 + 3309.9s §CLAIM §STILL_REFINE start samples=8 triplanarMaterials=52 §MAXQ_FRAME_BUDGET taa=8 ao=12 (bake budget — Alt+S stills are unaffected)
19:23:19.856 + 3309.9s §CLAIM §STILL_REFINE start samples=8 triplanarMaterials=52 §MAXQ_FRAME_BUDGET taa=8 ao=12 (bake budget — Alt+S stills are unaffected)
19:23:19.856 + 3309.9s §CLAIM §STILL_REFINE start samples=8 triplanarMaterials=52 §MAXQ_FRAME_BUDGET taa=8 ao=12 (bake budget — Alt+S stills are unaffected)
19:23:19.856 + 3309.9s §CLAIM §STILL_REFINE start samples=8 triplanarMaterials=52 §MAXQ_FRAME_BUDGET taa=8 ao=12 (bake budget — Alt+S stills are unaffected)
19:23:19.856 + 3309.9s §CLAIM §STILL_REFINE start samples=8 triplanarMaterials=52 §MAXQ_FRAME_BUDGET taa=8 ao=12 (bake budget — Alt+S stills are unaffected)
19:23:19.856 + 3309.9s §CLAIM §STILL_REFINE start samples=8 triplanarMaterials=52 §MAXQ_FRAME_BUDGET taa=8 ao=12 (bake budget — Alt+S stills are unaffected)
19:23:19.856 + 3309.9s §CLAIM §STILL_REFINE start samples=8 triplanarMaterials=52 §MAXQ_FRAME_BUDGET taa=8 ao=12 (bake budget — Alt+S stills are unaffected)
19:23:19.856 + 3309.9s §CLAIM §STILL_REFINE start samples=8 triplanarMaterials=52 §MAXQ_FRAME_BUDGET taa=8 ao=12 (bake budget — Alt+S stills are unaffected)
19:23:19.856 + 3309.9s §CLAIM §STILL_REFINE start samples=8 triplanarMaterials=52 §MAXQ_FRAME_BUDGET taa=8 ao=12 (bake budget — Alt+S stills are unaffected)
19:23:19.856 + 3309.9s §CLAIM §STILL_REFINE start samples=8 triplanarMaterials=52 §MAXQ_FRAME_BUDGET taa=8 ao=12 (bake budget — Alt+S stills are unaffected)
19:23:19.856 + 3309.9s §CLAIM §STILL_REFINE start samples=8 triplanarMaterials=52 §MAXQ_FRAME_BUDGET taa=8 ao=12 (bake budget — Alt+S stills are unaffected)
19:23:19.856 + 3309.9s §CLAIM §STILL_REFINE start samples=8 triplanarMaterials=52 §MAXQ_FRAME_BUDGET taa=8 ao=12 (bake budget — Alt+S stills are unaffected)
19:23:19.856 + 3309.9s §CLAIM §STILL_REFINE start samples=8 triplanarMaterials=52 §MAXQ_FRAME_BUDGET taa=8 ao=12 (bake budget — Alt+S stills are unaffected)
19:23:19.856 + 3309.9s §CLAIM §STILL_REFINE start samples=8 triplanarMaterials=52 §MAXQ_FRAME_BUDGET taa=8 ao=12 (bake budget — Alt+S stills are unaffected)
19:23:19.856 + 3309.9s §CLAIM §STILL_REFINE start samples=8 triplanarMaterials=52 §MAXQ_FRAME_BUDGET taa=8 ao=12 (bake budget — Alt+S stills are unaffected)
19:23:19.856 + 3309.9s §CLAIM §STILL_REFINE start samples=8 triplanarMaterials=52 §MAXQ_FRAME_BUDGET taa=8 ao=12 (bake budget — Alt+S stills are unaffected)
19:23:19.856 + 3309.9s §CLAIM §STILL_REFINE start samples=8 triplanarMaterials=52 §MAXQ_FRAME_BUDGET taa=8 ao=12 (bake budget — Alt+S stills are unaffected)
19:23:19.856 + 3309.9s §CLAIM §STILL_REFINE start samples=8 triplanarMaterials=52 §MAXQ_FRAME_BUDGET taa=8 ao=12 (bake budget — Alt+S stills are unaffected)
19:23:19.856 + 3309.9s §CLAIM §STILL_REFINE start samples=8 triplanarMaterials=52 §MAXQ_FRAME_BUDGET taa=8 ao=12 (bake budget — Alt+S stills are unaffected)
19:23:19.856 + 3309.9s §CLAIM §STILL_REFINE start samples=8 triplanarMaterials=52 §MAXQ_FRAME_BUDGET taa=8 ao=12 (bake budget — Alt+S stills are unaffected)
19:23:19.856 + 3309.9s §CLAIM §STILL_REFINE start samples=8 triplanarMaterials=52 §MAXQ_FRAME_BUDGET taa=8 ao=12 (bake budget — Alt+S stills are unaffected)
19:23:19.856 + 3309.9s §CLAIM §STILL_REFINE start samples=8 triplanarMaterials=52 §MAXQ_FRAME_BUDGET taa=8 ao=12 (bake budget — Alt+S stills are unaffected)
19:23:19.856 + 3309.9s §CLAIM §STILL_REFINE start samples=8 triplanarMaterials=52 §MAXQ_FRAME_BUDGET taa=8 ao=12 (bake budget — Alt+S stills are unaffected)
19:23:19.856 + 3309.9s §CLAIM §STILL_REFINE start samples=8 triplanarMaterials=52 §MAXQ_FRAME_BUDGET taa=8 ao=12 (bake budget — Alt+S stills are unaffected)
19:23:19.856 + 3309.9s §CLAIM §STILL_REFINE start samples=8 triplanarMaterials=52 §MAXQ_FRAME_BUDGET taa=8 ao=12 (bake budget — Alt+S stills are unaffected)
19:23:19.856 + 3309.9s §CLAIM §STILL_REFINE start samples=8 triplanarMaterials=52 §MAXQ_FRAME_BUDGET taa=8 ao=12 (bake budget — Alt+S stills are unaffected)
19:23:19.856 + 3309.9s §CLAIM §STILL_REFINE start samples=8 triplanarMaterials=52 §MAXQ_FRAME_BUDGET taa=8 ao=12 (bake budget — Alt+S stills are unaffected)
19:23:19.856 + 3309.9s §CLAIM §STILL_REFINE start samples=8 triplanarMaterials=52 §MAXQ_FRAME_BUDGET taa=8 ao=12 (bake budget — Alt+S stills are unaffected)
19:23:19.856 + 3309.9s §CLAIM §STILL_REFINE start samples=8 triplanarMaterials=52 §MAXQ_FRAME_BUDGET taa=8 ao=12 (bake budget — Alt+S stills are unaffected)
19:23:19.856 + 3309.9s §CLAIM §STILL_REFINE start samples=8 triplanarMaterials=52 §MAXQ_FRAME_BUDGET taa=8 ao=12 (bake budget — Alt+S stills are unaffected)
19:23:19.856 + 3309.9s §CLAIM §STILL_REFINE start samples=8 triplanarMaterials=52 §MAXQ_FRAME_BUDGET taa=8 ao=12 (bake budget — Alt+S stills are unaffected)
19:23:19.856 + 3309.9s §CLAIM §STILL_REFINE start samples=8 triplanarMaterials=52 §MAXQ_FRAME_BUDGET taa=8 ao=12 (bake budget — Alt+S stills are unaffected)
19:23:19.856 + 3309.9s §CLAIM §STILL_REFINE start samples=8 triplanarMaterials=52 §MAXQ_FRAME_BUDGET taa=8 ao=12 (bake budget — Alt+S stills are unaffected)
19:23:19.856 + 3309.9s §CLAIM §STILL_REFINE start samples=8 triplanarMaterials=52 §MAXQ_FRAME_BUDGET taa=8 ao=12 (bake budget — Alt+S stills are unaffected)
19:23:19.856 + 3309.9s §CLAIM §STILL_REFINE start samples=8 triplanarMaterials=52 §MAXQ_FRAME_BUDGET taa=8 ao=12 (bake budget — Alt+S stills are unaffected)
19:23:19.856 + 3309.9s §CLAIM §STILL_REFINE start samples=8 triplanarMaterials=52 §MAXQ_FRAME_BUDGET taa=8 ao=12 (bake budget — Alt+S stills are unaffected)
19:23:19.856 + 3309.9s §CLAIM §STILL_REFINE start samples=8 triplanarMaterials=52 §MAXQ_FRAME_BUDGET taa=8 ao=12 (bake budget — Alt+S stills are unaffected)
19:23:19.856 + 3309.9s §CLAIM §STILL_REFINE start samples=8 triplanarMaterials=52 §MAXQ_FRAME_BUDGET taa=8 ao=12 (bake budget — Alt+S stills are unaffected)
19:23:19.856 + 3309.9s §CLAIM §STILL_REFINE start samples=8 triplanarMaterials=52 §MAXQ_FRAME_BUDGET taa=8 ao=12 (bake budget — Alt+S stills are unaffected)
19:23:19.856 + 3309.9s §CLAIM §STILL_REFINE start samples=8 triplanarMaterials=52 §MAXQ_FRAME_BUDGET taa=8 ao=12 (bake budget — Alt+S stills are unaffected)
19:23:19.856 + 3309.9s §CLAIM §STILL_REFINE start samples=8 triplanarMaterials=52 §MAXQ_FRAME_BUDGET taa=8 ao=12 (bake budget — Alt+S stills are unaffected)
19:23:19.856 + 3309.9s §CLAIM §STILL_REFINE start samples=8 triplanarMaterials=52 §MAXQ_FRAME_BUDGET taa=8 ao=12 (bake budget — Alt+S stills are unaffected)
19:23:19.856 + 3309.9s §CLAIM §STILL_REFINE start samples=8 triplanarMaterials=52 §MAXQ_FRAME_BUDGET taa=8 ao=12 (bake budget — Alt+S stills are unaffected)
19:23:19.856 + 3309.9s §CLAIM §STILL_REFINE start samples=8 triplanarMaterials=52 §MAXQ_FRAME_BUDGET taa=8 ao=12 (bake budget — Alt+S stills are unaffected)
19:23:19.856 + 3309.9s §CLAIM §STILL_REFINE start samples=8 triplanarMaterials=52 §MAXQ_FRAME_BUDGET taa=8 ao=12 (bake budget — Alt+S stills are unaffected)
19:23:19.856 + 3309.9s §CLAIM §STILL_REFINE start samples=8 triplanarMaterials=52 §MAXQ_FRAME_BUDGET taa=8 ao=12 (bake budget — Alt+S stills are unaffected)
19:23:19.856 + 3309.9s §CLAIM §STILL_REFINE start samples=8 triplanarMaterials=52 §MAXQ_FRAME_BUDGET taa=8 ao=12 (bake budget — Alt+S stills are unaffected)
19:23:19.856 + 3309.9s §CLAIM §STILL_REFINE start samples=8 triplanarMaterials=52 §MAXQ_FRAME_BUDGET taa=8 ao=12 (bake budget — Alt+S stills are unaffected)
19:23:19.856 + 3309.9s §CLAIM §STILL_REFINE start samples=8 triplanarMaterials=52 §MAXQ_FRAME_BUDGET taa=8 ao=12 (bake budget — Alt+S stills are unaffected)
19:23:19.856 + 3309.9s §CLAIM §STILL_REFINE start samples=8 triplanarMaterials=52 §MAXQ_FRAME_BUDGET taa=8 ao=12 (bake budget — Alt+S stills are unaffected)
19:23:19.856 + 3309.9s §CLAIM §STILL_REFINE start samples=8 triplanarMaterials=52 §MAXQ_FRAME_BUDGET taa=8 ao=12 (bake budget — Alt+S stills are unaffected)
19:23:19.856 + 3309.9s §CLAIM §STILL_REFINE start samples=8 triplanarMaterials=52 §MAXQ_FRAME_BUDGET taa=8 ao=12 (bake budget — Alt+S stills are unaffected)
19:23:19.856 + 3309.9s §CLAIM §STILL_REFINE start samples=8 triplanarMaterials=52 §MAXQ_FRAME_BUDGET taa=8 ao=12 (bake budget — Alt+S stills are unaffected)
19:23:19.856 + 3309.9s §CLAIM §STILL_REFINE start samples=8 triplanarMaterials=52 §MAXQ_FRAME_BUDGET taa=8 ao=12 (bake budget — Alt+S stills are unaffected)
19:23:19.856 + 3309.9s §CLAIM §STILL_REFINE start samples=8 triplanarMaterials=52 §MAXQ_FRAME_BUDGET taa=8 ao=12 (bake budget — Alt+S stills are unaffected)
19:23:19.856 + 3309.9s §CLAIM §STILL_REFINE start samples=8 triplanarMaterials=52 §MAXQ_FRAME_BUDGET taa=8 ao=12 (bake budget — Alt+S stills are unaffected)
19:23:19.856 + 3309.9s §CLAIM §STILL_REFINE start samples=8 triplanarMaterials=52 §MAXQ_FRAME_BUDGET taa=8 ao=12 (bake budget — Alt+S stills are unaffected)
19:23:19.856 + 3309.9s §CLAIM §STILL_REFINE start samples=8 triplanarMaterials=52 §MAXQ_FRAME_BUDGET taa=8 ao=12 (bake budget — Alt+S stills are unaffected)
19:23:19.856 + 3309.9s §CLAIM §STILL_REFINE start samples=8 triplanarMaterials=52 §MAXQ_FRAME_BUDGET taa=8 ao=12 (bake budget — Alt+S stills are unaffected)
19:23:19.856 + 3309.9s §CLAIM §STILL_REFINE start samples=8 triplanarMaterials=52 §MAXQ_FRAME_BUDGET taa=8 ao=12 (bake budget — Alt+S stills are unaffected)
19:23:19.856 + 3309.9s §CLAIM §STILL_REFINE start samples=8 triplanarMaterials=52 §MAXQ_FRAME_BUDGET taa=8 ao=12 (bake budget — Alt+S stills are unaffected)
19:23:19.856 + 3309.9s §CLAIM §STILL_REFINE start samples=8 triplanarMaterials=52 §MAXQ_FRAME_BUDGET taa=8 ao=12 (bake budget — Alt+S stills are unaffected)
19:23:19.856 + 3309.9s §CLAIM §STILL_REFINE start samples=8 triplanarMaterials=52 §MAXQ_FRAME_BUDGET taa=8 ao=12 (bake budget — Alt+S stills are unaffected)
19:23:19.856 + 3309.9s §CLAIM §STILL_REFINE start samples=8 triplanarMaterials=52 §MAXQ_FRAME_BUDGET taa=8 ao=12 (bake budget — Alt+S stills are unaffected)
19:23:19.856 + 3309.9s §CLAIM §STILL_REFINE start samples=8 triplanarMaterials=52 §MAXQ_FRAME_BUDGET taa=8 ao=12 (bake budget — Alt+S stills are unaffected)
19:23:19.856 + 3309.9s §CLAIM §STILL_REFINE start samples=8 triplanarMaterials=52 §MAXQ_FRAME_BUDGET taa=8 ao=12 (bake budget — Alt+S stills are unaffected)
19:23:19.856 + 3309.9s §CLAIM §STILL_REFINE start samples=8 triplanarMaterials=52 §MAXQ_FRAME_BUDGET taa=8 ao=12 (bake budget — Alt+S stills are unaffected)
19:23:19.856 + 3309.9s §CLAIM §STILL_REFINE start samples=8 triplanarMaterials=52 §MAXQ_FRAME_BUDGET taa=8 ao=12 (bake budget — Alt+S stills are unaffected)
19:23:19.856 + 3309.9s §CLAIM §STILL_REFINE start samples=8 triplanarMaterials=52 §MAXQ_FRAME_BUDGET taa=8 ao=12 (bake budget — Alt+S stills are unaffected)
19:23:19.856 + 3309.9s §CLAIM §STILL_REFINE start samples=8 triplanarMaterials=52 §MAXQ_FRAME_BUDGET taa=8 ao=12 (bake budget — Alt+S stills are unaffected)
19:23:19.856 + 3309.9s §CLAIM §STILL_REFINE start samples=8 triplanarMaterials=52 §MAXQ_FRAME_BUDGET taa=8 ao=12 (bake budget — Alt+S stills are unaffected)
19:23:19.856 + 3309.9s §CLAIM §STILL_REFINE start samples=8 triplanarMaterials=52 §MAXQ_FRAME_BUDGET taa=8 ao=12 (bake budget — Alt+S stills are unaffected)
19:23:19.856 + 3309.9s §CLAIM §STILL_REFINE start samples=8 triplanarMaterials=52 §MAXQ_FRAME_BUDGET taa=8 ao=12 (bake budget — Alt+S stills are unaffected)
19:23:19.856 + 3309.9s §CLAIM §STILL_REFINE start samples=8 triplanarMaterials=52 §MAXQ_FRAME_BUDGET taa=8 ao=12 (bake budget — Alt+S stills are unaffected)
19:23:19.856 + 3309.9s §CLAIM §STILL_REFINE start samples=8 triplanarMaterials=52 §MAXQ_FRAME_BUDGET taa=8 ao=12 (bake budget — Alt+S stills are unaffected)
19:23:19.856 + 3309.9s §CLAIM §STILL_REFINE start samples=8 triplanarMaterials=52 §MAXQ_FRAME_BUDGET taa=8 ao=12 (bake budget — Alt+S stills are unaffected)
19:23:19.856 + 3309.9s §CLAIM §STILL_REFINE start samples=8 triplanarMaterials=52 §MAXQ_FRAME_BUDGET taa=8 ao=12 (bake budget — Alt+S stills are unaffected)
19:23:19.856 + 3309.9s §CLAIM §STILL_REFINE start samples=8 triplanarMaterials=52 §MAXQ_FRAME_BUDGET taa=8 ao=12 (bake budget — Alt+S stills are unaffected)
19:23:19.856 + 3309.9s §CLAIM §STILL_REFINE start samples=8 triplanarMaterials=52 §MAXQ_FRAME_BUDGET taa=8 ao=12 (bake budget — Alt+S stills are unaffected)
19:23:19.856 + 3309.9s §CLAIM §STILL_REFINE start samples=8 triplanarMaterials=52 §MAXQ_FRAME_BUDGET taa=8 ao=12 (bake budget — Alt+S stills are unaffected)
19:23:19.856 + 3309.9s §CLAIM §STILL_REFINE start samples=8 triplanarMaterials=52 §MAXQ_FRAME_BUDGET taa=8 ao=12 (bake budget — Alt+S stills are unaffected)
19:23:19.856 + 3309.9s §CLAIM §STILL_REFINE start samples=8 triplanarMaterials=52 §MAXQ_FRAME_BUDGET taa=8 ao=12 (bake budget — Alt+S stills are unaffected)
19:23:19.856 + 3309.9s §CLAIM §STILL_REFINE start samples=8 triplanarMaterials=52 §MAXQ_FRAME_BUDGET taa=8 ao=12 (bake budget — Alt+S stills are unaffected)
19:23:19.856 + 3309.9s §CLAIM §STILL_REFINE start samples=8 triplanarMaterials=52 §MAXQ_FRAME_BUDGET taa=8 ao=12 (bake budget — Alt+S stills are unaffected)
19:23:19.856 + 3309.9s §CLAIM §STILL_REFINE start samples=8 triplanarMaterials=52 §MAXQ_FRAME_BUDGET taa=8 ao=12 (bake budget — Alt+S stills are unaffected)
19:23:19.856 + 3309.9s §CLAIM §STILL_REFINE start samples=8 triplanarMaterials=52 §MAXQ_FRAME_BUDGET taa=8 ao=12 (bake budget — Alt+S stills are unaffected)
19:23:19.856 + 3309.9s §CLAIM §STILL_REFINE start samples=8 triplanarMaterials=52 §MAXQ_FRAME_BUDGET taa=8 ao=12 (bake budget — Alt+S stills are unaffected)
19:23:19.856 + 3309.9s §CLAIM §STILL_REFINE start samples=8 triplanarMaterials=52 §MAXQ_FRAME_BUDGET taa=8 ao=12 (bake budget — Alt+S stills are unaffected)
19:23:19.856 + 3309.9s §CLAIM §STILL_REFINE start samples=8 triplanarMaterials=52 §MAXQ_FRAME_BUDGET taa=8 ao=12 (bake budget — Alt+S stills are unaffected)
19:23:19.856 + 3309.9s §CLAIM §STILL_REFINE start samples=8 triplanarMaterials=52 §MAXQ_FRAME_BUDGET taa=8 ao=12 (bake budget — Alt+S stills are unaffected)
19:23:19.856 + 3309.9s §CLAIM §STILL_REFINE start samples=8 triplanarMaterials=52 §MAXQ_FRAME_BUDGET taa=8 ao=12 (bake budget — Alt+S stills are unaffected)
19:23:19.856 + 3309.9s §CLAIM §STILL_REFINE start samples=8 triplanarMaterials=52 §MAXQ_FRAME_BUDGET taa=8 ao=12 (bake budget — Alt+S stills are unaffected)
19:23:19.856 + 3309.9s §CLAIM §STILL_REFINE start samples=8 triplanarMaterials=52 §MAXQ_FRAME_BUDGET taa=8 ao=12 (bake budget — Alt+S stills are unaffected)
19:23:19.856 + 3309.9s §CLAIM §STILL_REFINE start samples=8 triplanarMaterials=52 §MAXQ_FRAME_BUDGET taa=8 ao=12 (bake budget — Alt+S stills are unaffected)
19:23:19.856 + 3309.9s §CLAIM §STILL_REFINE start samples=8 triplanarMaterials=52 §MAXQ_FRAME_BUDGET taa=8 ao=12 (bake budget — Alt+S stills are unaffected)
19:23:19.856 + 3309.9s §CLAIM §STILL_REFINE start samples=8 triplanarMaterials=52 §MAXQ_FRAME_BUDGET taa=8 ao=12 (bake budget — Alt+S stills are unaffected)
19:23:19.856 + 3309.9s §CLAIM §STILL_REFINE start samples=8 triplanarMaterials=52 §MAXQ_FRAME_BUDGET taa=8 ao=12 (bake budget — Alt+S stills are unaffected)
19:23:19.856 + 3309.9s §CLAIM §STILL_REFINE start samples=8 triplanarMaterials=52 §MAXQ_FRAME_BUDGET taa=8 ao=12 (bake budget — Alt+S stills are unaffected)
19:23:19.856 + 3309.9s §CLAIM §STILL_REFINE start samples=8 triplanarMaterials=52 §MAXQ_FRAME_BUDGET taa=8 ao=12 (bake budget — Alt+S stills are unaffected)
19:23:19.856 + 3309.9s §CLAIM §STILL_REFINE start samples=8 triplanarMaterials=52 §MAXQ_FRAME_BUDGET taa=8 ao=12 (bake budget — Alt+S stills are unaffected)
19:23:19.856 + 3309.9s §CLAIM §STILL_REFINE start samples=8 triplanarMaterials=52 §MAXQ_FRAME_BUDGET taa=8 ao=12 (bake budget — Alt+S stills are unaffected)
19:23:19.856 + 3309.9s §CLAIM §STILL_REFINE start samples=8 triplanarMaterials=52 §MAXQ_FRAME_BUDGET taa=8 ao=12 (bake budget — Alt+S stills are unaffected)
19:23:19.856 + 3309.9s §CLAIM §STILL_REFINE start samples=8 triplanarMaterials=52 §MAXQ_FRAME_BUDGET taa=8 ao=12 (bake budget — Alt+S stills are unaffected)
19:23:19.856 + 3309.9s §CLAIM §STILL_REFINE start samples=8 triplanarMaterials=52 §MAXQ_FRAME_BUDGET taa=8 ao=12 (bake budget — Alt+S stills are unaffected)
19:23:19.856 + 3309.9s §CLAIM §STILL_REFINE start samples=8 triplanarMaterials=52 §MAXQ_FRAME_BUDGET taa=8 ao=12 (bake budget — Alt+S stills are unaffected)
19:23:19.856 + 3309.9s §CLAIM §STILL_REFINE start samples=8 triplanarMaterials=52 §MAXQ_FRAME_BUDGET taa=8 ao=12 (bake budget — Alt+S stills are unaffected)
19:23:19.856 + 3309.9s §CLAIM §STILL_REFINE start samples=8 triplanarMaterials=52 §MAXQ_FRAME_BUDGET taa=8 ao=12 (bake budget — Alt+S stills are unaffected)
19:23:19.856 + 3309.9s §CLAIM §STILL_REFINE start samples=8 triplanarMaterials=52 §MAXQ_FRAME_BUDGET taa=8 ao=12 (bake budget — Alt+S stills are unaffected)
19:23:19.856 + 3309.9s §CLAIM §STILL_REFINE start samples=8 triplanarMaterials=52 §MAXQ_FRAME_BUDGET taa=8 ao=12 (bake budget — Alt+S stills are unaffected)
19:23:19.856 + 3309.9s §CLAIM §STILL_REFINE start samples=8 triplanarMaterials=52 §MAXQ_FRAME_BUDGET taa=8 ao=12 (bake budget — Alt+S stills are unaffected)
19:23:19.856 + 3309.9s §CLAIM §STILL_REFINE start samples=8 triplanarMaterials=52 §MAXQ_FRAME_BUDGET taa=8 ao=12 (bake budget — Alt+S stills are unaffected)
19:23:19.856 + 3309.9s §CLAIM §STILL_REFINE start samples=8 triplanarMaterials=52 §MAXQ_FRAME_BUDGET taa=8 ao=12 (bake budget — Alt+S stills are unaffected)
19:23:19.856 + 3309.9s §CLAIM §STILL_REFINE start samples=8 triplanarMaterials=52 §MAXQ_FRAME_BUDGET taa=8 ao=12 (bake budget — Alt+S stills are unaffected)
19:23:19.856 + 3309.9s §CLAIM §STILL_REFINE start samples=8 triplanarMaterials=52 §MAXQ_FRAME_BUDGET taa=8 ao=12 (bake budget — Alt+S stills are unaffected)
19:23:19.856 + 3309.9s §CLAIM §STILL_REFINE start samples=8 triplanarMaterials=52 §MAXQ_FRAME_BUDGET taa=8 ao=12 (bake budget — Alt+S stills are unaffected)
19:23:19.856 + 3309.9s §CLAIM §STILL_REFINE start samples=8 triplanarMaterials=52 §MAXQ_FRAME_BUDGET taa=8 ao=12 (bake budget — Alt+S stills are unaffected)
19:23:19.856 + 3309.9s §CLAIM §STILL_REFINE start samples=8 triplanarMaterials=52 §MAXQ_FRAME_BUDGET taa=8 ao=12 (bake budget — Alt+S stills are unaffected)
19:23:19.856 + 3309.9s §CLAIM §STILL_REFINE start samples=8 triplanarMaterials=52 §MAXQ_FRAME_BUDGET taa=8 ao=12 (bake budget — Alt+S stills are unaffected)
19:23:19.856 + 3309.9s §CLAIM §STILL_REFINE start samples=8 triplanarMaterials=52 §MAXQ_FRAME_BUDGET taa=8 ao=12 (bake budget — Alt+S stills are unaffected)
19:23:19.856 + 3309.9s §CLAIM §STILL_REFINE start samples=8 triplanarMaterials=52 §MAXQ_FRAME_BUDGET taa=8 ao=12 (bake budget — Alt+S stills are unaffected)
19:23:19.856 + 3309.9s §CLAIM §STILL_REFINE start samples=8 triplanarMaterials=52 §MAXQ_FRAME_BUDGET taa=8 ao=12 (bake budget — Alt+S stills are unaffected)
19:23:19.856 + 3309.9s §CLAIM §STILL_REFINE start samples=8 triplanarMaterials=52 §MAXQ_FRAME_BUDGET taa=8 ao=12 (bake budget — Alt+S stills are unaffected)
19:23:19.856 + 3309.9s §CLAIM §STILL_REFINE start samples=8 triplanarMaterials=52 §MAXQ_FRAME_BUDGET taa=8 ao=12 (bake budget — Alt+S stills are unaffected)
19:23:19.857 + 3309.9s §CLAIM §STILL_REFINE start samples=8 triplanarMaterials=52 §MAXQ_FRAME_BUDGET taa=8 ao=12 (bake budget — Alt+S stills are unaffected)
19:23:19.857 + 3309.9s §CLAIM §STILL_REFINE start samples=8 triplanarMaterials=52 §MAXQ_FRAME_BUDGET taa=8 ao=12 (bake budget — Alt+S stills are unaffected)
19:23:19.857 + 3309.9s §CLAIM §STILL_REFINE start samples=8 triplanarMaterials=52 §MAXQ_FRAME_BUDGET taa=8 ao=12 (bake budget — Alt+S stills are unaffected)
19:23:19.857 + 3309.9s §CLAIM §STILL_REFINE start samples=8 triplanarMaterials=52 §MAXQ_FRAME_BUDGET taa=8 ao=12 (bake budget — Alt+S stills are unaffected)
19:23:19.857 + 3309.9s §CLAIM §STILL_REFINE start samples=8 triplanarMaterials=52 §MAXQ_FRAME_BUDGET taa=8 ao=12 (bake budget — Alt+S stills are unaffected)
19:23:19.857 + 3309.9s §CLAIM §STILL_REFINE start samples=8 triplanarMaterials=52 §MAXQ_FRAME_BUDGET taa=8 ao=12 (bake budget — Alt+S stills are unaffected)
19:23:19.857 + 3309.9s §CLAIM §STILL_REFINE start samples=8 triplanarMaterials=52 §MAXQ_FRAME_BUDGET taa=8 ao=12 (bake budget — Alt+S stills are unaffected)
19:23:19.857 + 3309.9s §CLAIM §STILL_REFINE start samples=8 triplanarMaterials=52 §MAXQ_FRAME_BUDGET taa=8 ao=12 (bake budget — Alt+S stills are unaffected)
19:23:19.857 + 3309.9s §CLAIM §STILL_REFINE start samples=8 triplanarMaterials=52 §MAXQ_FRAME_BUDGET taa=8 ao=12 (bake budget — Alt+S stills are unaffected)
19:23:19.857 + 3309.9s §CLAIM §STILL_REFINE start samples=8 triplanarMaterials=52 §MAXQ_FRAME_BUDGET taa=8 ao=12 (bake budget — Alt+S stills are unaffected)
19:23:19.857 + 3309.9s §CLAIM §STILL_REFINE start samples=8 triplanarMaterials=52 §MAXQ_FRAME_BUDGET taa=8 ao=12 (bake budget — Alt+S stills are unaffected)
19:23:19.857 + 3309.9s §CLAIM §STILL_REFINE start samples=8 triplanarMaterials=52 §MAXQ_FRAME_BUDGET taa=8 ao=12 (bake budget — Alt+S stills are unaffected)
19:23:19.857 + 3309.9s §CLAIM §STILL_REFINE start samples=8 triplanarMaterials=52 §MAXQ_FRAME_BUDGET taa=8 ao=12 (bake budget — Alt+S stills are unaffected)
19:23:19.857 + 3309.9s §CLAIM §STILL_REFINE start samples=8 triplanarMaterials=52 §MAXQ_FRAME_BUDGET taa=8 ao=12 (bake budget — Alt+S stills are unaffected)
19:23:19.857 + 3309.9s §CLAIM §STILL_REFINE start samples=8 triplanarMaterials=52 §MAXQ_FRAME_BUDGET taa=8 ao=12 (bake budget — Alt+S stills are unaffected)
19:23:19.857 + 3309.9s §CLAIM §STILL_REFINE start samples=8 triplanarMaterials=52 §MAXQ_FRAME_BUDGET taa=8 ao=12 (bake budget — Alt+S stills are unaffected)
19:23:19.857 + 3309.9s §CLAIM §STILL_REFINE start samples=8 triplanarMaterials=52 §MAXQ_FRAME_BUDGET taa=8 ao=12 (bake budget — Alt+S stills are unaffected)
19:23:19.857 + 3309.9s §CLAIM §STILL_REFINE start samples=8 triplanarMaterials=52 §MAXQ_FRAME_BUDGET taa=8 ao=12 (bake budget — Alt+S stills are unaffected)
19:23:19.857 + 3309.9s §CLAIM §STILL_REFINE start samples=8 triplanarMaterials=52 §MAXQ_FRAME_BUDGET taa=8 ao=12 (bake budget — Alt+S stills are unaffected)
19:23:19.857 + 3309.9s §CLAIM §STILL_REFINE start samples=8 triplanarMaterials=52 §MAXQ_FRAME_BUDGET taa=8 ao=12 (bake budget — Alt+S stills are unaffected)
19:23:19.857 + 3309.9s §CLAIM §STILL_REFINE start samples=8 triplanarMaterials=52 §MAXQ_FRAME_BUDGET taa=8 ao=12 (bake budget — Alt+S stills are unaffected)
19:23:19.857 + 3309.9s §CLAIM §STILL_REFINE start samples=8 triplanarMaterials=52 §MAXQ_FRAME_BUDGET taa=8 ao=12 (bake budget — Alt+S stills are unaffected)
19:23:19.857 + 3309.9s §CLAIM §STILL_REFINE start samples=8 triplanarMaterials=52 §MAXQ_FRAME_BUDGET taa=8 ao=12 (bake budget — Alt+S stills are unaffected)
19:23:19.857 + 3309.9s §CLAIM §STILL_REFINE start samples=8 triplanarMaterials=52 §MAXQ_FRAME_BUDGET taa=8 ao=12 (bake budget — Alt+S stills are unaffected)
19:23:19.857 + 3309.9s §CLAIM §STILL_REFINE start samples=8 triplanarMaterials=52 §MAXQ_FRAME_BUDGET taa=8 ao=12 (bake budget — Alt+S stills are unaffected)
19:23:19.857 + 3309.9s §CLAIM §STILL_REFINE start samples=8 triplanarMaterials=52 §MAXQ_FRAME_BUDGET taa=8 ao=12 (bake budget — Alt+S stills are unaffected)
19:23:19.857 + 3309.9s §CLAIM §STILL_REFINE start samples=8 triplanarMaterials=52 §MAXQ_FRAME_BUDGET taa=8 ao=12 (bake budget — Alt+S stills are unaffected)
19:23:19.857 + 3309.9s §CLAIM §STILL_REFINE start samples=8 triplanarMaterials=52 §MAXQ_FRAME_BUDGET taa=8 ao=12 (bake budget — Alt+S stills are unaffected)
19:23:19.857 + 3309.9s §CLAIM §STILL_REFINE start samples=8 triplanarMaterials=52 §MAXQ_FRAME_BUDGET taa=8 ao=12 (bake budget — Alt+S stills are unaffected)
19:23:19.857 + 3309.9s §CLAIM §STILL_REFINE start samples=8 triplanarMaterials=52 §MAXQ_FRAME_BUDGET taa=8 ao=12 (bake budget — Alt+S stills are unaffected)
19:23:19.857 + 3309.9s §CLAIM §STILL_REFINE start samples=8 triplanarMaterials=52 §MAXQ_FRAME_BUDGET taa=8 ao=12 (bake budget — Alt+S stills are unaffected)
19:23:19.857 + 3309.9s §CLAIM §STILL_REFINE start samples=8 triplanarMaterials=52 §MAXQ_FRAME_BUDGET taa=8 ao=12 (bake budget — Alt+S stills are unaffected)
19:23:19.857 + 3309.9s §CLAIM §STILL_REFINE start samples=8 triplanarMaterials=52 §MAXQ_FRAME_BUDGET taa=8 ao=12 (bake budget — Alt+S stills are unaffected)
19:23:19.857 + 3309.9s §CLAIM §STILL_REFINE start samples=8 triplanarMaterials=52 §MAXQ_FRAME_BUDGET taa=8 ao=12 (bake budget — Alt+S stills are unaffected)
19:23:19.857 + 3309.9s §CLAIM §STILL_REFINE start samples=8 triplanarMaterials=52 §MAXQ_FRAME_BUDGET taa=8 ao=12 (bake budget — Alt+S stills are unaffected)
19:23:19.857 + 3309.9s §CLAIM §STILL_REFINE start samples=8 triplanarMaterials=52 §MAXQ_FRAME_BUDGET taa=8 ao=12 (bake budget — Alt+S stills are unaffected)
19:23:19.857 + 3309.9s §CLAIM §STILL_REFINE start samples=8 triplanarMaterials=52 §MAXQ_FRAME_BUDGET taa=8 ao=12 (bake budget — Alt+S stills are unaffected)
19:23:19.857 + 3309.9s §CLAIM §STILL_REFINE start samples=8 triplanarMaterials=52 §MAXQ_FRAME_BUDGET taa=8 ao=12 (bake budget — Alt+S stills are unaffected)
19:23:19.857 + 3309.9s §CLAIM §STILL_REFINE start samples=8 triplanarMaterials=52 §MAXQ_FRAME_BUDGET taa=8 ao=12 (bake budget — Alt+S stills are unaffected)
19:23:19.857 + 3309.9s §CLAIM §STILL_REFINE start samples=8 triplanarMaterials=52 §MAXQ_FRAME_BUDGET taa=8 ao=12 (bake budget — Alt+S stills are unaffected)
19:23:19.857 + 3309.9s §CLAIM §STILL_REFINE start samples=8 triplanarMaterials=52 §MAXQ_FRAME_BUDGET taa=8 ao=12 (bake budget — Alt+S stills are unaffected)
19:23:19.857 + 3309.9s §CLAIM §STILL_REFINE start samples=8 triplanarMaterials=52 §MAXQ_FRAME_BUDGET taa=8 ao=12 (bake budget — Alt+S stills are unaffected)
19:23:19.857 + 3309.9s §CLAIM §STILL_REFINE start samples=8 triplanarMaterials=52 §MAXQ_FRAME_BUDGET taa=8 ao=12 (bake budget — Alt+S stills are unaffected)
19:23:19.857 + 3309.9s §CLAIM §STILL_REFINE start samples=8 triplanarMaterials=52 §MAXQ_FRAME_BUDGET taa=8 ao=12 (bake budget — Alt+S stills are unaffected)
19:23:19.857 + 3309.9s §CLAIM §STILL_REFINE start samples=8 triplanarMaterials=52 §MAXQ_FRAME_BUDGET taa=8 ao=12 (bake budget — Alt+S stills are unaffected)
19:23:19.857 + 3309.9s §CLAIM §STILL_REFINE start samples=8 triplanarMaterials=52 §MAXQ_FRAME_BUDGET taa=8 ao=12 (bake budget — Alt+S stills are unaffected)
19:23:19.857 + 3309.9s §CLAIM §STILL_REFINE start samples=8 triplanarMaterials=52 §MAXQ_FRAME_BUDGET taa=8 ao=12 (bake budget — Alt+S stills are unaffected)
19:23:19.857 + 3309.9s §CLAIM §STILL_REFINE start samples=8 triplanarMaterials=52 §MAXQ_FRAME_BUDGET taa=8 ao=12 (bake budget — Alt+S stills are unaffected)
19:23:19.857 + 3309.9s §CLAIM §STILL_REFINE start samples=8 triplanarMaterials=52 §MAXQ_FRAME_BUDGET taa=8 ao=12 (bake budget — Alt+S stills are unaffected)
19:23:19.857 + 3309.9s §CLAIM §STILL_REFINE start samples=8 triplanarMaterials=52 §MAXQ_FRAME_BUDGET taa=8 ao=12 (bake budget — Alt+S stills are unaffected)
19:23:19.857 + 3309.9s §CLAIM §STILL_REFINE start samples=8 triplanarMaterials=52 §MAXQ_FRAME_BUDGET taa=8 ao=12 (bake budget — Alt+S stills are unaffected)
19:23:19.857 + 3309.9s §CLAIM §STILL_REFINE start samples=8 triplanarMaterials=52 §MAXQ_FRAME_BUDGET taa=8 ao=12 (bake budget — Alt+S stills are unaffected)
19:23:19.857 + 3309.9s §CLAIM §STILL_REFINE start samples=8 triplanarMaterials=52 §MAXQ_FRAME_BUDGET taa=8 ao=12 (bake budget — Alt+S stills are unaffected)
19:23:19.857 + 3309.9s §CLAIM §STILL_REFINE start samples=8 triplanarMaterials=52 §MAXQ_FRAME_BUDGET taa=8 ao=12 (bake budget — Alt+S stills are unaffected)
19:23:19.857 + 3309.9s §CLAIM §STILL_REFINE start samples=8 triplanarMaterials=52 §MAXQ_FRAME_BUDGET taa=8 ao=12 (bake budget — Alt+S stills are unaffected)
19:23:19.857 + 3309.9s §CLAIM §STILL_REFINE start samples=8 triplanarMaterials=52 §MAXQ_FRAME_BUDGET taa=8 ao=12 (bake budget — Alt+S stills are unaffected)
19:23:19.857 + 3309.9s §CLAIM §STILL_REFINE start samples=8 triplanarMaterials=52 §MAXQ_FRAME_BUDGET taa=8 ao=12 (bake budget — Alt+S stills are unaffected)
19:23:19.857 + 3309.9s §CLAIM §STILL_REFINE start samples=8 triplanarMaterials=52 §MAXQ_FRAME_BUDGET taa=8 ao=12 (bake budget — Alt+S stills are unaffected)
19:23:19.857 + 3309.9s §CLAIM §STILL_REFINE start samples=8 triplanarMaterials=52 §MAXQ_FRAME_BUDGET taa=8 ao=12 (bake budget — Alt+S stills are unaffected)
19:23:19.857 + 3309.9s §CLAIM §STILL_REFINE start samples=8 triplanarMaterials=52 §MAXQ_FRAME_BUDGET taa=8 ao=12 (bake budget — Alt+S stills are unaffected)
19:23:19.857 + 3309.9s §CLAIM §STILL_REFINE start samples=8 triplanarMaterials=52 §MAXQ_FRAME_BUDGET taa=8 ao=12 (bake budget — Alt+S stills are unaffected)
19:23:19.857 + 3309.9s §CLAIM §STILL_REFINE start samples=8 triplanarMaterials=52 §MAXQ_FRAME_BUDGET taa=8 ao=12 (bake budget — Alt+S stills are unaffected)
19:23:19.857 + 3309.9s §CLAIM §STILL_REFINE start samples=8 triplanarMaterials=52 §MAXQ_FRAME_BUDGET taa=8 ao=12 (bake budget — Alt+S stills are unaffected)
19:23:19.857 + 3309.9s §CLAIM §STILL_REFINE start samples=8 triplanarMaterials=52 §MAXQ_FRAME_BUDGET taa=8 ao=12 (bake budget — Alt+S stills are unaffected)
19:23:19.857 + 3309.9s §CLAIM §STILL_REFINE start samples=8 triplanarMaterials=52 §MAXQ_FRAME_BUDGET taa=8 ao=12 (bake budget — Alt+S stills are unaffected)
19:23:19.857 + 3309.9s §CLAIM §STILL_REFINE start samples=8 triplanarMaterials=52 §MAXQ_FRAME_BUDGET taa=8 ao=12 (bake budget — Alt+S stills are unaffected)
19:23:19.857 + 3309.9s §CLAIM §STILL_REFINE start samples=8 triplanarMaterials=52 §MAXQ_FRAME_BUDGET taa=8 ao=12 (bake budget — Alt+S stills are unaffected)
19:23:19.857 + 3309.9s §CLAIM §STILL_REFINE start samples=8 triplanarMaterials=52 §MAXQ_FRAME_BUDGET taa=8 ao=12 (bake budget — Alt+S stills are unaffected)
19:23:19.857 + 3309.9s §CLAIM §STILL_REFINE start samples=8 triplanarMaterials=52 §MAXQ_FRAME_BUDGET taa=8 ao=12 (bake budget — Alt+S stills are unaffected)
19:23:19.857 + 3309.9s §CLAIM §STILL_REFINE start samples=8 triplanarMaterials=52 §MAXQ_FRAME_BUDGET taa=8 ao=12 (bake budget — Alt+S stills are unaffected)
19:23:19.857 + 3309.9s §CLAIM §STILL_REFINE start samples=8 triplanarMaterials=52 §MAXQ_FRAME_BUDGET taa=8 ao=12 (bake budget — Alt+S stills are unaffected)
19:23:19.857 + 3309.9s §CLAIM §STILL_REFINE start samples=8 triplanarMaterials=52 §MAXQ_FRAME_BUDGET taa=8 ao=12 (bake budget — Alt+S stills are unaffected)
19:23:19.857 + 3309.9s §CLAIM §STILL_REFINE start samples=8 triplanarMaterials=52 §MAXQ_FRAME_BUDGET taa=8 ao=12 (bake budget — Alt+S stills are unaffected)
19:23:19.857 + 3309.9s §CLAIM §STILL_REFINE start samples=8 triplanarMaterials=52 §MAXQ_FRAME_BUDGET taa=8 ao=12 (bake budget — Alt+S stills are unaffected)
19:23:19.857 + 3309.9s §CLAIM §STILL_REFINE start samples=8 triplanarMaterials=52 §MAXQ_FRAME_BUDGET taa=8 ao=12 (bake budget — Alt+S stills are unaffected)
19:23:19.857 + 3309.9s §CLAIM §STILL_REFINE start samples=8 triplanarMaterials=52 §MAXQ_FRAME_BUDGET taa=8 ao=12 (bake budget — Alt+S stills are unaffected)
19:23:19.857 + 3309.9s §CLAIM §STILL_REFINE start samples=8 triplanarMaterials=52 §MAXQ_FRAME_BUDGET taa=8 ao=12 (bake budget — Alt+S stills are unaffected)
19:23:19.857 + 3309.9s §CLAIM §STILL_REFINE start samples=8 triplanarMaterials=52 §MAXQ_FRAME_BUDGET taa=8 ao=12 (bake budget — Alt+S stills are unaffected)
19:23:19.857 + 3309.9s §CLAIM §STILL_REFINE start samples=8 triplanarMaterials=52 §MAXQ_FRAME_BUDGET taa=8 ao=12 (bake budget — Alt+S stills are unaffected)
19:23:19.857 + 3309.9s §CLAIM §STILL_REFINE start samples=8 triplanarMaterials=52 §MAXQ_FRAME_BUDGET taa=8 ao=12 (bake budget — Alt+S stills are unaffected)
19:23:19.857 + 3309.9s §CLAIM §STILL_REFINE start samples=8 triplanarMaterials=52 §MAXQ_FRAME_BUDGET taa=8 ao=12 (bake budget — Alt+S stills are unaffected)
19:23:19.857 + 3309.9s §CLAIM §STILL_REFINE start samples=8 triplanarMaterials=52 §MAXQ_FRAME_BUDGET taa=8 ao=12 (bake budget — Alt+S stills are unaffected)
19:23:19.857 + 3309.9s §CLAIM §STILL_REFINE start samples=8 triplanarMaterials=52 §MAXQ_FRAME_BUDGET taa=8 ao=12 (bake budget — Alt+S stills are unaffected)
19:23:19.857 + 3309.9s §CLAIM §STILL_REFINE start samples=8 triplanarMaterials=52 §MAXQ_FRAME_BUDGET taa=8 ao=12 (bake budget — Alt+S stills are unaffected)
19:23:19.857 + 3309.9s §CLAIM §STILL_REFINE start samples=8 triplanarMaterials=52 §MAXQ_FRAME_BUDGET taa=8 ao=12 (bake budget — Alt+S stills are unaffected)
19:23:19.857 + 3309.9s §CLAIM §STILL_REFINE start samples=8 triplanarMaterials=52 §MAXQ_FRAME_BUDGET taa=8 ao=12 (bake budget — Alt+S stills are unaffected)
19:23:19.857 + 3309.9s §CLAIM §STILL_REFINE start samples=8 triplanarMaterials=52 §MAXQ_FRAME_BUDGET taa=8 ao=12 (bake budget — Alt+S stills are unaffected)
19:23:19.857 + 3309.9s §CLAIM §STILL_REFINE start samples=8 triplanarMaterials=52 §MAXQ_FRAME_BUDGET taa=8 ao=12 (bake budget — Alt+S stills are unaffected)
19:23:19.857 + 3309.9s §CLAIM §STILL_REFINE start samples=8 triplanarMaterials=52 §MAXQ_FRAME_BUDGET taa=8 ao=12 (bake budget — Alt+S stills are unaffected)
19:23:19.857 + 3309.9s §CLAIM §STILL_REFINE start samples=8 triplanarMaterials=52 §MAXQ_FRAME_BUDGET taa=8 ao=12 (bake budget — Alt+S stills are unaffected)
19:23:19.857 + 3309.9s §CLAIM §STILL_REFINE start samples=8 triplanarMaterials=52 §MAXQ_FRAME_BUDGET taa=8 ao=12 (bake budget — Alt+S stills are unaffected)
19:23:19.857 + 3309.9s §CLAIM §STILL_REFINE start samples=8 triplanarMaterials=52 §MAXQ_FRAME_BUDGET taa=8 ao=12 (bake budget — Alt+S stills are unaffected)
19:23:19.857 + 3309.9s §CLAIM §STILL_REFINE start samples=8 triplanarMaterials=52 §MAXQ_FRAME_BUDGET taa=8 ao=12 (bake budget — Alt+S stills are unaffected)
19:23:19.857 + 3309.9s §CLAIM §STILL_REFINE start samples=8 triplanarMaterials=52 §MAXQ_FRAME_BUDGET taa=8 ao=12 (bake budget — Alt+S stills are unaffected)
19:23:19.857 + 3309.9s §CLAIM §STILL_REFINE start samples=8 triplanarMaterials=52 §MAXQ_FRAME_BUDGET taa=8 ao=12 (bake budget — Alt+S stills are unaffected)
19:23:19.857 + 3309.9s §CLAIM §STILL_REFINE start samples=8 triplanarMaterials=52 §MAXQ_FRAME_BUDGET taa=8 ao=12 (bake budget — Alt+S stills are unaffected)
19:23:19.857 + 3309.9s §CLAIM §STILL_REFINE start samples=8 triplanarMaterials=52 §MAXQ_FRAME_BUDGET taa=8 ao=12 (bake budget — Alt+S stills are unaffected)
19:23:19.857 + 3309.9s §CLAIM §STILL_REFINE start samples=8 triplanarMaterials=52 §MAXQ_FRAME_BUDGET taa=8 ao=12 (bake budget — Alt+S stills are unaffected)
19:23:19.857 + 3309.9s §CLAIM §STILL_REFINE start samples=8 triplanarMaterials=52 §MAXQ_FRAME_BUDGET taa=8 ao=12 (bake budget — Alt+S stills are unaffected)
19:23:19.857 + 3309.9s §CLAIM §STILL_REFINE start samples=8 triplanarMaterials=52 §MAXQ_FRAME_BUDGET taa=8 ao=12 (bake budget — Alt+S stills are unaffected)
19:23:19.857 + 3309.9s §CLAIM §STILL_REFINE start samples=8 triplanarMaterials=52 §MAXQ_FRAME_BUDGET taa=8 ao=12 (bake budget — Alt+S stills are unaffected)
19:23:19.857 + 3309.9s §CLAIM §STILL_REFINE start samples=8 triplanarMaterials=52 §MAXQ_FRAME_BUDGET taa=8 ao=12 (bake budget — Alt+S stills are unaffected)
19:23:19.857 + 3309.9s §CLAIM §STILL_REFINE start samples=8 triplanarMaterials=52 §MAXQ_FRAME_BUDGET taa=8 ao=12 (bake budget — Alt+S stills are unaffected)
19:23:19.857 + 3309.9s §CLAIM §STILL_REFINE start samples=8 triplanarMaterials=52 §MAXQ_FRAME_BUDGET taa=8 ao=12 (bake budget — Alt+S stills are unaffected)
19:23:19.857 + 3309.9s §CLAIM §STILL_REFINE start samples=8 triplanarMaterials=52 §MAXQ_FRAME_BUDGET taa=8 ao=12 (bake budget — Alt+S stills are unaffected)
19:23:19.857 + 3309.9s §CLAIM §STILL_REFINE start samples=8 triplanarMaterials=52 §MAXQ_FRAME_BUDGET taa=8 ao=12 (bake budget — Alt+S stills are unaffected)
19:23:19.857 + 3309.9s §CLAIM §STILL_REFINE start samples=8 triplanarMaterials=52 §MAXQ_FRAME_BUDGET taa=8 ao=12 (bake budget — Alt+S stills are unaffected)
19:23:19.857 + 3309.9s §CLAIM §STILL_REFINE start samples=8 triplanarMaterials=52 §MAXQ_FRAME_BUDGET taa=8 ao=12 (bake budget — Alt+S stills are unaffected)
19:23:19.857 + 3309.9s §CLAIM §STILL_REFINE start samples=8 triplanarMaterials=52 §MAXQ_FRAME_BUDGET taa=8 ao=12 (bake budget — Alt+S stills are unaffected)
19:23:19.857 + 3309.9s §CLAIM §STILL_REFINE start samples=8 triplanarMaterials=52 §MAXQ_FRAME_BUDGET taa=8 ao=12 (bake budget — Alt+S stills are unaffected)
19:23:19.857 + 3309.9s §CLAIM §STILL_REFINE start samples=8 triplanarMaterials=52 §MAXQ_FRAME_BUDGET taa=8 ao=12 (bake budget — Alt+S stills are unaffected)
19:23:19.857 + 3309.9s §CLAIM §STILL_REFINE start samples=8 triplanarMaterials=52 §MAXQ_FRAME_BUDGET taa=8 ao=12 (bake budget — Alt+S stills are unaffected)
19:23:19.857 + 3309.9s §CLAIM §STILL_REFINE start samples=8 triplanarMaterials=52 §MAXQ_FRAME_BUDGET taa=8 ao=12 (bake budget — Alt+S stills are unaffected)
19:23:19.857 + 3309.9s §CLAIM §STILL_REFINE start samples=8 triplanarMaterials=52 §MAXQ_FRAME_BUDGET taa=8 ao=12 (bake budget — Alt+S stills are unaffected)
19:23:19.857 + 3309.9s §CLAIM §STILL_REFINE start samples=8 triplanarMaterials=52 §MAXQ_FRAME_BUDGET taa=8 ao=12 (bake budget — Alt+S stills are unaffected)
19:23:19.857 + 3309.9s §CLAIM §STILL_REFINE start samples=8 triplanarMaterials=52 §MAXQ_FRAME_BUDGET taa=8 ao=12 (bake budget — Alt+S stills are unaffected)
19:23:19.857 + 3309.9s §CLAIM §STILL_REFINE start samples=8 triplanarMaterials=52 §MAXQ_FRAME_BUDGET taa=8 ao=12 (bake budget — Alt+S stills are unaffected)
19:23:19.857 + 3309.9s §CLAIM §STILL_REFINE start samples=8 triplanarMaterials=52 §MAXQ_FRAME_BUDGET taa=8 ao=12 (bake budget — Alt+S stills are unaffected)
19:23:19.857 + 3309.9s §CLAIM §STILL_REFINE start samples=8 triplanarMaterials=52 §MAXQ_FRAME_BUDGET taa=8 ao=12 (bake budget — Alt+S stills are unaffected)
19:23:19.857 + 3309.9s §CLAIM §STILL_REFINE start samples=8 triplanarMaterials=52 §MAXQ_FRAME_BUDGET taa=8 ao=12 (bake budget — Alt+S stills are unaffected)
19:23:19.857 + 3309.9s §CLAIM §STILL_REFINE start samples=8 triplanarMaterials=52 §MAXQ_FRAME_BUDGET taa=8 ao=12 (bake budget — Alt+S stills are unaffected)
19:23:19.857 + 3309.9s §CLAIM §STILL_REFINE start samples=8 triplanarMaterials=52 §MAXQ_FRAME_BUDGET taa=8 ao=12 (bake budget — Alt+S stills are unaffected)
19:23:19.857 + 3309.9s §CLAIM §STILL_REFINE start samples=8 triplanarMaterials=52 §MAXQ_FRAME_BUDGET taa=8 ao=12 (bake budget — Alt+S stills are unaffected)
19:23:19.857 + 3309.9s §CLAIM §STILL_REFINE start samples=8 triplanarMaterials=52 §MAXQ_FRAME_BUDGET taa=8 ao=12 (bake budget — Alt+S stills are unaffected)
19:23:19.857 + 3309.9s §CLAIM §STILL_REFINE start samples=8 triplanarMaterials=52 §MAXQ_FRAME_BUDGET taa=8 ao=12 (bake budget — Alt+S stills are unaffected)
19:23:19.857 + 3309.9s §CLAIM §STILL_REFINE start samples=8 triplanarMaterials=52 §MAXQ_FRAME_BUDGET taa=8 ao=12 (bake budget — Alt+S stills are unaffected)
19:23:19.857 + 3309.9s §CLAIM §STILL_REFINE start samples=8 triplanarMaterials=52 §MAXQ_FRAME_BUDGET taa=8 ao=12 (bake budget — Alt+S stills are unaffected)
19:23:19.857 + 3309.9s §CLAIM §STILL_REFINE start samples=8 triplanarMaterials=52 §MAXQ_FRAME_BUDGET taa=8 ao=12 (bake budget — Alt+S stills are unaffected)
19:23:19.857 + 3309.9s §CLAIM §STILL_REFINE start samples=8 triplanarMaterials=52 §MAXQ_FRAME_BUDGET taa=8 ao=12 (bake budget — Alt+S stills are unaffected)
19:23:19.857 + 3309.9s §CLAIM §STILL_REFINE start samples=8 triplanarMaterials=52 §MAXQ_FRAME_BUDGET taa=8 ao=12 (bake budget — Alt+S stills are unaffected)
19:23:19.857 + 3309.9s §CLAIM §STILL_REFINE start samples=8 triplanarMaterials=52 §MAXQ_FRAME_BUDGET taa=8 ao=12 (bake budget — Alt+S stills are unaffected)
19:23:19.857 + 3309.9s §CLAIM §STILL_REFINE start samples=8 triplanarMaterials=52 §MAXQ_FRAME_BUDGET taa=8 ao=12 (bake budget — Alt+S stills are unaffected)
19:23:19.857 + 3309.9s §CLAIM §STILL_REFINE start samples=8 triplanarMaterials=52 §MAXQ_FRAME_BUDGET taa=8 ao=12 (bake budget — Alt+S stills are unaffected)
19:23:19.857 + 3309.9s §CLAIM §STILL_REFINE start samples=8 triplanarMaterials=52 §MAXQ_FRAME_BUDGET taa=8 ao=12 (bake budget — Alt+S stills are unaffected)
19:23:19.857 + 3309.9s §CLAIM §STILL_REFINE start samples=8 triplanarMaterials=52 §MAXQ_FRAME_BUDGET taa=8 ao=12 (bake budget — Alt+S stills are unaffected)
19:23:19.857 + 3309.9s §CLAIM §STILL_REFINE start samples=8 triplanarMaterials=52 §MAXQ_FRAME_BUDGET taa=8 ao=12 (bake budget — Alt+S stills are unaffected)
19:23:19.857 + 3309.9s §CLAIM §STILL_REFINE start samples=8 triplanarMaterials=52 §MAXQ_FRAME_BUDGET taa=8 ao=12 (bake budget — Alt+S stills are unaffected)
19:23:19.857 + 3309.9s §CLAIM §STILL_REFINE start samples=8 triplanarMaterials=52 §MAXQ_FRAME_BUDGET taa=8 ao=12 (bake budget — Alt+S stills are unaffected)
19:23:19.857 + 3309.9s §CLAIM §STILL_REFINE start samples=8 triplanarMaterials=52 §MAXQ_FRAME_BUDGET taa=8 ao=12 (bake budget — Alt+S stills are unaffected)
19:23:19.857 + 3309.9s §CLAIM §STILL_REFINE start samples=8 triplanarMaterials=52 §MAXQ_FRAME_BUDGET taa=8 ao=12 (bake budget — Alt+S stills are unaffected)
19:23:19.857 + 3309.9s §CLAIM §STILL_REFINE start samples=8 triplanarMaterials=52 §MAXQ_FRAME_BUDGET taa=8 ao=12 (bake budget — Alt+S stills are unaffected)
19:23:19.857 + 3309.9s §CLAIM §STILL_REFINE start samples=8 triplanarMaterials=52 §MAXQ_FRAME_BUDGET taa=8 ao=12 (bake budget — Alt+S stills are unaffected)
19:23:19.857 + 3309.9s §CLAIM §STILL_REFINE start samples=8 triplanarMaterials=52 §MAXQ_FRAME_BUDGET taa=8 ao=12 (bake budget — Alt+S stills are unaffected)
19:23:19.857 + 3309.9s §CLAIM §STILL_REFINE start samples=8 triplanarMaterials=52 §MAXQ_FRAME_BUDGET taa=8 ao=12 (bake budget — Alt+S stills are unaffected)
19:23:19.857 + 3309.9s §CLAIM §STILL_REFINE start samples=8 triplanarMaterials=52 §MAXQ_FRAME_BUDGET taa=8 ao=12 (bake budget — Alt+S stills are unaffected)
19:23:19.857 + 3309.9s §CLAIM §STILL_REFINE start samples=8 triplanarMaterials=52 §MAXQ_FRAME_BUDGET taa=8 ao=12 (bake budget — Alt+S stills are unaffected)
19:23:19.857 + 3309.9s §CLAIM §STILL_REFINE start samples=8 triplanarMaterials=52 §MAXQ_FRAME_BUDGET taa=8 ao=12 (bake budget — Alt+S stills are unaffected)
19:23:19.857 + 3309.9s §CLAIM §STILL_REFINE start samples=8 triplanarMaterials=52 §MAXQ_FRAME_BUDGET taa=8 ao=12 (bake budget — Alt+S stills are unaffected)
19:23:19.857 + 3309.9s §CLAIM §STILL_REFINE start samples=8 triplanarMaterials=52 §MAXQ_FRAME_BUDGET taa=8 ao=12 (bake budget — Alt+S stills are unaffected)
19:23:19.857 + 3309.9s §CLAIM §STILL_REFINE start samples=8 triplanarMaterials=52 §MAXQ_FRAME_BUDGET taa=8 ao=12 (bake budget — Alt+S stills are unaffected)
19:23:19.857 + 3309.9s §CLAIM §STILL_REFINE start samples=8 triplanarMaterials=52 §MAXQ_FRAME_BUDGET taa=8 ao=12 (bake budget — Alt+S stills are unaffected)
19:23:19.857 + 3309.9s §CLAIM §STILL_REFINE start samples=8 triplanarMaterials=52 §MAXQ_FRAME_BUDGET taa=8 ao=12 (bake budget — Alt+S stills are unaffected)
19:23:19.857 + 3309.9s §CLAIM §STILL_REFINE start samples=8 triplanarMaterials=52 §MAXQ_FRAME_BUDGET taa=8 ao=12 (bake budget — Alt+S stills are unaffected)
19:23:19.857 + 3309.9s §CLAIM §STILL_REFINE start samples=8 triplanarMaterials=52 §MAXQ_FRAME_BUDGET taa=8 ao=12 (bake budget — Alt+S stills are unaffected)
19:23:19.857 + 3309.9s §CLAIM §STILL_REFINE start samples=8 triplanarMaterials=52 §MAXQ_FRAME_BUDGET taa=8 ao=12 (bake budget — Alt+S stills are unaffected)
19:23:19.857 + 3309.9s §CLAIM §STILL_REFINE start samples=8 triplanarMaterials=52 §MAXQ_FRAME_BUDGET taa=8 ao=12 (bake budget — Alt+S stills are unaffected)
19:23:19.857 + 3309.9s §CLAIM §STILL_REFINE start samples=8 triplanarMaterials=52 §MAXQ_FRAME_BUDGET taa=8 ao=12 (bake budget — Alt+S stills are unaffected)
19:23:19.857 + 3309.9s §CLAIM §STILL_REFINE start samples=8 triplanarMaterials=52 §MAXQ_FRAME_BUDGET taa=8 ao=12 (bake budget — Alt+S stills are unaffected)
19:23:19.857 + 3309.9s §CLAIM §STILL_REFINE start samples=8 triplanarMaterials=52 §MAXQ_FRAME_BUDGET taa=8 ao=12 (bake budget — Alt+S stills are unaffected)
19:23:19.857 + 3309.9s §CLAIM §STILL_REFINE start samples=8 triplanarMaterials=52 §MAXQ_FRAME_BUDGET taa=8 ao=12 (bake budget — Alt+S stills are unaffected)
19:23:19.857 + 3309.9s §CLAIM §STILL_REFINE start samples=8 triplanarMaterials=52 §MAXQ_FRAME_BUDGET taa=8 ao=12 (bake budget — Alt+S stills are unaffected)
19:23:19.858 + 3309.9s §CLAIM §STILL_REFINE start samples=8 triplanarMaterials=52 §MAXQ_FRAME_BUDGET taa=8 ao=12 (bake budget — Alt+S stills are unaffected)
19:23:19.858 + 3309.9s §CLAIM §STILL_REFINE start samples=8 triplanarMaterials=52 §MAXQ_FRAME_BUDGET taa=8 ao=12 (bake budget — Alt+S stills are unaffected)
19:23:19.858 + 3309.9s §CLAIM §STILL_REFINE start samples=8 triplanarMaterials=52 §MAXQ_FRAME_BUDGET taa=8 ao=12 (bake budget — Alt+S stills are unaffected)
19:23:19.858 + 3309.9s §CLAIM §STILL_REFINE start samples=8 triplanarMaterials=52 §MAXQ_FRAME_BUDGET taa=8 ao=12 (bake budget — Alt+S stills are unaffected)
19:23:19.858 + 3309.9s §CLAIM §STILL_REFINE start samples=8 triplanarMaterials=52 §MAXQ_FRAME_BUDGET taa=8 ao=12 (bake budget — Alt+S stills are unaffected)
19:23:19.858 + 3309.9s §CLAIM §STILL_REFINE start samples=8 triplanarMaterials=52 §MAXQ_FRAME_BUDGET taa=8 ao=12 (bake budget — Alt+S stills are unaffected)
19:23:19.858 + 3309.9s §CLAIM §STILL_REFINE start samples=8 triplanarMaterials=52 §MAXQ_FRAME_BUDGET taa=8 ao=12 (bake budget — Alt+S stills are unaffected)
19:23:19.858 + 3309.9s §CLAIM §STILL_REFINE start samples=8 triplanarMaterials=52 §MAXQ_FRAME_BUDGET taa=8 ao=12 (bake budget — Alt+S stills are unaffected)
19:23:19.858 + 3309.9s §CLAIM §STILL_REFINE start samples=8 triplanarMaterials=52 §MAXQ_FRAME_BUDGET taa=8 ao=12 (bake budget — Alt+S stills are unaffected)
19:23:19.858 + 3309.9s §CLAIM §STILL_REFINE start samples=8 triplanarMaterials=52 §MAXQ_FRAME_BUDGET taa=8 ao=12 (bake budget — Alt+S stills are unaffected)
19:23:19.858 + 3309.9s §CLAIM §STILL_REFINE start samples=8 triplanarMaterials=52 §MAXQ_FRAME_BUDGET taa=8 ao=12 (bake budget — Alt+S stills are unaffected)
19:23:19.858 + 3309.9s §CLAIM §STILL_REFINE start samples=8 triplanarMaterials=52 §MAXQ_FRAME_BUDGET taa=8 ao=12 (bake budget — Alt+S stills are unaffected)
19:23:19.858 + 3309.9s §CLAIM §STILL_REFINE start samples=8 triplanarMaterials=52 §MAXQ_FRAME_BUDGET taa=8 ao=12 (bake budget — Alt+S stills are unaffected)
19:23:19.858 + 3309.9s §CLAIM §STILL_REFINE start samples=8 triplanarMaterials=52 §MAXQ_FRAME_BUDGET taa=8 ao=12 (bake budget — Alt+S stills are unaffected)
19:23:19.858 + 3309.9s §CLAIM §STILL_REFINE start samples=8 triplanarMaterials=52 §MAXQ_FRAME_BUDGET taa=8 ao=12 (bake budget — Alt+S stills are unaffected)
19:23:19.858 + 3309.9s §CLAIM §STILL_REFINE start samples=8 triplanarMaterials=52 §MAXQ_FRAME_BUDGET taa=8 ao=12 (bake budget — Alt+S stills are unaffected)
19:23:19.858 + 3309.9s §CLAIM §STILL_REFINE start samples=8 triplanarMaterials=52 §MAXQ_FRAME_BUDGET taa=8 ao=12 (bake budget — Alt+S stills are unaffected)
19:23:19.858 + 3309.9s §CLAIM §STILL_REFINE start samples=8 triplanarMaterials=52 §MAXQ_FRAME_BUDGET taa=8 ao=12 (bake budget — Alt+S stills are unaffected)
19:23:19.858 + 3309.9s §CLAIM §STILL_REFINE start samples=8 triplanarMaterials=52 §MAXQ_FRAME_BUDGET taa=8 ao=12 (bake budget — Alt+S stills are unaffected)
19:23:19.858 + 3309.9s §CLAIM §STILL_REFINE start samples=8 triplanarMaterials=52 §MAXQ_FRAME_BUDGET taa=8 ao=12 (bake budget — Alt+S stills are unaffected)
19:23:19.858 + 3309.9s §CLAIM §STILL_REFINE start samples=8 triplanarMaterials=52 §MAXQ_FRAME_BUDGET taa=8 ao=12 (bake budget — Alt+S stills are unaffected)
19:23:19.858 + 3309.9s §CLAIM §STILL_REFINE start samples=8 triplanarMaterials=52 §MAXQ_FRAME_BUDGET taa=8 ao=12 (bake budget — Alt+S stills are unaffected)
19:23:19.858 + 3309.9s §CLAIM §STILL_REFINE start samples=8 triplanarMaterials=52 §MAXQ_FRAME_BUDGET taa=8 ao=12 (bake budget — Alt+S stills are unaffected)
19:23:19.858 + 3309.9s §CLAIM §STILL_REFINE start samples=8 triplanarMaterials=52 §MAXQ_FRAME_BUDGET taa=8 ao=12 (bake budget — Alt+S stills are unaffected)
19:23:19.858 + 3309.9s §CLAIM §STILL_REFINE start samples=8 triplanarMaterials=52 §MAXQ_FRAME_BUDGET taa=8 ao=12 (bake budget — Alt+S stills are unaffected)
19:23:19.858 + 3309.9s §CLAIM §STILL_REFINE start samples=8 triplanarMaterials=52 §MAXQ_FRAME_BUDGET taa=8 ao=12 (bake budget — Alt+S stills are unaffected)
19:23:19.858 + 3309.9s §CLAIM §STILL_REFINE start samples=8 triplanarMaterials=52 §MAXQ_FRAME_BUDGET taa=8 ao=12 (bake budget — Alt+S stills are unaffected)
19:23:19.858 + 3309.9s §CLAIM §STILL_REFINE start samples=8 triplanarMaterials=52 §MAXQ_FRAME_BUDGET taa=8 ao=12 (bake budget — Alt+S stills are unaffected)
19:23:19.858 + 3309.9s §CLAIM §STILL_REFINE start samples=8 triplanarMaterials=52 §MAXQ_FRAME_BUDGET taa=8 ao=12 (bake budget — Alt+S stills are unaffected)
19:23:19.858 + 3309.9s §CLAIM §STILL_REFINE start samples=8 triplanarMaterials=52 §MAXQ_FRAME_BUDGET taa=8 ao=12 (bake budget — Alt+S stills are unaffected)
19:23:19.858 + 3309.9s §CLAIM §STILL_REFINE start samples=8 triplanarMaterials=52 §MAXQ_FRAME_BUDGET taa=8 ao=12 (bake budget — Alt+S stills are unaffected)
19:23:19.858 + 3309.9s §CLAIM §STILL_REFINE start samples=8 triplanarMaterials=52 §MAXQ_FRAME_BUDGET taa=8 ao=12 (bake budget — Alt+S stills are unaffected)
19:23:19.858 + 3309.9s §CLAIM §STILL_REFINE start samples=8 triplanarMaterials=52 §MAXQ_FRAME_BUDGET taa=8 ao=12 (bake budget — Alt+S stills are unaffected)
19:23:19.858 + 3309.9s §CLAIM §STILL_REFINE start samples=8 triplanarMaterials=52 §MAXQ_FRAME_BUDGET taa=8 ao=12 (bake budget — Alt+S stills are unaffected)
19:23:19.858 + 3309.9s §CLAIM §STILL_REFINE start samples=8 triplanarMaterials=52 §MAXQ_FRAME_BUDGET taa=8 ao=12 (bake budget — Alt+S stills are unaffected)
19:23:19.858 + 3309.9s §CLAIM §STILL_REFINE start samples=8 triplanarMaterials=52 §MAXQ_FRAME_BUDGET taa=8 ao=12 (bake budget — Alt+S stills are unaffected)
19:23:19.858 + 3309.9s §CLAIM §STILL_REFINE start samples=8 triplanarMaterials=52 §MAXQ_FRAME_BUDGET taa=8 ao=12 (bake budget — Alt+S stills are unaffected)
19:23:19.858 + 3309.9s §CLAIM §STILL_REFINE start samples=8 triplanarMaterials=52 §MAXQ_FRAME_BUDGET taa=8 ao=12 (bake budget — Alt+S stills are unaffected)
19:23:19.858 + 3309.9s §CLAIM §STILL_REFINE start samples=8 triplanarMaterials=52 §MAXQ_FRAME_BUDGET taa=8 ao=12 (bake budget — Alt+S stills are unaffected)
19:23:19.858 + 3309.9s §CLAIM §STILL_REFINE start samples=8 triplanarMaterials=52 §MAXQ_FRAME_BUDGET taa=8 ao=12 (bake budget — Alt+S stills are unaffected)
19:23:19.858 + 3309.9s §CLAIM §STILL_REFINE start samples=8 triplanarMaterials=52 §MAXQ_FRAME_BUDGET taa=8 ao=12 (bake budget — Alt+S stills are unaffected)
19:23:19.858 + 3309.9s §CLAIM §STILL_REFINE start samples=8 triplanarMaterials=52 §MAXQ_FRAME_BUDGET taa=8 ao=12 (bake budget — Alt+S stills are unaffected)
19:23:19.858 + 3309.9s §CLAIM §STILL_REFINE start samples=8 triplanarMaterials=52 §MAXQ_FRAME_BUDGET taa=8 ao=12 (bake budget — Alt+S stills are unaffected)
19:23:19.858 + 3309.9s §CLAIM §STILL_REFINE start samples=8 triplanarMaterials=52 §MAXQ_FRAME_BUDGET taa=8 ao=12 (bake budget — Alt+S stills are unaffected)
19:23:19.858 + 3309.9s §CLAIM §STILL_REFINE start samples=8 triplanarMaterials=52 §MAXQ_FRAME_BUDGET taa=8 ao=12 (bake budget — Alt+S stills are unaffected)
19:23:19.858 + 3309.9s §CLAIM §STILL_REFINE start samples=8 triplanarMaterials=52 §MAXQ_FRAME_BUDGET taa=8 ao=12 (bake budget — Alt+S stills are unaffected)
19:23:19.858 + 3309.9s §CLAIM §STILL_REFINE start samples=8 triplanarMaterials=52 §MAXQ_FRAME_BUDGET taa=8 ao=12 (bake budget — Alt+S stills are unaffected)
19:23:19.858 + 3309.9s §CLAIM §STILL_REFINE start samples=8 triplanarMaterials=52 §MAXQ_FRAME_BUDGET taa=8 ao=12 (bake budget — Alt+S stills are unaffected)
19:23:19.858 + 3309.9s §CLAIM §STILL_REFINE start samples=8 triplanarMaterials=52 §MAXQ_FRAME_BUDGET taa=8 ao=12 (bake budget — Alt+S stills are unaffected)
19:23:19.858 + 3309.9s §CLAIM §STILL_REFINE start samples=8 triplanarMaterials=52 §MAXQ_FRAME_BUDGET taa=8 ao=12 (bake budget — Alt+S stills are unaffected)
19:23:19.858 + 3309.9s §CLAIM §STILL_REFINE start samples=8 triplanarMaterials=52 §MAXQ_FRAME_BUDGET taa=8 ao=12 (bake budget — Alt+S stills are unaffected)
19:23:19.858 + 3309.9s §CLAIM §STILL_REFINE start samples=8 triplanarMaterials=52 §MAXQ_FRAME_BUDGET taa=8 ao=12 (bake budget — Alt+S stills are unaffected)
19:23:19.858 + 3309.9s §CLAIM §STILL_REFINE start samples=8 triplanarMaterials=52 §MAXQ_FRAME_BUDGET taa=8 ao=12 (bake budget — Alt+S stills are unaffected)
19:23:19.858 + 3309.9s §CLAIM §STILL_REFINE start samples=8 triplanarMaterials=52 §MAXQ_FRAME_BUDGET taa=8 ao=12 (bake budget — Alt+S stills are unaffected)
19:23:19.858 + 3309.9s §CLAIM §STILL_REFINE start samples=8 triplanarMaterials=52 §MAXQ_FRAME_BUDGET taa=8 ao=12 (bake budget — Alt+S stills are unaffected)
19:23:19.858 + 3309.9s §CLAIM §STILL_REFINE start samples=8 triplanarMaterials=52 §MAXQ_FRAME_BUDGET taa=8 ao=12 (bake budget — Alt+S stills are unaffected)
19:23:19.858 + 3309.9s §CLAIM §STILL_REFINE start samples=8 triplanarMaterials=52 §MAXQ_FRAME_BUDGET taa=8 ao=12 (bake budget — Alt+S stills are unaffected)
19:23:19.858 + 3309.9s §CLAIM §STILL_REFINE start samples=8 triplanarMaterials=52 §MAXQ_FRAME_BUDGET taa=8 ao=12 (bake budget — Alt+S stills are unaffected)
19:23:19.858 + 3309.9s §CLAIM §STILL_REFINE start samples=8 triplanarMaterials=52 §MAXQ_FRAME_BUDGET taa=8 ao=12 (bake budget — Alt+S stills are unaffected)
19:23:19.858 + 3309.9s §CLAIM §STILL_REFINE start samples=8 triplanarMaterials=52 §MAXQ_FRAME_BUDGET taa=8 ao=12 (bake budget — Alt+S stills are unaffected)
19:23:19.858 + 3309.9s §CLAIM §STILL_REFINE start samples=8 triplanarMaterials=52 §MAXQ_FRAME_BUDGET taa=8 ao=12 (bake budget — Alt+S stills are unaffected)
19:23:19.858 + 3309.9s §CLAIM §STILL_REFINE start samples=8 triplanarMaterials=52 §MAXQ_FRAME_BUDGET taa=8 ao=12 (bake budget — Alt+S stills are unaffected)
19:23:19.858 + 3309.9s §CLAIM §STILL_REFINE start samples=8 triplanarMaterials=52 §MAXQ_FRAME_BUDGET taa=8 ao=12 (bake budget — Alt+S stills are unaffected)
19:23:19.858 + 3309.9s §CLAIM §STILL_REFINE start samples=8 triplanarMaterials=52 §MAXQ_FRAME_BUDGET taa=8 ao=12 (bake budget — Alt+S stills are unaffected)
19:23:19.858 + 3309.9s §CLAIM §STILL_REFINE start samples=8 triplanarMaterials=52 §MAXQ_FRAME_BUDGET taa=8 ao=12 (bake budget — Alt+S stills are unaffected)
19:23:19.858 + 3309.9s §CLAIM §STILL_REFINE start samples=8 triplanarMaterials=52 §MAXQ_FRAME_BUDGET taa=8 ao=12 (bake budget — Alt+S stills are unaffected)
19:23:19.858 + 3309.9s §CLAIM §STILL_REFINE start samples=8 triplanarMaterials=52 §MAXQ_FRAME_BUDGET taa=8 ao=12 (bake budget — Alt+S stills are unaffected)
19:23:19.858 + 3309.9s §CLAIM §STILL_REFINE start samples=8 triplanarMaterials=52 §MAXQ_FRAME_BUDGET taa=8 ao=12 (bake budget — Alt+S stills are unaffected)
19:23:19.858 + 3309.9s §CLAIM §STILL_REFINE start samples=8 triplanarMaterials=52 §MAXQ_FRAME_BUDGET taa=8 ao=12 (bake budget — Alt+S stills are unaffected)
19:23:19.858 + 3309.9s §CLAIM §STILL_REFINE start samples=8 triplanarMaterials=52 §MAXQ_FRAME_BUDGET taa=8 ao=12 (bake budget — Alt+S stills are unaffected)
19:23:19.858 + 3309.9s §CLAIM §STILL_REFINE start samples=8 triplanarMaterials=52 §MAXQ_FRAME_BUDGET taa=8 ao=12 (bake budget — Alt+S stills are unaffected)
19:23:19.858 + 3309.9s §CLAIM §STILL_REFINE start samples=8 triplanarMaterials=52 §MAXQ_FRAME_BUDGET taa=8 ao=12 (bake budget — Alt+S stills are unaffected)
19:23:19.858 + 3309.9s §CLAIM §STILL_REFINE start samples=8 triplanarMaterials=52 §MAXQ_FRAME_BUDGET taa=8 ao=12 (bake budget — Alt+S stills are unaffected)
19:23:19.858 + 3309.9s §CLAIM §STILL_REFINE start samples=8 triplanarMaterials=52 §MAXQ_FRAME_BUDGET taa=8 ao=12 (bake budget — Alt+S stills are unaffected)
19:23:19.858 + 3309.9s §CLAIM §STILL_REFINE start samples=8 triplanarMaterials=52 §MAXQ_FRAME_BUDGET taa=8 ao=12 (bake budget — Alt+S stills are unaffected)
19:23:19.858 + 3309.9s §CLAIM §STILL_REFINE start samples=8 triplanarMaterials=52 §MAXQ_FRAME_BUDGET taa=8 ao=12 (bake budget — Alt+S stills are unaffected)
19:23:19.858 + 3309.9s §CLAIM §STILL_REFINE start samples=8 triplanarMaterials=52 §MAXQ_FRAME_BUDGET taa=8 ao=12 (bake budget — Alt+S stills are unaffected)
19:23:19.858 + 3309.9s §CLAIM §STILL_REFINE start samples=8 triplanarMaterials=52 §MAXQ_FRAME_BUDGET taa=8 ao=12 (bake budget — Alt+S stills are unaffected)
19:23:19.858 + 3309.9s §CLAIM §STILL_REFINE start samples=8 triplanarMaterials=52 §MAXQ_FRAME_BUDGET taa=8 ao=12 (bake budget — Alt+S stills are unaffected)
19:23:19.858 + 3309.9s §CLAIM §STILL_REFINE start samples=8 triplanarMaterials=52 §MAXQ_FRAME_BUDGET taa=8 ao=12 (bake budget — Alt+S stills are unaffected)
19:23:19.858 + 3309.9s §CLAIM §STILL_REFINE start samples=8 triplanarMaterials=52 §MAXQ_FRAME_BUDGET taa=8 ao=12 (bake budget — Alt+S stills are unaffected)
19:23:19.858 + 3309.9s §CLAIM §STILL_REFINE start samples=8 triplanarMaterials=52 §MAXQ_FRAME_BUDGET taa=8 ao=12 (bake budget — Alt+S stills are unaffected)
19:23:19.858 + 3309.9s §CLAIM §STILL_REFINE start samples=8 triplanarMaterials=52 §MAXQ_FRAME_BUDGET taa=8 ao=12 (bake budget — Alt+S stills are unaffected)
19:23:19.858 + 3309.9s §CLAIM §STILL_REFINE start samples=8 triplanarMaterials=52 §MAXQ_FRAME_BUDGET taa=8 ao=12 (bake budget — Alt+S stills are unaffected)
19:23:19.858 + 3309.9s §CLAIM §STILL_REFINE start samples=8 triplanarMaterials=52 §MAXQ_FRAME_BUDGET taa=8 ao=12 (bake budget — Alt+S stills are unaffected)
19:23:19.858 + 3309.9s §CLAIM §STILL_REFINE start samples=8 triplanarMaterials=52 §MAXQ_FRAME_BUDGET taa=8 ao=12 (bake budget — Alt+S stills are unaffected)
19:23:19.858 + 3309.9s §CLAIM §STILL_REFINE start samples=8 triplanarMaterials=52 §MAXQ_FRAME_BUDGET taa=8 ao=12 (bake budget — Alt+S stills are unaffected)
19:23:19.858 + 3309.9s §CLAIM §STILL_REFINE start samples=8 triplanarMaterials=52 §MAXQ_FRAME_BUDGET taa=8 ao=12 (bake budget — Alt+S stills are unaffected)
19:23:19.858 + 3309.9s §CLAIM §STILL_REFINE start samples=8 triplanarMaterials=52 §MAXQ_FRAME_BUDGET taa=8 ao=12 (bake budget — Alt+S stills are unaffected)
19:23:19.858 + 3309.9s §CLAIM §STILL_REFINE start samples=8 triplanarMaterials=52 §MAXQ_FRAME_BUDGET taa=8 ao=12 (bake budget — Alt+S stills are unaffected)
19:23:19.858 + 3309.9s §CLAIM §STILL_REFINE start samples=8 triplanarMaterials=52 §MAXQ_FRAME_BUDGET taa=8 ao=12 (bake budget — Alt+S stills are unaffected)
19:23:19.858 + 3309.9s §CLAIM §STILL_REFINE start samples=8 triplanarMaterials=52 §MAXQ_FRAME_BUDGET taa=8 ao=12 (bake budget — Alt+S stills are unaffected)
19:23:19.858 + 3309.9s §CLAIM §STILL_REFINE start samples=8 triplanarMaterials=52 §MAXQ_FRAME_BUDGET taa=8 ao=12 (bake budget — Alt+S stills are unaffected)
19:23:19.858 + 3309.9s §CLAIM §STILL_REFINE start samples=8 triplanarMaterials=52 §MAXQ_FRAME_BUDGET taa=8 ao=12 (bake budget — Alt+S stills are unaffected)
19:23:19.858 + 3309.9s §CLAIM §STILL_REFINE start samples=8 triplanarMaterials=52 §MAXQ_FRAME_BUDGET taa=8 ao=12 (bake budget — Alt+S stills are unaffected)
19:23:19.858 + 3309.9s §CLAIM §STILL_REFINE start samples=8 triplanarMaterials=52 §MAXQ_FRAME_BUDGET taa=8 ao=12 (bake budget — Alt+S stills are unaffected)
19:23:19.858 + 3309.9s §CLAIM §STILL_REFINE start samples=8 triplanarMaterials=52 §MAXQ_FRAME_BUDGET taa=8 ao=12 (bake budget — Alt+S stills are unaffected)
19:23:19.858 + 3309.9s §CLAIM §STILL_REFINE start samples=8 triplanarMaterials=52 §MAXQ_FRAME_BUDGET taa=8 ao=12 (bake budget — Alt+S stills are unaffected)
19:23:19.858 + 3309.9s §CLAIM §STILL_REFINE start samples=8 triplanarMaterials=52 §MAXQ_FRAME_BUDGET taa=8 ao=12 (bake budget — Alt+S stills are unaffected)
19:23:19.858 + 3309.9s §CLAIM §STILL_REFINE start samples=8 triplanarMaterials=52 §MAXQ_FRAME_BUDGET taa=8 ao=12 (bake budget — Alt+S stills are unaffected)
19:23:19.858 + 3309.9s §CLAIM §STILL_REFINE start samples=8 triplanarMaterials=52 §MAXQ_FRAME_BUDGET taa=8 ao=12 (bake budget — Alt+S stills are unaffected)
19:23:19.858 + 3309.9s §CLAIM §STILL_REFINE start samples=8 triplanarMaterials=52 §MAXQ_FRAME_BUDGET taa=8 ao=12 (bake budget — Alt+S stills are unaffected)
19:23:19.858 + 3309.9s §CLAIM §STILL_REFINE start samples=8 triplanarMaterials=52 §MAXQ_FRAME_BUDGET taa=8 ao=12 (bake budget — Alt+S stills are unaffected)
19:23:19.858 + 3309.9s §CLAIM §STILL_REFINE start samples=8 triplanarMaterials=52 §MAXQ_FRAME_BUDGET taa=8 ao=12 (bake budget — Alt+S stills are unaffected)
19:23:19.858 + 3309.9s §CLAIM §STILL_REFINE start samples=8 triplanarMaterials=52 §MAXQ_FRAME_BUDGET taa=8 ao=12 (bake budget — Alt+S stills are unaffected)
19:23:19.858 + 3309.9s §CLAIM §STILL_REFINE start samples=8 triplanarMaterials=52 §MAXQ_FRAME_BUDGET taa=8 ao=12 (bake budget — Alt+S stills are unaffected)
19:23:19.858 + 3309.9s §CLAIM §STILL_REFINE start samples=8 triplanarMaterials=52 §MAXQ_FRAME_BUDGET taa=8 ao=12 (bake budget — Alt+S stills are unaffected)
19:23:19.858 + 3309.9s §CLAIM §STILL_REFINE start samples=8 triplanarMaterials=52 §MAXQ_FRAME_BUDGET taa=8 ao=12 (bake budget — Alt+S stills are unaffected)
19:23:19.858 + 3309.9s §CLAIM §STILL_REFINE start samples=8 triplanarMaterials=52 §MAXQ_FRAME_BUDGET taa=8 ao=12 (bake budget — Alt+S stills are unaffected)
19:23:19.858 + 3309.9s §CLAIM §STILL_REFINE start samples=8 triplanarMaterials=52 §MAXQ_FRAME_BUDGET taa=8 ao=12 (bake budget — Alt+S stills are unaffected)
19:23:19.858 + 3309.9s §CLAIM §STILL_REFINE start samples=8 triplanarMaterials=52 §MAXQ_FRAME_BUDGET taa=8 ao=12 (bake budget — Alt+S stills are unaffected)
19:23:19.858 + 3309.9s §CLAIM §STILL_REFINE start samples=8 triplanarMaterials=52 §MAXQ_FRAME_BUDGET taa=8 ao=12 (bake budget — Alt+S stills are unaffected)
19:23:19.858 + 3309.9s §CLAIM §STILL_REFINE start samples=8 triplanarMaterials=52 §MAXQ_FRAME_BUDGET taa=8 ao=12 (bake budget — Alt+S stills are unaffected)
19:23:19.858 + 3309.9s §CLAIM §STILL_REFINE start samples=8 triplanarMaterials=52 §MAXQ_FRAME_BUDGET taa=8 ao=12 (bake budget — Alt+S stills are unaffected)
19:23:19.858 + 3309.9s §CLAIM §STILL_REFINE start samples=8 triplanarMaterials=52 §MAXQ_FRAME_BUDGET taa=8 ao=12 (bake budget — Alt+S stills are unaffected)
19:23:19.858 + 3309.9s §CLAIM §STILL_REFINE start samples=8 triplanarMaterials=52 §MAXQ_FRAME_BUDGET taa=8 ao=12 (bake budget — Alt+S stills are unaffected)
19:23:19.858 + 3309.9s §CLAIM §STILL_REFINE start samples=8 triplanarMaterials=52 §MAXQ_FRAME_BUDGET taa=8 ao=12 (bake budget — Alt+S stills are unaffected)
19:23:19.858 + 3309.9s §CLAIM §STILL_REFINE start samples=8 triplanarMaterials=52 §MAXQ_FRAME_BUDGET taa=8 ao=12 (bake budget — Alt+S stills are unaffected)
19:23:19.858 + 3309.9s §CLAIM §STILL_REFINE start samples=8 triplanarMaterials=52 §MAXQ_FRAME_BUDGET taa=8 ao=12 (bake budget — Alt+S stills are unaffected)
19:23:19.858 + 3309.9s §CLAIM §STILL_REFINE start samples=8 triplanarMaterials=52 §MAXQ_FRAME_BUDGET taa=8 ao=12 (bake budget — Alt+S stills are unaffected)
19:23:19.858 + 3309.9s §CLAIM §STILL_REFINE start samples=8 triplanarMaterials=52 §MAXQ_FRAME_BUDGET taa=8 ao=12 (bake budget — Alt+S stills are unaffected)
19:23:19.858 + 3309.9s §CLAIM §STILL_REFINE start samples=8 triplanarMaterials=52 §MAXQ_FRAME_BUDGET taa=8 ao=12 (bake budget — Alt+S stills are unaffected)
19:23:19.858 + 3309.9s §CLAIM §STILL_REFINE start samples=8 triplanarMaterials=52 §MAXQ_FRAME_BUDGET taa=8 ao=12 (bake budget — Alt+S stills are unaffected)
19:23:19.858 + 3309.9s §CLAIM §STILL_REFINE start samples=8 triplanarMaterials=52 §MAXQ_FRAME_BUDGET taa=8 ao=12 (bake budget — Alt+S stills are unaffected)
19:23:19.858 + 3309.9s §CLAIM §STILL_REFINE start samples=8 triplanarMaterials=52 §MAXQ_FRAME_BUDGET taa=8 ao=12 (bake budget — Alt+S stills are unaffected)
19:23:19.858 + 3309.9s §CLAIM §STILL_REFINE start samples=8 triplanarMaterials=52 §MAXQ_FRAME_BUDGET taa=8 ao=12 (bake budget — Alt+S stills are unaffected)
19:23:19.858 + 3309.9s §CLAIM §STILL_REFINE start samples=8 triplanarMaterials=52 §MAXQ_FRAME_BUDGET taa=8 ao=12 (bake budget — Alt+S stills are unaffected)
19:23:19.858 + 3309.9s §CLAIM §STILL_REFINE start samples=8 triplanarMaterials=52 §MAXQ_FRAME_BUDGET taa=8 ao=12 (bake budget — Alt+S stills are unaffected)
19:23:19.858 + 3309.9s §CLAIM §STILL_REFINE start samples=8 triplanarMaterials=52 §MAXQ_FRAME_BUDGET taa=8 ao=12 (bake budget — Alt+S stills are unaffected)
19:23:19.858 + 3309.9s §CLAIM §STILL_REFINE start samples=8 triplanarMaterials=52 §MAXQ_FRAME_BUDGET taa=8 ao=12 (bake budget — Alt+S stills are unaffected)
19:23:19.858 + 3309.9s §CLAIM §STILL_REFINE start samples=8 triplanarMaterials=52 §MAXQ_FRAME_BUDGET taa=8 ao=12 (bake budget — Alt+S stills are unaffected)
19:23:19.858 + 3309.9s §CLAIM §STILL_REFINE start samples=8 triplanarMaterials=52 §MAXQ_FRAME_BUDGET taa=8 ao=12 (bake budget — Alt+S stills are unaffected)
19:23:19.858 + 3309.9s §CLAIM §STILL_REFINE start samples=8 triplanarMaterials=52 §MAXQ_FRAME_BUDGET taa=8 ao=12 (bake budget — Alt+S stills are unaffected)
19:23:19.858 + 3309.9s §CLAIM §STILL_REFINE start samples=8 triplanarMaterials=52 §MAXQ_FRAME_BUDGET taa=8 ao=12 (bake budget — Alt+S stills are unaffected)
19:23:19.858 + 3309.9s §CLAIM §STILL_REFINE start samples=8 triplanarMaterials=52 §MAXQ_FRAME_BUDGET taa=8 ao=12 (bake budget — Alt+S stills are unaffected)
19:23:19.858 + 3309.9s §CLAIM §STILL_REFINE start samples=8 triplanarMaterials=52 §MAXQ_FRAME_BUDGET taa=8 ao=12 (bake budget — Alt+S stills are unaffected)
19:23:19.858 + 3309.9s §CLAIM §STILL_REFINE start samples=8 triplanarMaterials=52 §MAXQ_FRAME_BUDGET taa=8 ao=12 (bake budget — Alt+S stills are unaffected)
19:23:19.858 + 3309.9s §CLAIM §STILL_REFINE start samples=8 triplanarMaterials=52 §MAXQ_FRAME_BUDGET taa=8 ao=12 (bake budget — Alt+S stills are unaffected)
19:23:19.858 + 3309.9s §CLAIM §STILL_REFINE start samples=8 triplanarMaterials=52 §MAXQ_FRAME_BUDGET taa=8 ao=12 (bake budget — Alt+S stills are unaffected)
19:23:19.858 + 3309.9s §CLAIM §STILL_REFINE start samples=8 triplanarMaterials=52 §MAXQ_FRAME_BUDGET taa=8 ao=12 (bake budget — Alt+S stills are unaffected)
19:23:19.858 + 3309.9s §CLAIM §STILL_REFINE start samples=8 triplanarMaterials=52 §MAXQ_FRAME_BUDGET taa=8 ao=12 (bake budget — Alt+S stills are unaffected)
19:23:19.858 + 3309.9s §CLAIM §STILL_REFINE start samples=8 triplanarMaterials=52 §MAXQ_FRAME_BUDGET taa=8 ao=12 (bake budget — Alt+S stills are unaffected)
19:23:19.858 + 3309.9s §CLAIM §STILL_REFINE start samples=8 triplanarMaterials=52 §MAXQ_FRAME_BUDGET taa=8 ao=12 (bake budget — Alt+S stills are unaffected)
19:23:19.858 + 3309.9s §CLAIM §STILL_REFINE start samples=8 triplanarMaterials=52 §MAXQ_FRAME_BUDGET taa=8 ao=12 (bake budget — Alt+S stills are unaffected)
19:23:19.858 + 3309.9s §CLAIM §STILL_REFINE start samples=8 triplanarMaterials=52 §MAXQ_FRAME_BUDGET taa=8 ao=12 (bake budget — Alt+S stills are unaffected)
19:23:19.858 + 3309.9s §CLAIM §STILL_REFINE start samples=8 triplanarMaterials=52 §MAXQ_FRAME_BUDGET taa=8 ao=12 (bake budget — Alt+S stills are unaffected)
19:23:19.858 + 3309.9s §CLAIM §STILL_REFINE start samples=8 triplanarMaterials=52 §MAXQ_FRAME_BUDGET taa=8 ao=12 (bake budget — Alt+S stills are unaffected)
19:23:19.858 + 3309.9s §CLAIM §STILL_REFINE start samples=8 triplanarMaterials=52 §MAXQ_FRAME_BUDGET taa=8 ao=12 (bake budget — Alt+S stills are unaffected)
19:23:19.858 + 3309.9s §CLAIM §STILL_REFINE start samples=8 triplanarMaterials=52 §MAXQ_FRAME_BUDGET taa=8 ao=12 (bake budget — Alt+S stills are unaffected)
19:23:19.858 + 3309.9s §CLAIM §STILL_REFINE start samples=8 triplanarMaterials=52 §MAXQ_FRAME_BUDGET taa=8 ao=12 (bake budget — Alt+S stills are unaffected)
19:23:19.858 + 3309.9s §CLAIM §STILL_REFINE start samples=8 triplanarMaterials=52 §MAXQ_FRAME_BUDGET taa=8 ao=12 (bake budget — Alt+S stills are unaffected)
19:23:19.858 + 3309.9s §CLAIM §STILL_REFINE start samples=8 triplanarMaterials=52 §MAXQ_FRAME_BUDGET taa=8 ao=12 (bake budget — Alt+S stills are unaffected)
19:23:19.858 + 3309.9s §CLAIM §STILL_REFINE start samples=8 triplanarMaterials=52 §MAXQ_FRAME_BUDGET taa=8 ao=12 (bake budget — Alt+S stills are unaffected)
19:23:19.858 + 3309.9s §CLAIM §STILL_REFINE start samples=8 triplanarMaterials=52 §MAXQ_FRAME_BUDGET taa=8 ao=12 (bake budget — Alt+S stills are unaffected)
19:23:19.858 + 3309.9s §CLAIM §STILL_REFINE start samples=8 triplanarMaterials=52 §MAXQ_FRAME_BUDGET taa=8 ao=12 (bake budget — Alt+S stills are unaffected)
19:23:19.858 + 3309.9s §CLAIM §STILL_REFINE start samples=8 triplanarMaterials=52 §MAXQ_FRAME_BUDGET taa=8 ao=12 (bake budget — Alt+S stills are unaffected)
19:23:19.858 + 3309.9s §CLAIM §STILL_REFINE start samples=8 triplanarMaterials=52 §MAXQ_FRAME_BUDGET taa=8 ao=12 (bake budget — Alt+S stills are unaffected)
19:23:19.858 + 3309.9s §CLAIM §STILL_REFINE start samples=8 triplanarMaterials=52 §MAXQ_FRAME_BUDGET taa=8 ao=12 (bake budget — Alt+S stills are unaffected)
19:23:19.858 + 3309.9s §CLAIM §STILL_REFINE start samples=8 triplanarMaterials=52 §MAXQ_FRAME_BUDGET taa=8 ao=12 (bake budget — Alt+S stills are unaffected)
19:23:19.858 + 3309.9s §CLAIM §STILL_REFINE start samples=8 triplanarMaterials=52 §MAXQ_FRAME_BUDGET taa=8 ao=12 (bake budget — Alt+S stills are unaffected)
19:23:19.858 + 3309.9s §CLAIM §STILL_REFINE start samples=8 triplanarMaterials=52 §MAXQ_FRAME_BUDGET taa=8 ao=12 (bake budget — Alt+S stills are unaffected)
19:23:19.858 + 3309.9s §CLAIM §STILL_REFINE start samples=8 triplanarMaterials=52 §MAXQ_FRAME_BUDGET taa=8 ao=12 (bake budget — Alt+S stills are unaffected)
19:23:19.858 + 3309.9s §CLAIM §STILL_REFINE start samples=8 triplanarMaterials=52 §MAXQ_FRAME_BUDGET taa=8 ao=12 (bake budget — Alt+S stills are unaffected)
19:23:19.858 + 3309.9s §CLAIM §STILL_REFINE start samples=8 triplanarMaterials=52 §MAXQ_FRAME_BUDGET taa=8 ao=12 (bake budget — Alt+S stills are unaffected)
19:23:19.858 + 3309.9s §CLAIM §STILL_REFINE start samples=8 triplanarMaterials=52 §MAXQ_FRAME_BUDGET taa=8 ao=12 (bake budget — Alt+S stills are unaffected)
19:23:19.858 + 3309.9s §CLAIM §STILL_REFINE start samples=8 triplanarMaterials=52 §MAXQ_FRAME_BUDGET taa=8 ao=12 (bake budget — Alt+S stills are unaffected)
19:23:19.859 + 3309.9s §CLAIM §STILL_REFINE start samples=8 triplanarMaterials=52 §MAXQ_FRAME_BUDGET taa=8 ao=12 (bake budget — Alt+S stills are unaffected)
19:23:19.859 + 3309.9s §CLAIM §STILL_REFINE start samples=8 triplanarMaterials=52 §MAXQ_FRAME_BUDGET taa=8 ao=12 (bake budget — Alt+S stills are unaffected)
19:23:19.859 + 3309.9s §CLAIM §STILL_REFINE start samples=8 triplanarMaterials=52 §MAXQ_FRAME_BUDGET taa=8 ao=12 (bake budget — Alt+S stills are unaffected)
19:23:19.859 + 3309.9s §CLAIM §STILL_REFINE start samples=8 triplanarMaterials=52 §MAXQ_FRAME_BUDGET taa=8 ao=12 (bake budget — Alt+S stills are unaffected)
19:23:19.859 + 3309.9s §CLAIM §STILL_REFINE start samples=8 triplanarMaterials=52 §MAXQ_FRAME_BUDGET taa=8 ao=12 (bake budget — Alt+S stills are unaffected)
19:23:19.859 + 3309.9s §CLAIM §STILL_REFINE start samples=8 triplanarMaterials=52 §MAXQ_FRAME_BUDGET taa=8 ao=12 (bake budget — Alt+S stills are unaffected)
19:23:19.859 + 3309.9s §CLAIM §STILL_REFINE start samples=8 triplanarMaterials=52 §MAXQ_FRAME_BUDGET taa=8 ao=12 (bake budget — Alt+S stills are unaffected)
19:23:19.859 + 3309.9s §CLAIM §STILL_REFINE start samples=8 triplanarMaterials=52 §MAXQ_FRAME_BUDGET taa=8 ao=12 (bake budget — Alt+S stills are unaffected)
19:23:19.859 + 3309.9s §CLAIM §STILL_REFINE start samples=8 triplanarMaterials=52 §MAXQ_FRAME_BUDGET taa=8 ao=12 (bake budget — Alt+S stills are unaffected)
19:23:19.859 + 3309.9s §CLAIM §STILL_REFINE start samples=8 triplanarMaterials=52 §MAXQ_FRAME_BUDGET taa=8 ao=12 (bake budget — Alt+S stills are unaffected)
19:23:19.859 + 3309.9s §CLAIM §STILL_REFINE start samples=8 triplanarMaterials=52 §MAXQ_FRAME_BUDGET taa=8 ao=12 (bake budget — Alt+S stills are unaffected)
19:23:19.859 + 3309.9s §CLAIM §STILL_REFINE start samples=8 triplanarMaterials=52 §MAXQ_FRAME_BUDGET taa=8 ao=12 (bake budget — Alt+S stills are unaffected)
19:23:19.859 + 3309.9s §CLAIM §STILL_REFINE start samples=8 triplanarMaterials=52 §MAXQ_FRAME_BUDGET taa=8 ao=12 (bake budget — Alt+S stills are unaffected)
19:23:19.859 + 3309.9s §CLAIM §STILL_REFINE start samples=8 triplanarMaterials=52 §MAXQ_FRAME_BUDGET taa=8 ao=12 (bake budget — Alt+S stills are unaffected)
19:23:19.859 + 3309.9s §CLAIM §STILL_REFINE start samples=8 triplanarMaterials=52 §MAXQ_FRAME_BUDGET taa=8 ao=12 (bake budget — Alt+S stills are unaffected)
19:23:19.859 + 3309.9s §CLAIM §STILL_REFINE start samples=8 triplanarMaterials=52 §MAXQ_FRAME_BUDGET taa=8 ao=12 (bake budget — Alt+S stills are unaffected)
19:23:19.859 + 3309.9s §CLAIM §STILL_REFINE start samples=8 triplanarMaterials=52 §MAXQ_FRAME_BUDGET taa=8 ao=12 (bake budget — Alt+S stills are unaffected)
19:23:19.859 + 3309.9s §CLAIM §STILL_REFINE start samples=8 triplanarMaterials=52 §MAXQ_FRAME_BUDGET taa=8 ao=12 (bake budget — Alt+S stills are unaffected)
19:23:19.859 + 3309.9s §CLAIM §STILL_REFINE start samples=8 triplanarMaterials=52 §MAXQ_FRAME_BUDGET taa=8 ao=12 (bake budget — Alt+S stills are unaffected)
19:23:19.859 + 3309.9s §CLAIM §STILL_REFINE start samples=8 triplanarMaterials=52 §MAXQ_FRAME_BUDGET taa=8 ao=12 (bake budget — Alt+S stills are unaffected)
19:23:19.859 + 3309.9s §CLAIM §STILL_REFINE start samples=8 triplanarMaterials=52 §MAXQ_FRAME_BUDGET taa=8 ao=12 (bake budget — Alt+S stills are unaffected)
19:23:19.859 + 3309.9s §CLAIM §STILL_REFINE start samples=8 triplanarMaterials=52 §MAXQ_FRAME_BUDGET taa=8 ao=12 (bake budget — Alt+S stills are unaffected)
19:23:19.859 + 3309.9s §CLAIM §STILL_REFINE start samples=8 triplanarMaterials=52 §MAXQ_FRAME_BUDGET taa=8 ao=12 (bake budget — Alt+S stills are unaffected)
19:23:19.859 + 3309.9s §CLAIM §STILL_REFINE start samples=8 triplanarMaterials=52 §MAXQ_FRAME_BUDGET taa=8 ao=12 (bake budget — Alt+S stills are unaffected)
19:23:19.859 + 3309.9s §CLAIM §STILL_REFINE start samples=8 triplanarMaterials=52 §MAXQ_FRAME_BUDGET taa=8 ao=12 (bake budget — Alt+S stills are unaffected)
19:23:19.859 + 3309.9s §CLAIM §STILL_REFINE start samples=8 triplanarMaterials=52 §MAXQ_FRAME_BUDGET taa=8 ao=12 (bake budget — Alt+S stills are unaffected)
19:23:19.859 + 3309.9s §CLAIM §STILL_REFINE start samples=8 triplanarMaterials=52 §MAXQ_FRAME_BUDGET taa=8 ao=12 (bake budget — Alt+S stills are unaffected)
19:23:19.859 + 3309.9s §CLAIM §STILL_REFINE start samples=8 triplanarMaterials=52 §MAXQ_FRAME_BUDGET taa=8 ao=12 (bake budget — Alt+S stills are unaffected)
19:23:19.859 + 3309.9s §CLAIM §STILL_REFINE start samples=8 triplanarMaterials=52 §MAXQ_FRAME_BUDGET taa=8 ao=12 (bake budget — Alt+S stills are unaffected)
19:23:19.859 + 3309.9s §CLAIM §STILL_REFINE start samples=8 triplanarMaterials=52 §MAXQ_FRAME_BUDGET taa=8 ao=12 (bake budget — Alt+S stills are unaffected)
19:23:19.859 + 3309.9s §CLAIM §STILL_REFINE start samples=8 triplanarMaterials=52 §MAXQ_FRAME_BUDGET taa=8 ao=12 (bake budget — Alt+S stills are unaffected)
19:23:19.859 + 3309.9s §CLAIM §STILL_REFINE start samples=8 triplanarMaterials=52 §MAXQ_FRAME_BUDGET taa=8 ao=12 (bake budget — Alt+S stills are unaffected)
19:23:19.859 + 3309.9s §CLAIM §STILL_REFINE start samples=8 triplanarMaterials=52 §MAXQ_FRAME_BUDGET taa=8 ao=12 (bake budget — Alt+S stills are unaffected)
19:23:19.859 + 3309.9s §CLAIM §STILL_REFINE start samples=8 triplanarMaterials=52 §MAXQ_FRAME_BUDGET taa=8 ao=12 (bake budget — Alt+S stills are unaffected)
19:23:19.859 + 3309.9s §CLAIM §STILL_REFINE start samples=8 triplanarMaterials=52 §MAXQ_FRAME_BUDGET taa=8 ao=12 (bake budget — Alt+S stills are unaffected)
19:23:19.859 + 3309.9s §CLAIM §STILL_REFINE start samples=8 triplanarMaterials=52 §MAXQ_FRAME_BUDGET taa=8 ao=12 (bake budget — Alt+S stills are unaffected)
19:23:19.859 + 3309.9s §CLAIM §STILL_REFINE start samples=8 triplanarMaterials=52 §MAXQ_FRAME_BUDGET taa=8 ao=12 (bake budget — Alt+S stills are unaffected)
19:23:19.859 + 3309.9s §CLAIM §STILL_REFINE start samples=8 triplanarMaterials=52 §MAXQ_FRAME_BUDGET taa=8 ao=12 (bake budget — Alt+S stills are unaffected)
19:23:19.859 + 3309.9s §CLAIM §STILL_REFINE start samples=8 triplanarMaterials=52 §MAXQ_FRAME_BUDGET taa=8 ao=12 (bake budget — Alt+S stills are unaffected)
19:23:19.859 + 3309.9s §CLAIM §STILL_REFINE start samples=8 triplanarMaterials=52 §MAXQ_FRAME_BUDGET taa=8 ao=12 (bake budget — Alt+S stills are unaffected)
19:23:19.859 + 3309.9s §CLAIM §STILL_REFINE start samples=8 triplanarMaterials=52 §MAXQ_FRAME_BUDGET taa=8 ao=12 (bake budget — Alt+S stills are unaffected)
19:23:19.859 + 3309.9s §CLAIM §STILL_REFINE start samples=8 triplanarMaterials=52 §MAXQ_FRAME_BUDGET taa=8 ao=12 (bake budget — Alt+S stills are unaffected)
19:23:19.859 + 3309.9s §CLAIM §STILL_REFINE start samples=8 triplanarMaterials=52 §MAXQ_FRAME_BUDGET taa=8 ao=12 (bake budget — Alt+S stills are unaffected)
19:23:19.859 + 3309.9s §CLAIM §STILL_REFINE start samples=8 triplanarMaterials=52 §MAXQ_FRAME_BUDGET taa=8 ao=12 (bake budget — Alt+S stills are unaffected)
19:23:19.859 + 3309.9s §CLAIM §STILL_REFINE start samples=8 triplanarMaterials=52 §MAXQ_FRAME_BUDGET taa=8 ao=12 (bake budget — Alt+S stills are unaffected)
19:23:19.859 + 3309.9s §CLAIM §STILL_REFINE start samples=8 triplanarMaterials=52 §MAXQ_FRAME_BUDGET taa=8 ao=12 (bake budget — Alt+S stills are unaffected)
19:23:19.859 + 3309.9s §CLAIM §STILL_REFINE start samples=8 triplanarMaterials=52 §MAXQ_FRAME_BUDGET taa=8 ao=12 (bake budget — Alt+S stills are unaffected)
19:23:19.859 + 3309.9s §CLAIM §STILL_REFINE start samples=8 triplanarMaterials=52 §MAXQ_FRAME_BUDGET taa=8 ao=12 (bake budget — Alt+S stills are unaffected)
19:23:19.859 + 3309.9s §CLAIM §STILL_REFINE start samples=8 triplanarMaterials=52 §MAXQ_FRAME_BUDGET taa=8 ao=12 (bake budget — Alt+S stills are unaffected)
19:23:19.859 + 3309.9s §CLAIM §STILL_REFINE start samples=8 triplanarMaterials=52 §MAXQ_FRAME_BUDGET taa=8 ao=12 (bake budget — Alt+S stills are unaffected)
19:23:19.859 + 3309.9s §CLAIM §STILL_REFINE start samples=8 triplanarMaterials=52 §MAXQ_FRAME_BUDGET taa=8 ao=12 (bake budget — Alt+S stills are unaffected)
19:23:19.859 + 3309.9s §CLAIM §STILL_REFINE start samples=8 triplanarMaterials=52 §MAXQ_FRAME_BUDGET taa=8 ao=12 (bake budget — Alt+S stills are unaffected)
19:23:19.859 + 3309.9s §CLAIM §STILL_REFINE start samples=8 triplanarMaterials=52 §MAXQ_FRAME_BUDGET taa=8 ao=12 (bake budget — Alt+S stills are unaffected)
19:23:19.859 + 3309.9s §CLAIM §STILL_REFINE start samples=8 triplanarMaterials=52 §MAXQ_FRAME_BUDGET taa=8 ao=12 (bake budget — Alt+S stills are unaffected)
19:23:19.859 + 3309.9s §CLAIM §STILL_REFINE start samples=8 triplanarMaterials=52 §MAXQ_FRAME_BUDGET taa=8 ao=12 (bake budget — Alt+S stills are unaffected)
19:23:19.859 + 3309.9s §CLAIM §STILL_REFINE start samples=8 triplanarMaterials=52 §MAXQ_FRAME_BUDGET taa=8 ao=12 (bake budget — Alt+S stills are unaffected)
19:23:19.859 + 3309.9s §CLAIM §STILL_REFINE start samples=8 triplanarMaterials=52 §MAXQ_FRAME_BUDGET taa=8 ao=12 (bake budget — Alt+S stills are unaffected)
19:23:19.859 + 3309.9s §CLAIM §STILL_REFINE start samples=8 triplanarMaterials=52 §MAXQ_FRAME_BUDGET taa=8 ao=12 (bake budget — Alt+S stills are unaffected)
19:23:19.859 + 3309.9s §CLAIM §STILL_REFINE start samples=8 triplanarMaterials=52 §MAXQ_FRAME_BUDGET taa=8 ao=12 (bake budget — Alt+S stills are unaffected)
19:23:19.859 + 3309.9s §CLAIM §STILL_REFINE start samples=8 triplanarMaterials=52 §MAXQ_FRAME_BUDGET taa=8 ao=12 (bake budget — Alt+S stills are unaffected)
19:23:19.859 + 3309.9s §CLAIM §STILL_REFINE start samples=8 triplanarMaterials=52 §MAXQ_FRAME_BUDGET taa=8 ao=12 (bake budget — Alt+S stills are unaffected)
19:23:19.859 + 3309.9s §CLAIM §STILL_REFINE start samples=8 triplanarMaterials=52 §MAXQ_FRAME_BUDGET taa=8 ao=12 (bake budget — Alt+S stills are unaffected)
19:23:19.859 + 3309.9s §CLAIM §STILL_REFINE start samples=8 triplanarMaterials=52 §MAXQ_FRAME_BUDGET taa=8 ao=12 (bake budget — Alt+S stills are unaffected)
19:23:19.859 + 3309.9s §CLAIM §STILL_REFINE start samples=8 triplanarMaterials=52 §MAXQ_FRAME_BUDGET taa=8 ao=12 (bake budget — Alt+S stills are unaffected)
19:23:19.859 + 3309.9s §CLAIM §STILL_REFINE start samples=8 triplanarMaterials=52 §MAXQ_FRAME_BUDGET taa=8 ao=12 (bake budget — Alt+S stills are unaffected)
19:23:19.859 + 3309.9s §CLAIM §STILL_REFINE start samples=8 triplanarMaterials=52 §MAXQ_FRAME_BUDGET taa=8 ao=12 (bake budget — Alt+S stills are unaffected)
19:23:19.859 + 3309.9s §CLAIM §STILL_REFINE start samples=8 triplanarMaterials=52 §MAXQ_FRAME_BUDGET taa=8 ao=12 (bake budget — Alt+S stills are unaffected)
19:23:19.859 + 3309.9s §CLAIM §STILL_REFINE start samples=8 triplanarMaterials=52 §MAXQ_FRAME_BUDGET taa=8 ao=12 (bake budget — Alt+S stills are unaffected)
19:23:19.859 + 3309.9s §CLAIM §STILL_REFINE start samples=8 triplanarMaterials=52 §MAXQ_FRAME_BUDGET taa=8 ao=12 (bake budget — Alt+S stills are unaffected)
19:23:19.859 + 3309.9s §CLAIM §STILL_REFINE start samples=8 triplanarMaterials=52 §MAXQ_FRAME_BUDGET taa=8 ao=12 (bake budget — Alt+S stills are unaffected)
19:23:19.859 + 3309.9s §CLAIM §STILL_REFINE start samples=8 triplanarMaterials=52 §MAXQ_FRAME_BUDGET taa=8 ao=12 (bake budget — Alt+S stills are unaffected)
19:23:19.859 + 3309.9s §CLAIM §STILL_REFINE start samples=8 triplanarMaterials=52 §MAXQ_FRAME_BUDGET taa=8 ao=12 (bake budget — Alt+S stills are unaffected)
19:23:19.859 + 3309.9s §CLAIM §STILL_REFINE start samples=8 triplanarMaterials=52 §MAXQ_FRAME_BUDGET taa=8 ao=12 (bake budget — Alt+S stills are unaffected)
19:23:19.859 + 3309.9s §CLAIM §STILL_REFINE start samples=8 triplanarMaterials=52 §MAXQ_FRAME_BUDGET taa=8 ao=12 (bake budget — Alt+S stills are unaffected)
19:23:19.859 + 3309.9s §CLAIM §STILL_REFINE start samples=8 triplanarMaterials=52 §MAXQ_FRAME_BUDGET taa=8 ao=12 (bake budget — Alt+S stills are unaffected)
19:23:19.859 + 3309.9s §CLAIM §STILL_REFINE start samples=8 triplanarMaterials=52 §MAXQ_FRAME_BUDGET taa=8 ao=12 (bake budget — Alt+S stills are unaffected)
19:23:19.859 + 3309.9s §CLAIM §STILL_REFINE start samples=8 triplanarMaterials=52 §MAXQ_FRAME_BUDGET taa=8 ao=12 (bake budget — Alt+S stills are unaffected)
19:23:19.859 + 3309.9s §CLAIM §STILL_REFINE start samples=8 triplanarMaterials=52 §MAXQ_FRAME_BUDGET taa=8 ao=12 (bake budget — Alt+S stills are unaffected)
19:23:19.859 + 3309.9s §CLAIM §STILL_REFINE start samples=8 triplanarMaterials=52 §MAXQ_FRAME_BUDGET taa=8 ao=12 (bake budget — Alt+S stills are unaffected)
19:23:19.859 + 3309.9s §CLAIM §STILL_REFINE start samples=8 triplanarMaterials=52 §MAXQ_FRAME_BUDGET taa=8 ao=12 (bake budget — Alt+S stills are unaffected)
19:23:19.859 + 3309.9s §CLAIM §STILL_REFINE start samples=8 triplanarMaterials=52 §MAXQ_FRAME_BUDGET taa=8 ao=12 (bake budget — Alt+S stills are unaffected)
19:23:19.859 + 3309.9s §CLAIM §STILL_REFINE start samples=8 triplanarMaterials=52 §MAXQ_FRAME_BUDGET taa=8 ao=12 (bake budget — Alt+S stills are unaffected)
19:23:19.859 + 3309.9s §CLAIM §STILL_REFINE start samples=8 triplanarMaterials=52 §MAXQ_FRAME_BUDGET taa=8 ao=12 (bake budget — Alt+S stills are unaffected)
19:23:19.859 + 3309.9s §CLAIM §STILL_REFINE start samples=8 triplanarMaterials=52 §MAXQ_FRAME_BUDGET taa=8 ao=12 (bake budget — Alt+S stills are unaffected)
19:23:19.859 + 3309.9s §CLAIM §STILL_REFINE start samples=8 triplanarMaterials=52 §MAXQ_FRAME_BUDGET taa=8 ao=12 (bake budget — Alt+S stills are unaffected)
19:23:19.859 + 3309.9s §CLAIM §STILL_REFINE start samples=8 triplanarMaterials=52 §MAXQ_FRAME_BUDGET taa=8 ao=12 (bake budget — Alt+S stills are unaffected)
19:23:19.859 + 3309.9s §CLAIM §STILL_REFINE start samples=8 triplanarMaterials=52 §MAXQ_FRAME_BUDGET taa=8 ao=12 (bake budget — Alt+S stills are unaffected)
19:23:19.859 + 3309.9s §CLAIM §STILL_REFINE start samples=8 triplanarMaterials=52 §MAXQ_FRAME_BUDGET taa=8 ao=12 (bake budget — Alt+S stills are unaffected)
19:23:19.859 + 3309.9s §CLAIM §STILL_REFINE start samples=8 triplanarMaterials=52 §MAXQ_FRAME_BUDGET taa=8 ao=12 (bake budget — Alt+S stills are unaffected)
19:23:19.859 + 3309.9s §CLAIM §STILL_REFINE start samples=8 triplanarMaterials=52 §MAXQ_FRAME_BUDGET taa=8 ao=12 (bake budget — Alt+S stills are unaffected)
19:23:19.859 + 3309.9s §CLAIM §STILL_REFINE start samples=8 triplanarMaterials=52 §MAXQ_FRAME_BUDGET taa=8 ao=12 (bake budget — Alt+S stills are unaffected)
19:23:19.859 + 3309.9s §CLAIM §STILL_REFINE start samples=8 triplanarMaterials=52 §MAXQ_FRAME_BUDGET taa=8 ao=12 (bake budget — Alt+S stills are unaffected)
19:23:19.859 + 3309.9s §CLAIM §STILL_REFINE start samples=8 triplanarMaterials=52 §MAXQ_FRAME_BUDGET taa=8 ao=12 (bake budget — Alt+S stills are unaffected)
19:23:19.859 + 3309.9s §CLAIM §STILL_REFINE start samples=8 triplanarMaterials=52 §MAXQ_FRAME_BUDGET taa=8 ao=12 (bake budget — Alt+S stills are unaffected)
19:23:19.859 + 3309.9s §CLAIM §STILL_REFINE start samples=8 triplanarMaterials=52 §MAXQ_FRAME_BUDGET taa=8 ao=12 (bake budget — Alt+S stills are unaffected)
19:23:19.859 + 3309.9s §CLAIM §STILL_REFINE start samples=8 triplanarMaterials=52 §MAXQ_FRAME_BUDGET taa=8 ao=12 (bake budget — Alt+S stills are unaffected)
19:23:19.859 + 3309.9s §CLAIM §STILL_REFINE start samples=8 triplanarMaterials=52 §MAXQ_FRAME_BUDGET taa=8 ao=12 (bake budget — Alt+S stills are unaffected)
19:23:19.859 + 3309.9s §CLAIM §STILL_REFINE start samples=8 triplanarMaterials=52 §MAXQ_FRAME_BUDGET taa=8 ao=12 (bake budget — Alt+S stills are unaffected)
19:23:19.859 + 3309.9s §CLAIM §STILL_REFINE start samples=8 triplanarMaterials=52 §MAXQ_FRAME_BUDGET taa=8 ao=12 (bake budget — Alt+S stills are unaffected)
19:23:19.859 + 3309.9s §CLAIM §STILL_REFINE start samples=8 triplanarMaterials=52 §MAXQ_FRAME_BUDGET taa=8 ao=12 (bake budget — Alt+S stills are unaffected)
19:23:19.859 + 3309.9s §CLAIM §STILL_REFINE start samples=8 triplanarMaterials=52 §MAXQ_FRAME_BUDGET taa=8 ao=12 (bake budget — Alt+S stills are unaffected)
19:23:19.859 + 3309.9s §CLAIM §STILL_REFINE start samples=8 triplanarMaterials=52 §MAXQ_FRAME_BUDGET taa=8 ao=12 (bake budget — Alt+S stills are unaffected)
19:23:19.859 + 3309.9s §CLAIM §STILL_REFINE start samples=8 triplanarMaterials=52 §MAXQ_FRAME_BUDGET taa=8 ao=12 (bake budget — Alt+S stills are unaffected)
19:23:19.859 + 3309.9s §CLAIM §STILL_REFINE start samples=8 triplanarMaterials=52 §MAXQ_FRAME_BUDGET taa=8 ao=12 (bake budget — Alt+S stills are unaffected)
19:23:19.859 + 3309.9s §CLAIM §STILL_REFINE start samples=8 triplanarMaterials=52 §MAXQ_FRAME_BUDGET taa=8 ao=12 (bake budget — Alt+S stills are unaffected)
19:23:19.859 + 3309.9s §CLAIM §STILL_REFINE start samples=8 triplanarMaterials=52 §MAXQ_FRAME_BUDGET taa=8 ao=12 (bake budget — Alt+S stills are unaffected)
19:23:19.859 + 3309.9s §CLAIM §STILL_REFINE start samples=8 triplanarMaterials=52 §MAXQ_FRAME_BUDGET taa=8 ao=12 (bake budget — Alt+S stills are unaffected)
19:23:19.859 + 3309.9s §CLAIM §STILL_REFINE start samples=8 triplanarMaterials=52 §MAXQ_FRAME_BUDGET taa=8 ao=12 (bake budget — Alt+S stills are unaffected)
19:23:19.859 + 3309.9s §CLAIM §STILL_REFINE start samples=8 triplanarMaterials=52 §MAXQ_FRAME_BUDGET taa=8 ao=12 (bake budget — Alt+S stills are unaffected)
19:23:19.859 + 3309.9s §CLAIM §STILL_REFINE start samples=8 triplanarMaterials=52 §MAXQ_FRAME_BUDGET taa=8 ao=12 (bake budget — Alt+S stills are unaffected)
19:23:19.859 + 3309.9s §CLAIM §STILL_REFINE start samples=8 triplanarMaterials=52 §MAXQ_FRAME_BUDGET taa=8 ao=12 (bake budget — Alt+S stills are unaffected)
19:23:19.859 + 3309.9s §CLAIM §STILL_REFINE start samples=8 triplanarMaterials=52 §MAXQ_FRAME_BUDGET taa=8 ao=12 (bake budget — Alt+S stills are unaffected)
19:23:19.859 + 3309.9s §CLAIM §STILL_REFINE start samples=8 triplanarMaterials=52 §MAXQ_FRAME_BUDGET taa=8 ao=12 (bake budget — Alt+S stills are unaffected)
19:23:19.859 + 3309.9s §CLAIM §STILL_REFINE start samples=8 triplanarMaterials=52 §MAXQ_FRAME_BUDGET taa=8 ao=12 (bake budget — Alt+S stills are unaffected)
19:23:19.859 + 3309.9s §CLAIM §STILL_REFINE start samples=8 triplanarMaterials=52 §MAXQ_FRAME_BUDGET taa=8 ao=12 (bake budget — Alt+S stills are unaffected)
19:23:19.859 + 3309.9s §CLAIM §STILL_REFINE start samples=8 triplanarMaterials=52 §MAXQ_FRAME_BUDGET taa=8 ao=12 (bake budget — Alt+S stills are unaffected)
19:23:19.859 + 3309.9s §CLAIM §STILL_REFINE start samples=8 triplanarMaterials=52 §MAXQ_FRAME_BUDGET taa=8 ao=12 (bake budget — Alt+S stills are unaffected)
19:23:19.859 + 3309.9s §CLAIM §STILL_REFINE start samples=8 triplanarMaterials=52 §MAXQ_FRAME_BUDGET taa=8 ao=12 (bake budget — Alt+S stills are unaffected)
19:23:19.859 + 3309.9s §CLAIM §STILL_REFINE start samples=8 triplanarMaterials=52 §MAXQ_FRAME_BUDGET taa=8 ao=12 (bake budget — Alt+S stills are unaffected)
19:23:19.859 + 3309.9s §CLAIM §STILL_REFINE start samples=8 triplanarMaterials=52 §MAXQ_FRAME_BUDGET taa=8 ao=12 (bake budget — Alt+S stills are unaffected)
19:23:19.859 + 3309.9s §CLAIM §STILL_REFINE start samples=8 triplanarMaterials=52 §MAXQ_FRAME_BUDGET taa=8 ao=12 (bake budget — Alt+S stills are unaffected)
19:23:19.859 + 3309.9s §CLAIM §STILL_REFINE start samples=8 triplanarMaterials=52 §MAXQ_FRAME_BUDGET taa=8 ao=12 (bake budget — Alt+S stills are unaffected)
19:23:19.859 + 3309.9s §CLAIM §STILL_REFINE start samples=8 triplanarMaterials=52 §MAXQ_FRAME_BUDGET taa=8 ao=12 (bake budget — Alt+S stills are unaffected)
19:23:19.859 + 3309.9s §CLAIM §STILL_REFINE start samples=8 triplanarMaterials=52 §MAXQ_FRAME_BUDGET taa=8 ao=12 (bake budget — Alt+S stills are unaffected)
19:23:19.859 + 3309.9s §CLAIM §STILL_REFINE start samples=8 triplanarMaterials=52 §MAXQ_FRAME_BUDGET taa=8 ao=12 (bake budget — Alt+S stills are unaffected)
19:23:19.859 + 3309.9s §CLAIM §STILL_REFINE start samples=8 triplanarMaterials=52 §MAXQ_FRAME_BUDGET taa=8 ao=12 (bake budget — Alt+S stills are unaffected)
19:23:19.859 + 3309.9s §CLAIM §STILL_REFINE start samples=8 triplanarMaterials=52 §MAXQ_FRAME_BUDGET taa=8 ao=12 (bake budget — Alt+S stills are unaffected)
19:23:19.859 + 3309.9s §CLAIM §STILL_REFINE start samples=8 triplanarMaterials=52 §MAXQ_FRAME_BUDGET taa=8 ao=12 (bake budget — Alt+S stills are unaffected)
19:23:19.859 + 3309.9s §CLAIM §STILL_REFINE start samples=8 triplanarMaterials=52 §MAXQ_FRAME_BUDGET taa=8 ao=12 (bake budget — Alt+S stills are unaffected)
19:23:19.859 + 3309.9s §CLAIM §STILL_REFINE start samples=8 triplanarMaterials=52 §MAXQ_FRAME_BUDGET taa=8 ao=12 (bake budget — Alt+S stills are unaffected)
19:23:19.859 + 3309.9s §CLAIM §STILL_REFINE start samples=8 triplanarMaterials=52 §MAXQ_FRAME_BUDGET taa=8 ao=12 (bake budget — Alt+S stills are unaffected)
19:23:19.859 + 3309.9s §CLAIM §STILL_REFINE start samples=8 triplanarMaterials=52 §MAXQ_FRAME_BUDGET taa=8 ao=12 (bake budget — Alt+S stills are unaffected)
19:23:19.859 + 3309.9s §CLAIM §STILL_REFINE start samples=8 triplanarMaterials=52 §MAXQ_FRAME_BUDGET taa=8 ao=12 (bake budget — Alt+S stills are unaffected)
19:23:19.859 + 3309.9s §CLAIM §STILL_REFINE start samples=8 triplanarMaterials=52 §MAXQ_FRAME_BUDGET taa=8 ao=12 (bake budget — Alt+S stills are unaffected)
19:23:19.859 + 3309.9s §CLAIM §STILL_REFINE start samples=8 triplanarMaterials=52 §MAXQ_FRAME_BUDGET taa=8 ao=12 (bake budget — Alt+S stills are unaffected)
19:23:19.859 + 3309.9s §CLAIM §STILL_REFINE start samples=8 triplanarMaterials=52 §MAXQ_FRAME_BUDGET taa=8 ao=12 (bake budget — Alt+S stills are unaffected)
19:23:19.859 + 3309.9s §CLAIM §STILL_REFINE start samples=8 triplanarMaterials=52 §MAXQ_FRAME_BUDGET taa=8 ao=12 (bake budget — Alt+S stills are unaffected)
19:23:19.859 + 3309.9s §CLAIM §STILL_REFINE start samples=8 triplanarMaterials=52 §MAXQ_FRAME_BUDGET taa=8 ao=12 (bake budget — Alt+S stills are unaffected)
19:23:19.859 + 3309.9s §CLAIM §STILL_REFINE start samples=8 triplanarMaterials=52 §MAXQ_FRAME_BUDGET taa=8 ao=12 (bake budget — Alt+S stills are unaffected)
19:23:19.859 + 3309.9s §CLAIM §STILL_REFINE start samples=8 triplanarMaterials=52 §MAXQ_FRAME_BUDGET taa=8 ao=12 (bake budget — Alt+S stills are unaffected)
19:23:19.859 + 3309.9s §CLAIM §STILL_REFINE start samples=8 triplanarMaterials=52 §MAXQ_FRAME_BUDGET taa=8 ao=12 (bake budget — Alt+S stills are unaffected)
19:23:19.859 + 3309.9s §CLAIM §STILL_REFINE start samples=8 triplanarMaterials=52 §MAXQ_FRAME_BUDGET taa=8 ao=12 (bake budget — Alt+S stills are unaffected)
19:23:19.859 + 3309.9s §CLAIM §STILL_REFINE start samples=8 triplanarMaterials=52 §MAXQ_FRAME_BUDGET taa=8 ao=12 (bake budget — Alt+S stills are unaffected)
19:23:19.859 + 3309.9s §CLAIM §STILL_REFINE start samples=8 triplanarMaterials=52 §MAXQ_FRAME_BUDGET taa=8 ao=12 (bake budget — Alt+S stills are unaffected)
19:23:19.859 + 3309.9s §CLAIM §STILL_REFINE start samples=8 triplanarMaterials=52 §MAXQ_FRAME_BUDGET taa=8 ao=12 (bake budget — Alt+S stills are unaffected)
19:23:19.859 + 3309.9s §CLAIM §STILL_REFINE start samples=8 triplanarMaterials=52 §MAXQ_FRAME_BUDGET taa=8 ao=12 (bake budget — Alt+S stills are unaffected)
19:23:19.859 + 3309.9s §CLAIM §STILL_REFINE start samples=8 triplanarMaterials=52 §MAXQ_FRAME_BUDGET taa=8 ao=12 (bake budget — Alt+S stills are unaffected)
19:23:19.859 + 3309.9s §CLAIM §STILL_REFINE start samples=8 triplanarMaterials=52 §MAXQ_FRAME_BUDGET taa=8 ao=12 (bake budget — Alt+S stills are unaffected)
19:23:19.859 + 3309.9s §CLAIM §STILL_REFINE start samples=8 triplanarMaterials=52 §MAXQ_FRAME_BUDGET taa=8 ao=12 (bake budget — Alt+S stills are unaffected)
19:23:19.859 + 3309.9s §CLAIM §STILL_REFINE start samples=8 triplanarMaterials=52 §MAXQ_FRAME_BUDGET taa=8 ao=12 (bake budget — Alt+S stills are unaffected)
19:23:19.859 + 3309.9s §CLAIM §STILL_REFINE start samples=8 triplanarMaterials=52 §MAXQ_FRAME_BUDGET taa=8 ao=12 (bake budget — Alt+S stills are unaffected)
19:23:19.859 + 3309.9s §CLAIM §STILL_REFINE start samples=8 triplanarMaterials=52 §MAXQ_FRAME_BUDGET taa=8 ao=12 (bake budget — Alt+S stills are unaffected)
19:23:19.859 + 3309.9s §CLAIM §STILL_REFINE start samples=8 triplanarMaterials=52 §MAXQ_FRAME_BUDGET taa=8 ao=12 (bake budget — Alt+S stills are unaffected)
19:23:19.859 + 3309.9s §CLAIM §STILL_REFINE start samples=8 triplanarMaterials=52 §MAXQ_FRAME_BUDGET taa=8 ao=12 (bake budget — Alt+S stills are unaffected)
19:23:19.859 + 3309.9s §CLAIM §STILL_REFINE start samples=8 triplanarMaterials=52 §MAXQ_FRAME_BUDGET taa=8 ao=12 (bake budget — Alt+S stills are unaffected)
19:23:19.859 + 3309.9s §CLAIM §STILL_REFINE start samples=8 triplanarMaterials=52 §MAXQ_FRAME_BUDGET taa=8 ao=12 (bake budget — Alt+S stills are unaffected)
19:23:19.859 + 3309.9s §CLAIM §STILL_REFINE start samples=8 triplanarMaterials=52 §MAXQ_FRAME_BUDGET taa=8 ao=12 (bake budget — Alt+S stills are unaffected)
19:23:19.859 + 3309.9s §CLAIM §STILL_REFINE start samples=8 triplanarMaterials=52 §MAXQ_FRAME_BUDGET taa=8 ao=12 (bake budget — Alt+S stills are unaffected)
19:23:19.859 + 3309.9s §CLAIM §STILL_REFINE start samples=8 triplanarMaterials=52 §MAXQ_FRAME_BUDGET taa=8 ao=12 (bake budget — Alt+S stills are unaffected)
19:23:19.859 + 3309.9s §CLAIM §STILL_REFINE start samples=8 triplanarMaterials=52 §MAXQ_FRAME_BUDGET taa=8 ao=12 (bake budget — Alt+S stills are unaffected)
19:23:19.859 + 3309.9s §CLAIM §STILL_REFINE start samples=8 triplanarMaterials=52 §MAXQ_FRAME_BUDGET taa=8 ao=12 (bake budget — Alt+S stills are unaffected)
19:23:19.859 + 3309.9s §CLAIM §STILL_REFINE start samples=8 triplanarMaterials=52 §MAXQ_FRAME_BUDGET taa=8 ao=12 (bake budget — Alt+S stills are unaffected)
19:23:19.860 + 3309.9s §CLAIM §STILL_REFINE start samples=8 triplanarMaterials=52 §MAXQ_FRAME_BUDGET taa=8 ao=12 (bake budget — Alt+S stills are unaffected)
19:23:19.860 + 3309.9s §CLAIM §STILL_REFINE start samples=8 triplanarMaterials=52 §MAXQ_FRAME_BUDGET taa=8 ao=12 (bake budget — Alt+S stills are unaffected)
19:23:19.860 + 3309.9s §CLAIM §STILL_REFINE start samples=8 triplanarMaterials=52 §MAXQ_FRAME_BUDGET taa=8 ao=12 (bake budget — Alt+S stills are unaffected)
19:23:19.860 + 3309.9s §CLAIM §STILL_REFINE start samples=8 triplanarMaterials=52 §MAXQ_FRAME_BUDGET taa=8 ao=12 (bake budget — Alt+S stills are unaffected)
19:23:19.860 + 3309.9s §CLAIM §STILL_REFINE start samples=8 triplanarMaterials=52 §MAXQ_FRAME_BUDGET taa=8 ao=12 (bake budget — Alt+S stills are unaffected)
19:23:19.860 + 3309.9s §CLAIM §STILL_REFINE start samples=8 triplanarMaterials=52 §MAXQ_FRAME_BUDGET taa=8 ao=12 (bake budget — Alt+S stills are unaffected)
19:23:19.860 + 3309.9s §CLAIM §STILL_REFINE start samples=8 triplanarMaterials=52 §MAXQ_FRAME_BUDGET taa=8 ao=12 (bake budget — Alt+S stills are unaffected)
19:23:19.860 + 3309.9s §CLAIM §STILL_REFINE start samples=8 triplanarMaterials=52 §MAXQ_FRAME_BUDGET taa=8 ao=12 (bake budget — Alt+S stills are unaffected)
19:23:19.860 + 3309.9s §CLAIM §STILL_REFINE start samples=8 triplanarMaterials=52 §MAXQ_FRAME_BUDGET taa=8 ao=12 (bake budget — Alt+S stills are unaffected)
19:23:19.860 + 3309.9s §CLAIM §STILL_REFINE start samples=8 triplanarMaterials=52 §MAXQ_FRAME_BUDGET taa=8 ao=12 (bake budget — Alt+S stills are unaffected)
19:23:19.860 + 3309.9s §CLAIM §STILL_REFINE start samples=8 triplanarMaterials=52 §MAXQ_FRAME_BUDGET taa=8 ao=12 (bake budget — Alt+S stills are unaffected)
19:23:19.860 + 3309.9s §CLAIM §STILL_REFINE start samples=8 triplanarMaterials=52 §MAXQ_FRAME_BUDGET taa=8 ao=12 (bake budget — Alt+S stills are unaffected)
19:23:19.860 + 3309.9s §CLAIM §STILL_REFINE start samples=8 triplanarMaterials=52 §MAXQ_FRAME_BUDGET taa=8 ao=12 (bake budget — Alt+S stills are unaffected)
19:23:19.860 + 3309.9s §CLAIM §STILL_REFINE start samples=8 triplanarMaterials=52 §MAXQ_FRAME_BUDGET taa=8 ao=12 (bake budget — Alt+S stills are unaffected)
19:23:19.860 + 3309.9s §CLAIM §STILL_REFINE start samples=8 triplanarMaterials=52 §MAXQ_FRAME_BUDGET taa=8 ao=12 (bake budget — Alt+S stills are unaffected)
19:23:19.860 + 3309.9s §CLAIM §STILL_REFINE start samples=8 triplanarMaterials=52 §MAXQ_FRAME_BUDGET taa=8 ao=12 (bake budget — Alt+S stills are unaffected)
19:23:19.860 + 3309.9s §CLAIM §STILL_REFINE start samples=8 triplanarMaterials=52 §MAXQ_FRAME_BUDGET taa=8 ao=12 (bake budget — Alt+S stills are unaffected)
19:23:19.860 + 3309.9s §CLAIM §STILL_REFINE start samples=8 triplanarMaterials=52 §MAXQ_FRAME_BUDGET taa=8 ao=12 (bake budget — Alt+S stills are unaffected)
19:23:19.860 + 3309.9s §CLAIM §STILL_REFINE start samples=8 triplanarMaterials=52 §MAXQ_FRAME_BUDGET taa=8 ao=12 (bake budget — Alt+S stills are unaffected)
19:23:19.860 + 3309.9s §CLAIM §STILL_REFINE start samples=8 triplanarMaterials=52 §MAXQ_FRAME_BUDGET taa=8 ao=12 (bake budget — Alt+S stills are unaffected)
19:23:19.860 + 3309.9s §CLAIM §STILL_REFINE start samples=8 triplanarMaterials=52 §MAXQ_FRAME_BUDGET taa=8 ao=12 (bake budget — Alt+S stills are unaffected)
19:23:19.860 + 3309.9s §CLAIM §STILL_REFINE start samples=8 triplanarMaterials=52 §MAXQ_FRAME_BUDGET taa=8 ao=12 (bake budget — Alt+S stills are unaffected)
19:23:19.860 + 3309.9s §CLAIM §STILL_REFINE start samples=8 triplanarMaterials=52 §MAXQ_FRAME_BUDGET taa=8 ao=12 (bake budget — Alt+S stills are unaffected)
19:23:19.860 + 3309.9s §CLAIM §STILL_REFINE start samples=8 triplanarMaterials=52 §MAXQ_FRAME_BUDGET taa=8 ao=12 (bake budget — Alt+S stills are unaffected)
19:23:19.860 + 3309.9s §CLAIM §STILL_REFINE start samples=8 triplanarMaterials=52 §MAXQ_FRAME_BUDGET taa=8 ao=12 (bake budget — Alt+S stills are unaffected)
19:23:19.860 + 3309.9s §CLAIM §STILL_REFINE start samples=8 triplanarMaterials=52 §MAXQ_FRAME_BUDGET taa=8 ao=12 (bake budget — Alt+S stills are unaffected)
19:23:19.860 + 3309.9s §CLAIM §STILL_REFINE start samples=8 triplanarMaterials=52 §MAXQ_FRAME_BUDGET taa=8 ao=12 (bake budget — Alt+S stills are unaffected)
19:23:19.860 + 3309.9s §CLAIM §STILL_REFINE start samples=8 triplanarMaterials=52 §MAXQ_FRAME_BUDGET taa=8 ao=12 (bake budget — Alt+S stills are unaffected)
19:23:19.860 + 3309.9s §CLAIM §STILL_REFINE start samples=8 triplanarMaterials=52 §MAXQ_FRAME_BUDGET taa=8 ao=12 (bake budget — Alt+S stills are unaffected)
19:23:19.860 + 3309.9s §CLAIM §STILL_REFINE start samples=8 triplanarMaterials=52 §MAXQ_FRAME_BUDGET taa=8 ao=12 (bake budget — Alt+S stills are unaffected)
19:23:19.860 + 3309.9s §CLAIM §STILL_REFINE start samples=8 triplanarMaterials=52 §MAXQ_FRAME_BUDGET taa=8 ao=12 (bake budget — Alt+S stills are unaffected)
19:23:19.860 + 3309.9s §CLAIM §STILL_REFINE start samples=8 triplanarMaterials=52 §MAXQ_FRAME_BUDGET taa=8 ao=12 (bake budget — Alt+S stills are unaffected)
19:23:19.860 + 3309.9s §CLAIM §STILL_REFINE start samples=8 triplanarMaterials=52 §MAXQ_FRAME_BUDGET taa=8 ao=12 (bake budget — Alt+S stills are unaffected)
19:23:19.860 + 3309.9s §CLAIM §STILL_REFINE start samples=8 triplanarMaterials=52 §MAXQ_FRAME_BUDGET taa=8 ao=12 (bake budget — Alt+S stills are unaffected)
19:23:19.860 + 3309.9s §CLAIM §STILL_REFINE start samples=8 triplanarMaterials=52 §MAXQ_FRAME_BUDGET taa=8 ao=12 (bake budget — Alt+S stills are unaffected)
19:23:19.860 + 3309.9s §CLAIM §STILL_REFINE start samples=8 triplanarMaterials=52 §MAXQ_FRAME_BUDGET taa=8 ao=12 (bake budget — Alt+S stills are unaffected)
19:23:19.860 + 3309.9s §CLAIM §STILL_REFINE start samples=8 triplanarMaterials=52 §MAXQ_FRAME_BUDGET taa=8 ao=12 (bake budget — Alt+S stills are unaffected)
19:23:19.860 + 3309.9s §CLAIM §STILL_REFINE start samples=8 triplanarMaterials=52 §MAXQ_FRAME_BUDGET taa=8 ao=12 (bake budget — Alt+S stills are unaffected)
19:23:19.860 + 3309.9s §CLAIM §STILL_REFINE start samples=8 triplanarMaterials=52 §MAXQ_FRAME_BUDGET taa=8 ao=12 (bake budget — Alt+S stills are unaffected)
19:23:19.860 + 3309.9s §CLAIM §STILL_REFINE start samples=8 triplanarMaterials=52 §MAXQ_FRAME_BUDGET taa=8 ao=12 (bake budget — Alt+S stills are unaffected)
19:23:19.860 + 3309.9s §CLAIM §STILL_REFINE start samples=8 triplanarMaterials=52 §MAXQ_FRAME_BUDGET taa=8 ao=12 (bake budget — Alt+S stills are unaffected)
19:23:19.860 + 3309.9s §CLAIM §STILL_REFINE start samples=8 triplanarMaterials=52 §MAXQ_FRAME_BUDGET taa=8 ao=12 (bake budget — Alt+S stills are unaffected)
19:23:19.860 + 3309.9s §CLAIM §STILL_REFINE start samples=8 triplanarMaterials=52 §MAXQ_FRAME_BUDGET taa=8 ao=12 (bake budget — Alt+S stills are unaffected)
19:23:19.860 + 3309.9s §CLAIM §STILL_REFINE start samples=8 triplanarMaterials=52 §MAXQ_FRAME_BUDGET taa=8 ao=12 (bake budget — Alt+S stills are unaffected)
19:23:19.860 + 3309.9s §CLAIM §STILL_REFINE start samples=8 triplanarMaterials=52 §MAXQ_FRAME_BUDGET taa=8 ao=12 (bake budget — Alt+S stills are unaffected)
19:23:19.860 + 3309.9s §CLAIM §STILL_REFINE start samples=8 triplanarMaterials=52 §MAXQ_FRAME_BUDGET taa=8 ao=12 (bake budget — Alt+S stills are unaffected)
19:23:19.860 + 3309.9s §CLAIM §STILL_REFINE start samples=8 triplanarMaterials=52 §MAXQ_FRAME_BUDGET taa=8 ao=12 (bake budget — Alt+S stills are unaffected)
19:23:19.860 + 3309.9s §CLAIM §STILL_REFINE start samples=8 triplanarMaterials=52 §MAXQ_FRAME_BUDGET taa=8 ao=12 (bake budget — Alt+S stills are unaffected)
19:23:19.860 + 3309.9s §CLAIM §STILL_REFINE start samples=8 triplanarMaterials=52 §MAXQ_FRAME_BUDGET taa=8 ao=12 (bake budget — Alt+S stills are unaffected)
19:23:19.860 + 3309.9s §CLAIM §STILL_REFINE start samples=8 triplanarMaterials=52 §MAXQ_FRAME_BUDGET taa=8 ao=12 (bake budget — Alt+S stills are unaffected)
19:23:19.860 + 3309.9s §CLAIM §STILL_REFINE start samples=8 triplanarMaterials=52 §MAXQ_FRAME_BUDGET taa=8 ao=12 (bake budget — Alt+S stills are unaffected)
19:23:19.860 + 3309.9s §CLAIM §STILL_REFINE start samples=8 triplanarMaterials=52 §MAXQ_FRAME_BUDGET taa=8 ao=12 (bake budget — Alt+S stills are unaffected)
19:23:19.860 + 3309.9s §CLAIM §STILL_REFINE start samples=8 triplanarMaterials=52 §MAXQ_FRAME_BUDGET taa=8 ao=12 (bake budget — Alt+S stills are unaffected)
19:23:19.860 + 3309.9s §CLAIM §STILL_REFINE start samples=8 triplanarMaterials=52 §MAXQ_FRAME_BUDGET taa=8 ao=12 (bake budget — Alt+S stills are unaffected)
19:23:19.860 + 3309.9s §CLAIM §STILL_REFINE start samples=8 triplanarMaterials=52 §MAXQ_FRAME_BUDGET taa=8 ao=12 (bake budget — Alt+S stills are unaffected)
19:23:19.860 + 3309.9s §CLAIM §STILL_REFINE start samples=8 triplanarMaterials=52 §MAXQ_FRAME_BUDGET taa=8 ao=12 (bake budget — Alt+S stills are unaffected)
19:23:19.860 + 3309.9s §CLAIM §STILL_REFINE start samples=8 triplanarMaterials=52 §MAXQ_FRAME_BUDGET taa=8 ao=12 (bake budget — Alt+S stills are unaffected)
19:23:19.860 + 3309.9s §CLAIM §STILL_REFINE start samples=8 triplanarMaterials=52 §MAXQ_FRAME_BUDGET taa=8 ao=12 (bake budget — Alt+S stills are unaffected)
19:23:19.860 + 3309.9s §CLAIM §STILL_REFINE start samples=8 triplanarMaterials=52 §MAXQ_FRAME_BUDGET taa=8 ao=12 (bake budget — Alt+S stills are unaffected)
19:23:19.860 + 3309.9s §CLAIM §STILL_REFINE start samples=8 triplanarMaterials=52 §MAXQ_FRAME_BUDGET taa=8 ao=12 (bake budget — Alt+S stills are unaffected)
19:23:19.860 + 3309.9s §CLAIM §STILL_REFINE start samples=8 triplanarMaterials=52 §MAXQ_FRAME_BUDGET taa=8 ao=12 (bake budget — Alt+S stills are unaffected)
19:23:19.860 + 3309.9s §CLAIM §STILL_REFINE start samples=8 triplanarMaterials=52 §MAXQ_FRAME_BUDGET taa=8 ao=12 (bake budget — Alt+S stills are unaffected)
19:23:19.860 + 3309.9s §CLAIM §STILL_REFINE start samples=8 triplanarMaterials=52 §MAXQ_FRAME_BUDGET taa=8 ao=12 (bake budget — Alt+S stills are unaffected)
19:23:19.860 + 3309.9s §CLAIM §STILL_REFINE start samples=8 triplanarMaterials=52 §MAXQ_FRAME_BUDGET taa=8 ao=12 (bake budget — Alt+S stills are unaffected)
19:23:19.860 + 3309.9s §CLAIM §STILL_REFINE start samples=8 triplanarMaterials=52 §MAXQ_FRAME_BUDGET taa=8 ao=12 (bake budget — Alt+S stills are unaffected)
19:23:19.860 + 3309.9s §CLAIM §STILL_REFINE start samples=8 triplanarMaterials=52 §MAXQ_FRAME_BUDGET taa=8 ao=12 (bake budget — Alt+S stills are unaffected)
19:23:19.860 + 3309.9s §CLAIM §STILL_REFINE start samples=8 triplanarMaterials=52 §MAXQ_FRAME_BUDGET taa=8 ao=12 (bake budget — Alt+S stills are unaffected)
19:23:19.860 + 3309.9s §CLAIM §STILL_REFINE start samples=8 triplanarMaterials=52 §MAXQ_FRAME_BUDGET taa=8 ao=12 (bake budget — Alt+S stills are unaffected)
19:23:19.860 + 3309.9s §CLAIM §STILL_REFINE start samples=8 triplanarMaterials=52 §MAXQ_FRAME_BUDGET taa=8 ao=12 (bake budget — Alt+S stills are unaffected)
19:23:19.860 + 3309.9s §CLAIM §STILL_REFINE start samples=8 triplanarMaterials=52 §MAXQ_FRAME_BUDGET taa=8 ao=12 (bake budget — Alt+S stills are unaffected)
19:23:19.860 + 3309.9s §CLAIM §STILL_REFINE start samples=8 triplanarMaterials=52 §MAXQ_FRAME_BUDGET taa=8 ao=12 (bake budget — Alt+S stills are unaffected)
19:23:19.860 + 3309.9s §CLAIM §STILL_REFINE start samples=8 triplanarMaterials=52 §MAXQ_FRAME_BUDGET taa=8 ao=12 (bake budget — Alt+S stills are unaffected)
19:23:19.860 + 3309.9s §CLAIM §STILL_REFINE start samples=8 triplanarMaterials=52 §MAXQ_FRAME_BUDGET taa=8 ao=12 (bake budget — Alt+S stills are unaffected)
19:23:19.860 + 3309.9s §CLAIM §STILL_REFINE start samples=8 triplanarMaterials=52 §MAXQ_FRAME_BUDGET taa=8 ao=12 (bake budget — Alt+S stills are unaffected)
19:23:19.860 + 3309.9s §CLAIM §STILL_REFINE start samples=8 triplanarMaterials=52 §MAXQ_FRAME_BUDGET taa=8 ao=12 (bake budget — Alt+S stills are unaffected)
19:23:19.860 + 3309.9s §CLAIM §STILL_REFINE start samples=8 triplanarMaterials=52 §MAXQ_FRAME_BUDGET taa=8 ao=12 (bake budget — Alt+S stills are unaffected)
19:23:19.860 + 3309.9s §CLAIM §STILL_REFINE start samples=8 triplanarMaterials=52 §MAXQ_FRAME_BUDGET taa=8 ao=12 (bake budget — Alt+S stills are unaffected)
19:23:19.860 + 3309.9s §CLAIM §STILL_REFINE start samples=8 triplanarMaterials=52 §MAXQ_FRAME_BUDGET taa=8 ao=12 (bake budget — Alt+S stills are unaffected)
19:23:19.860 + 3309.9s §CLAIM §STILL_REFINE start samples=8 triplanarMaterials=52 §MAXQ_FRAME_BUDGET taa=8 ao=12 (bake budget — Alt+S stills are unaffected)
19:23:19.860 + 3309.9s §CLAIM §STILL_REFINE start samples=8 triplanarMaterials=52 §MAXQ_FRAME_BUDGET taa=8 ao=12 (bake budget — Alt+S stills are unaffected)
19:23:19.860 + 3309.9s §CLAIM §STILL_REFINE start samples=8 triplanarMaterials=52 §MAXQ_FRAME_BUDGET taa=8 ao=12 (bake budget — Alt+S stills are unaffected)
19:23:19.860 + 3309.9s §CLAIM §STILL_REFINE start samples=8 triplanarMaterials=52 §MAXQ_FRAME_BUDGET taa=8 ao=12 (bake budget — Alt+S stills are unaffected)
19:23:19.860 + 3309.9s §CLAIM §STILL_REFINE start samples=8 triplanarMaterials=52 §MAXQ_FRAME_BUDGET taa=8 ao=12 (bake budget — Alt+S stills are unaffected)
19:23:19.860 + 3309.9s §CLAIM §STILL_REFINE start samples=8 triplanarMaterials=52 §MAXQ_FRAME_BUDGET taa=8 ao=12 (bake budget — Alt+S stills are unaffected)
19:23:19.860 + 3309.9s §CLAIM §STILL_REFINE start samples=8 triplanarMaterials=52 §MAXQ_FRAME_BUDGET taa=8 ao=12 (bake budget — Alt+S stills are unaffected)
19:23:19.860 + 3309.9s §CLAIM §STILL_REFINE start samples=8 triplanarMaterials=52 §MAXQ_FRAME_BUDGET taa=8 ao=12 (bake budget — Alt+S stills are unaffected)
19:23:19.860 + 3309.9s §CLAIM §STILL_REFINE start samples=8 triplanarMaterials=52 §MAXQ_FRAME_BUDGET taa=8 ao=12 (bake budget — Alt+S stills are unaffected)
19:23:19.860 + 3309.9s §CLAIM §STILL_REFINE start samples=8 triplanarMaterials=52 §MAXQ_FRAME_BUDGET taa=8 ao=12 (bake budget — Alt+S stills are unaffected)
19:23:19.860 + 3309.9s §CLAIM §STILL_REFINE start samples=8 triplanarMaterials=52 §MAXQ_FRAME_BUDGET taa=8 ao=12 (bake budget — Alt+S stills are unaffected)
19:23:19.860 + 3309.9s §CLAIM §STILL_REFINE start samples=8 triplanarMaterials=52 §MAXQ_FRAME_BUDGET taa=8 ao=12 (bake budget — Alt+S stills are unaffected)
19:23:19.860 + 3309.9s §CLAIM §STILL_REFINE start samples=8 triplanarMaterials=52 §MAXQ_FRAME_BUDGET taa=8 ao=12 (bake budget — Alt+S stills are unaffected)
19:23:19.860 + 3309.9s §CLAIM §STILL_REFINE start samples=8 triplanarMaterials=52 §MAXQ_FRAME_BUDGET taa=8 ao=12 (bake budget — Alt+S stills are unaffected)
19:23:19.860 + 3309.9s §CLAIM §STILL_REFINE start samples=8 triplanarMaterials=52 §MAXQ_FRAME_BUDGET taa=8 ao=12 (bake budget — Alt+S stills are unaffected)
19:23:19.860 + 3309.9s §CLAIM §STILL_REFINE start samples=8 triplanarMaterials=52 §MAXQ_FRAME_BUDGET taa=8 ao=12 (bake budget — Alt+S stills are unaffected)
19:23:19.860 + 3309.9s §CLAIM §STILL_REFINE start samples=8 triplanarMaterials=52 §MAXQ_FRAME_BUDGET taa=8 ao=12 (bake budget — Alt+S stills are unaffected)
19:23:19.860 + 3309.9s §CLAIM §STILL_REFINE start samples=8 triplanarMaterials=52 §MAXQ_FRAME_BUDGET taa=8 ao=12 (bake budget — Alt+S stills are unaffected)
19:23:19.860 + 3309.9s §CLAIM §STILL_REFINE start samples=8 triplanarMaterials=52 §MAXQ_FRAME_BUDGET taa=8 ao=12 (bake budget — Alt+S stills are unaffected)
19:23:19.860 + 3309.9s §CLAIM §STILL_REFINE start samples=8 triplanarMaterials=52 §MAXQ_FRAME_BUDGET taa=8 ao=12 (bake budget — Alt+S stills are unaffected)
19:23:19.860 + 3309.9s §CLAIM §STILL_REFINE start samples=8 triplanarMaterials=52 §MAXQ_FRAME_BUDGET taa=8 ao=12 (bake budget — Alt+S stills are unaffected)
19:23:19.860 + 3309.9s §CLAIM §STILL_REFINE start samples=8 triplanarMaterials=52 §MAXQ_FRAME_BUDGET taa=8 ao=12 (bake budget — Alt+S stills are unaffected)
19:23:19.860 + 3309.9s §CLAIM §STILL_REFINE start samples=8 triplanarMaterials=52 §MAXQ_FRAME_BUDGET taa=8 ao=12 (bake budget — Alt+S stills are unaffected)
19:23:19.860 + 3309.9s §CLAIM §STILL_REFINE start samples=8 triplanarMaterials=52 §MAXQ_FRAME_BUDGET taa=8 ao=12 (bake budget — Alt+S stills are unaffected)
19:23:19.860 + 3309.9s §CLAIM §STILL_REFINE start samples=8 triplanarMaterials=52 §MAXQ_FRAME_BUDGET taa=8 ao=12 (bake budget — Alt+S stills are unaffected)
19:23:19.860 + 3309.9s §CLAIM §STILL_REFINE start samples=8 triplanarMaterials=52 §MAXQ_FRAME_BUDGET taa=8 ao=12 (bake budget — Alt+S stills are unaffected)
19:23:19.860 + 3309.9s §CLAIM §STILL_REFINE start samples=8 triplanarMaterials=52 §MAXQ_FRAME_BUDGET taa=8 ao=12 (bake budget — Alt+S stills are unaffected)
19:23:19.860 + 3309.9s §CLAIM §STILL_REFINE start samples=8 triplanarMaterials=52 §MAXQ_FRAME_BUDGET taa=8 ao=12 (bake budget — Alt+S stills are unaffected)
19:23:19.860 + 3309.9s §CLAIM §STILL_REFINE start samples=8 triplanarMaterials=52 §MAXQ_FRAME_BUDGET taa=8 ao=12 (bake budget — Alt+S stills are unaffected)
19:23:19.860 + 3309.9s §CLAIM §STILL_REFINE start samples=8 triplanarMaterials=52 §MAXQ_FRAME_BUDGET taa=8 ao=12 (bake budget — Alt+S stills are unaffected)
19:23:19.860 + 3309.9s §CLAIM §STILL_REFINE start samples=8 triplanarMaterials=52 §MAXQ_FRAME_BUDGET taa=8 ao=12 (bake budget — Alt+S stills are unaffected)
19:23:19.860 + 3309.9s §CLAIM §STILL_REFINE start samples=8 triplanarMaterials=52 §MAXQ_FRAME_BUDGET taa=8 ao=12 (bake budget — Alt+S stills are unaffected)
19:23:19.860 + 3309.9s §CLAIM §STILL_REFINE start samples=8 triplanarMaterials=52 §MAXQ_FRAME_BUDGET taa=8 ao=12 (bake budget — Alt+S stills are unaffected)
19:23:19.860 + 3309.9s §CLAIM §STILL_REFINE start samples=8 triplanarMaterials=52 §MAXQ_FRAME_BUDGET taa=8 ao=12 (bake budget — Alt+S stills are unaffected)
19:23:19.860 + 3309.9s §CLAIM §STILL_REFINE start samples=8 triplanarMaterials=52 §MAXQ_FRAME_BUDGET taa=8 ao=12 (bake budget — Alt+S stills are unaffected)
19:23:19.860 + 3309.9s §CLAIM §STILL_REFINE start samples=8 triplanarMaterials=52 §MAXQ_FRAME_BUDGET taa=8 ao=12 (bake budget — Alt+S stills are unaffected)
19:23:19.860 + 3309.9s §CLAIM §STILL_REFINE start samples=8 triplanarMaterials=52 §MAXQ_FRAME_BUDGET taa=8 ao=12 (bake budget — Alt+S stills are unaffected)
19:23:19.860 + 3309.9s §CLAIM §STILL_REFINE start samples=8 triplanarMaterials=52 §MAXQ_FRAME_BUDGET taa=8 ao=12 (bake budget — Alt+S stills are unaffected)
19:23:19.860 + 3309.9s §CLAIM §STILL_REFINE start samples=8 triplanarMaterials=52 §MAXQ_FRAME_BUDGET taa=8 ao=12 (bake budget — Alt+S stills are unaffected)
19:23:19.860 + 3309.9s §CLAIM §STILL_REFINE start samples=8 triplanarMaterials=52 §MAXQ_FRAME_BUDGET taa=8 ao=12 (bake budget — Alt+S stills are unaffected)
19:23:19.860 + 3309.9s §CLAIM §STILL_REFINE start samples=8 triplanarMaterials=52 §MAXQ_FRAME_BUDGET taa=8 ao=12 (bake budget — Alt+S stills are unaffected)
19:23:19.860 + 3309.9s §CLAIM §STILL_REFINE start samples=8 triplanarMaterials=52 §MAXQ_FRAME_BUDGET taa=8 ao=12 (bake budget — Alt+S stills are unaffected)
19:23:19.860 + 3309.9s §CLAIM §STILL_REFINE start samples=8 triplanarMaterials=52 §MAXQ_FRAME_BUDGET taa=8 ao=12 (bake budget — Alt+S stills are unaffected)
19:23:19.860 + 3309.9s §CLAIM §STILL_REFINE start samples=8 triplanarMaterials=52 §MAXQ_FRAME_BUDGET taa=8 ao=12 (bake budget — Alt+S stills are unaffected)
19:23:19.860 + 3309.9s §CLAIM §STILL_REFINE start samples=8 triplanarMaterials=52 §MAXQ_FRAME_BUDGET taa=8 ao=12 (bake budget — Alt+S stills are unaffected)
19:23:19.860 + 3309.9s §CLAIM §STILL_REFINE start samples=8 triplanarMaterials=52 §MAXQ_FRAME_BUDGET taa=8 ao=12 (bake budget — Alt+S stills are unaffected)
19:23:19.860 + 3309.9s §CLAIM §STILL_REFINE start samples=8 triplanarMaterials=52 §MAXQ_FRAME_BUDGET taa=8 ao=12 (bake budget — Alt+S stills are unaffected)
19:23:19.860 + 3309.9s §CLAIM §STILL_REFINE start samples=8 triplanarMaterials=52 §MAXQ_FRAME_BUDGET taa=8 ao=12 (bake budget — Alt+S stills are unaffected)
19:23:19.860 + 3309.9s §CLAIM §STILL_REFINE start samples=8 triplanarMaterials=52 §MAXQ_FRAME_BUDGET taa=8 ao=12 (bake budget — Alt+S stills are unaffected)
19:23:19.860 + 3309.9s §CLAIM §STILL_REFINE start samples=8 triplanarMaterials=52 §MAXQ_FRAME_BUDGET taa=8 ao=12 (bake budget — Alt+S stills are unaffected)
19:23:19.860 + 3309.9s §CLAIM §STILL_REFINE start samples=8 triplanarMaterials=52 §MAXQ_FRAME_BUDGET taa=8 ao=12 (bake budget — Alt+S stills are unaffected)
19:23:19.860 + 3309.9s §CLAIM §STILL_REFINE start samples=8 triplanarMaterials=52 §MAXQ_FRAME_BUDGET taa=8 ao=12 (bake budget — Alt+S stills are unaffected)
19:23:19.860 + 3309.9s §CLAIM §STILL_REFINE start samples=8 triplanarMaterials=52 §MAXQ_FRAME_BUDGET taa=8 ao=12 (bake budget — Alt+S stills are unaffected)
19:23:19.860 + 3309.9s §CLAIM §STILL_REFINE start samples=8 triplanarMaterials=52 §MAXQ_FRAME_BUDGET taa=8 ao=12 (bake budget — Alt+S stills are unaffected)
19:23:19.860 + 3309.9s §CLAIM §STILL_REFINE start samples=8 triplanarMaterials=52 §MAXQ_FRAME_BUDGET taa=8 ao=12 (bake budget — Alt+S stills are unaffected)
19:23:19.860 + 3309.9s §CLAIM §STILL_REFINE start samples=8 triplanarMaterials=52 §MAXQ_FRAME_BUDGET taa=8 ao=12 (bake budget — Alt+S stills are unaffected)
19:23:19.860 + 3309.9s §CLAIM §STILL_REFINE start samples=8 triplanarMaterials=52 §MAXQ_FRAME_BUDGET taa=8 ao=12 (bake budget — Alt+S stills are unaffected)
19:23:19.860 + 3309.9s §CLAIM §STILL_REFINE start samples=8 triplanarMaterials=52 §MAXQ_FRAME_BUDGET taa=8 ao=12 (bake budget — Alt+S stills are unaffected)
19:23:19.860 + 3309.9s §CLAIM §STILL_REFINE start samples=8 triplanarMaterials=52 §MAXQ_FRAME_BUDGET taa=8 ao=12 (bake budget — Alt+S stills are unaffected)
19:23:19.860 + 3309.9s §CLAIM §STILL_REFINE start samples=8 triplanarMaterials=52 §MAXQ_FRAME_BUDGET taa=8 ao=12 (bake budget — Alt+S stills are unaffected)
19:23:19.860 + 3309.9s §CLAIM §STILL_REFINE start samples=8 triplanarMaterials=52 §MAXQ_FRAME_BUDGET taa=8 ao=12 (bake budget — Alt+S stills are unaffected)
19:23:19.860 + 3309.9s §CLAIM §STILL_REFINE start samples=8 triplanarMaterials=52 §MAXQ_FRAME_BUDGET taa=8 ao=12 (bake budget — Alt+S stills are unaffected)
19:23:19.860 + 3309.9s §CLAIM §STILL_REFINE start samples=8 triplanarMaterials=52 §MAXQ_FRAME_BUDGET taa=8 ao=12 (bake budget — Alt+S stills are unaffected)
19:23:19.860 + 3309.9s §CLAIM §STILL_REFINE start samples=8 triplanarMaterials=52 §MAXQ_FRAME_BUDGET taa=8 ao=12 (bake budget — Alt+S stills are unaffected)
19:23:19.860 + 3309.9s §CLAIM §STILL_REFINE start samples=8 triplanarMaterials=52 §MAXQ_FRAME_BUDGET taa=8 ao=12 (bake budget — Alt+S stills are unaffected)
19:23:19.860 + 3309.9s §CLAIM §STILL_REFINE start samples=8 triplanarMaterials=52 §MAXQ_FRAME_BUDGET taa=8 ao=12 (bake budget — Alt+S stills are unaffected)
19:23:19.860 + 3309.9s §CLAIM §STILL_REFINE start samples=8 triplanarMaterials=52 §MAXQ_FRAME_BUDGET taa=8 ao=12 (bake budget — Alt+S stills are unaffected)
19:23:19.860 + 3309.9s §CLAIM §STILL_REFINE start samples=8 triplanarMaterials=52 §MAXQ_FRAME_BUDGET taa=8 ao=12 (bake budget — Alt+S stills are unaffected)
19:23:19.860 + 3309.9s §CLAIM §STILL_REFINE start samples=8 triplanarMaterials=52 §MAXQ_FRAME_BUDGET taa=8 ao=12 (bake budget — Alt+S stills are unaffected)
19:23:19.860 + 3309.9s §CLAIM §STILL_REFINE start samples=8 triplanarMaterials=52 §MAXQ_FRAME_BUDGET taa=8 ao=12 (bake budget — Alt+S stills are unaffected)
19:23:19.861 + 3309.9s §CLAIM §STILL_REFINE start samples=8 triplanarMaterials=52 §MAXQ_FRAME_BUDGET taa=8 ao=12 (bake budget — Alt+S stills are unaffected)
19:23:19.861 + 3309.9s §CLAIM §STILL_REFINE start samples=8 triplanarMaterials=52 §MAXQ_FRAME_BUDGET taa=8 ao=12 (bake budget — Alt+S stills are unaffected)
19:23:19.861 + 3309.9s §CLAIM §STILL_REFINE start samples=8 triplanarMaterials=52 §MAXQ_FRAME_BUDGET taa=8 ao=12 (bake budget — Alt+S stills are unaffected)
19:23:19.861 + 3309.9s §CLAIM §STILL_REFINE start samples=8 triplanarMaterials=52 §MAXQ_FRAME_BUDGET taa=8 ao=12 (bake budget — Alt+S stills are unaffected)
19:23:19.861 + 3309.9s §CLAIM §STILL_REFINE start samples=8 triplanarMaterials=52 §MAXQ_FRAME_BUDGET taa=8 ao=12 (bake budget — Alt+S stills are unaffected)
19:23:19.861 + 3309.9s §CLAIM §STILL_REFINE start samples=8 triplanarMaterials=52 §MAXQ_FRAME_BUDGET taa=8 ao=12 (bake budget — Alt+S stills are unaffected)
19:23:19.861 + 3309.9s §CLAIM §STILL_REFINE start samples=8 triplanarMaterials=52 §MAXQ_FRAME_BUDGET taa=8 ao=12 (bake budget — Alt+S stills are unaffected)
19:23:19.861 + 3309.9s §CLAIM §STILL_REFINE start samples=8 triplanarMaterials=52 §MAXQ_FRAME_BUDGET taa=8 ao=12 (bake budget — Alt+S stills are unaffected)
19:23:19.861 + 3309.9s §CLAIM §STILL_REFINE start samples=8 triplanarMaterials=52 §MAXQ_FRAME_BUDGET taa=8 ao=12 (bake budget — Alt+S stills are unaffected)
19:23:19.861 + 3309.9s §CLAIM §STILL_REFINE start samples=8 triplanarMaterials=52 §MAXQ_FRAME_BUDGET taa=8 ao=12 (bake budget — Alt+S stills are unaffected)
19:23:19.861 + 3309.9s §CLAIM §STILL_REFINE start samples=8 triplanarMaterials=52 §MAXQ_FRAME_BUDGET taa=8 ao=12 (bake budget — Alt+S stills are unaffected)
19:23:19.861 + 3309.9s §CLAIM §STILL_REFINE start samples=8 triplanarMaterials=52 §MAXQ_FRAME_BUDGET taa=8 ao=12 (bake budget — Alt+S stills are unaffected)
19:23:19.861 + 3309.9s §CLAIM §STILL_REFINE start samples=8 triplanarMaterials=52 §MAXQ_FRAME_BUDGET taa=8 ao=12 (bake budget — Alt+S stills are unaffected)
19:23:19.861 + 3309.9s §CLAIM §STILL_REFINE start samples=8 triplanarMaterials=52 §MAXQ_FRAME_BUDGET taa=8 ao=12 (bake budget — Alt+S stills are unaffected)
19:23:19.861 + 3309.9s §CLAIM §STILL_REFINE start samples=8 triplanarMaterials=52 §MAXQ_FRAME_BUDGET taa=8 ao=12 (bake budget — Alt+S stills are unaffected)
19:23:19.861 + 3309.9s §CLAIM §STILL_REFINE start samples=8 triplanarMaterials=52 §MAXQ_FRAME_BUDGET taa=8 ao=12 (bake budget — Alt+S stills are unaffected)
19:23:19.861 + 3309.9s §CLAIM §STILL_REFINE start samples=8 triplanarMaterials=52 §MAXQ_FRAME_BUDGET taa=8 ao=12 (bake budget — Alt+S stills are unaffected)
19:23:19.861 + 3309.9s §CLAIM §STILL_REFINE start samples=8 triplanarMaterials=52 §MAXQ_FRAME_BUDGET taa=8 ao=12 (bake budget — Alt+S stills are unaffected)
19:23:19.861 + 3309.9s §CLAIM §STILL_REFINE start samples=8 triplanarMaterials=52 §MAXQ_FRAME_BUDGET taa=8 ao=12 (bake budget — Alt+S stills are unaffected)
19:23:19.861 + 3309.9s §CLAIM §STILL_REFINE start samples=8 triplanarMaterials=52 §MAXQ_FRAME_BUDGET taa=8 ao=12 (bake budget — Alt+S stills are unaffected)
19:23:19.861 + 3309.9s §CLAIM §STILL_REFINE start samples=8 triplanarMaterials=52 §MAXQ_FRAME_BUDGET taa=8 ao=12 (bake budget — Alt+S stills are unaffected)
19:23:19.861 + 3309.9s §CLAIM §STILL_REFINE start samples=8 triplanarMaterials=52 §MAXQ_FRAME_BUDGET taa=8 ao=12 (bake budget — Alt+S stills are unaffected)
19:23:19.861 + 3309.9s §CLAIM §STILL_REFINE start samples=8 triplanarMaterials=52 §MAXQ_FRAME_BUDGET taa=8 ao=12 (bake budget — Alt+S stills are unaffected)
19:23:19.861 + 3309.9s §CLAIM §STILL_REFINE start samples=8 triplanarMaterials=52 §MAXQ_FRAME_BUDGET taa=8 ao=12 (bake budget — Alt+S stills are unaffected)
19:23:19.861 + 3309.9s §CLAIM §STILL_REFINE start samples=8 triplanarMaterials=52 §MAXQ_FRAME_BUDGET taa=8 ao=12 (bake budget — Alt+S stills are unaffected)
19:23:19.861 + 3309.9s §CLAIM §STILL_REFINE start samples=8 triplanarMaterials=52 §MAXQ_FRAME_BUDGET taa=8 ao=12 (bake budget — Alt+S stills are unaffected)
19:23:19.861 + 3309.9s §CLAIM §STILL_REFINE start samples=8 triplanarMaterials=52 §MAXQ_FRAME_BUDGET taa=8 ao=12 (bake budget — Alt+S stills are unaffected)
19:23:19.861 + 3309.9s §CLAIM §STILL_REFINE start samples=8 triplanarMaterials=52 §MAXQ_FRAME_BUDGET taa=8 ao=12 (bake budget — Alt+S stills are unaffected)
19:23:19.861 + 3309.9s §CLAIM §STILL_REFINE start samples=8 triplanarMaterials=52 §MAXQ_FRAME_BUDGET taa=8 ao=12 (bake budget — Alt+S stills are unaffected)
19:23:19.861 + 3309.9s §CLAIM §STILL_REFINE start samples=8 triplanarMaterials=52 §MAXQ_FRAME_BUDGET taa=8 ao=12 (bake budget — Alt+S stills are unaffected)
19:23:19.861 + 3309.9s §CLAIM §STILL_REFINE start samples=8 triplanarMaterials=52 §MAXQ_FRAME_BUDGET taa=8 ao=12 (bake budget — Alt+S stills are unaffected)
19:23:19.861 + 3309.9s §CLAIM §STILL_REFINE start samples=8 triplanarMaterials=52 §MAXQ_FRAME_BUDGET taa=8 ao=12 (bake budget — Alt+S stills are unaffected)
19:23:19.861 + 3309.9s §CLAIM §STILL_REFINE start samples=8 triplanarMaterials=52 §MAXQ_FRAME_BUDGET taa=8 ao=12 (bake budget — Alt+S stills are unaffected)
19:23:19.861 + 3309.9s §CLAIM §STILL_REFINE start samples=8 triplanarMaterials=52 §MAXQ_FRAME_BUDGET taa=8 ao=12 (bake budget — Alt+S stills are unaffected)
19:23:19.861 + 3309.9s §CLAIM §STILL_REFINE start samples=8 triplanarMaterials=52 §MAXQ_FRAME_BUDGET taa=8 ao=12 (bake budget — Alt+S stills are unaffected)
19:23:19.861 + 3309.9s §CLAIM §STILL_REFINE start samples=8 triplanarMaterials=52 §MAXQ_FRAME_BUDGET taa=8 ao=12 (bake budget — Alt+S stills are unaffected)
19:23:19.861 + 3309.9s §CLAIM §STILL_REFINE start samples=8 triplanarMaterials=52 §MAXQ_FRAME_BUDGET taa=8 ao=12 (bake budget — Alt+S stills are unaffected)
19:23:19.861 + 3309.9s §CLAIM §STILL_REFINE start samples=8 triplanarMaterials=52 §MAXQ_FRAME_BUDGET taa=8 ao=12 (bake budget — Alt+S stills are unaffected)
19:23:19.861 + 3309.9s §CLAIM §STILL_REFINE start samples=8 triplanarMaterials=52 §MAXQ_FRAME_BUDGET taa=8 ao=12 (bake budget — Alt+S stills are unaffected)
19:23:19.861 + 3309.9s §CLAIM §STILL_REFINE start samples=8 triplanarMaterials=52 §MAXQ_FRAME_BUDGET taa=8 ao=12 (bake budget — Alt+S stills are unaffected)
19:23:19.861 + 3309.9s §CLAIM §STILL_REFINE start samples=8 triplanarMaterials=52 §MAXQ_FRAME_BUDGET taa=8 ao=12 (bake budget — Alt+S stills are unaffected)
19:23:19.861 + 3309.9s §CLAIM §STILL_REFINE start samples=8 triplanarMaterials=52 §MAXQ_FRAME_BUDGET taa=8 ao=12 (bake budget — Alt+S stills are unaffected)
19:23:19.861 + 3309.9s §CLAIM §STILL_REFINE start samples=8 triplanarMaterials=52 §MAXQ_FRAME_BUDGET taa=8 ao=12 (bake budget — Alt+S stills are unaffected)
19:23:19.861 + 3309.9s §CLAIM §STILL_REFINE start samples=8 triplanarMaterials=52 §MAXQ_FRAME_BUDGET taa=8 ao=12 (bake budget — Alt+S stills are unaffected)
19:23:19.861 + 3309.9s §CLAIM §STILL_REFINE start samples=8 triplanarMaterials=52 §MAXQ_FRAME_BUDGET taa=8 ao=12 (bake budget — Alt+S stills are unaffected)
19:23:19.861 + 3309.9s §CLAIM §STILL_REFINE start samples=8 triplanarMaterials=52 §MAXQ_FRAME_BUDGET taa=8 ao=12 (bake budget — Alt+S stills are unaffected)
19:23:19.861 + 3309.9s §CLAIM §STILL_REFINE start samples=8 triplanarMaterials=52 §MAXQ_FRAME_BUDGET taa=8 ao=12 (bake budget — Alt+S stills are unaffected)
19:23:19.861 + 3309.9s §CLAIM §STILL_REFINE start samples=8 triplanarMaterials=52 §MAXQ_FRAME_BUDGET taa=8 ao=12 (bake budget — Alt+S stills are unaffected)
19:23:19.861 + 3309.9s §CLAIM §STILL_REFINE start samples=8 triplanarMaterials=52 §MAXQ_FRAME_BUDGET taa=8 ao=12 (bake budget — Alt+S stills are unaffected)
19:23:19.861 + 3309.9s §CLAIM §STILL_REFINE start samples=8 triplanarMaterials=52 §MAXQ_FRAME_BUDGET taa=8 ao=12 (bake budget — Alt+S stills are unaffected)
19:23:19.861 + 3309.9s §CLAIM §STILL_REFINE start samples=8 triplanarMaterials=52 §MAXQ_FRAME_BUDGET taa=8 ao=12 (bake budget — Alt+S stills are unaffected)
19:23:19.861 + 3309.9s §CLAIM §STILL_REFINE start samples=8 triplanarMaterials=52 §MAXQ_FRAME_BUDGET taa=8 ao=12 (bake budget — Alt+S stills are unaffected)
19:23:19.861 + 3309.9s §CLAIM §STILL_REFINE start samples=8 triplanarMaterials=52 §MAXQ_FRAME_BUDGET taa=8 ao=12 (bake budget — Alt+S stills are unaffected)
19:23:19.861 + 3309.9s §CLAIM §STILL_REFINE start samples=8 triplanarMaterials=52 §MAXQ_FRAME_BUDGET taa=8 ao=12 (bake budget — Alt+S stills are unaffected)
19:23:19.861 + 3309.9s §CLAIM §STILL_REFINE start samples=8 triplanarMaterials=52 §MAXQ_FRAME_BUDGET taa=8 ao=12 (bake budget — Alt+S stills are unaffected)
19:23:19.861 + 3309.9s §CLAIM §STILL_REFINE start samples=8 triplanarMaterials=52 §MAXQ_FRAME_BUDGET taa=8 ao=12 (bake budget — Alt+S stills are unaffected)
19:23:19.861 + 3309.9s §CLAIM §STILL_REFINE start samples=8 triplanarMaterials=52 §MAXQ_FRAME_BUDGET taa=8 ao=12 (bake budget — Alt+S stills are unaffected)
19:23:19.861 + 3309.9s §CLAIM §STILL_REFINE start samples=8 triplanarMaterials=52 §MAXQ_FRAME_BUDGET taa=8 ao=12 (bake budget — Alt+S stills are unaffected)
19:23:19.861 + 3309.9s §CLAIM §STILL_REFINE start samples=8 triplanarMaterials=52 §MAXQ_FRAME_BUDGET taa=8 ao=12 (bake budget — Alt+S stills are unaffected)
19:23:19.861 + 3309.9s §CLAIM §STILL_REFINE start samples=8 triplanarMaterials=52 §MAXQ_FRAME_BUDGET taa=8 ao=12 (bake budget — Alt+S stills are unaffected)
19:23:19.861 + 3309.9s §CLAIM §STILL_REFINE start samples=8 triplanarMaterials=52 §MAXQ_FRAME_BUDGET taa=8 ao=12 (bake budget — Alt+S stills are unaffected)
19:23:19.861 + 3309.9s §CLAIM §STILL_REFINE start samples=8 triplanarMaterials=52 §MAXQ_FRAME_BUDGET taa=8 ao=12 (bake budget — Alt+S stills are unaffected)
19:23:19.861 + 3309.9s §CLAIM §STILL_REFINE start samples=8 triplanarMaterials=52 §MAXQ_FRAME_BUDGET taa=8 ao=12 (bake budget — Alt+S stills are unaffected)
19:23:19.861 + 3309.9s §CLAIM §STILL_REFINE start samples=8 triplanarMaterials=52 §MAXQ_FRAME_BUDGET taa=8 ao=12 (bake budget — Alt+S stills are unaffected)
19:23:19.861 + 3309.9s §CLAIM §STILL_REFINE start samples=8 triplanarMaterials=52 §MAXQ_FRAME_BUDGET taa=8 ao=12 (bake budget — Alt+S stills are unaffected)
19:23:19.861 + 3309.9s §CLAIM §STILL_REFINE start samples=8 triplanarMaterials=52 §MAXQ_FRAME_BUDGET taa=8 ao=12 (bake budget — Alt+S stills are unaffected)
19:23:19.861 + 3309.9s §CLAIM §STILL_REFINE start samples=8 triplanarMaterials=52 §MAXQ_FRAME_BUDGET taa=8 ao=12 (bake budget — Alt+S stills are unaffected)
19:23:19.861 + 3309.9s §CLAIM §STILL_REFINE start samples=8 triplanarMaterials=52 §MAXQ_FRAME_BUDGET taa=8 ao=12 (bake budget — Alt+S stills are unaffected)
19:23:19.861 + 3309.9s §CLAIM §STILL_REFINE start samples=8 triplanarMaterials=52 §MAXQ_FRAME_BUDGET taa=8 ao=12 (bake budget — Alt+S stills are unaffected)
19:23:19.861 + 3309.9s §CLAIM §STILL_REFINE start samples=8 triplanarMaterials=52 §MAXQ_FRAME_BUDGET taa=8 ao=12 (bake budget — Alt+S stills are unaffected)
19:23:19.861 + 3309.9s §CLAIM §STILL_REFINE start samples=8 triplanarMaterials=52 §MAXQ_FRAME_BUDGET taa=8 ao=12 (bake budget — Alt+S stills are unaffected)
19:23:19.861 + 3309.9s §CLAIM §STILL_REFINE start samples=8 triplanarMaterials=52 §MAXQ_FRAME_BUDGET taa=8 ao=12 (bake budget — Alt+S stills are unaffected)
19:23:19.861 + 3309.9s §CLAIM §STILL_REFINE start samples=8 triplanarMaterials=52 §MAXQ_FRAME_BUDGET taa=8 ao=12 (bake budget — Alt+S stills are unaffected)
19:23:19.861 + 3309.9s §CLAIM §STILL_REFINE start samples=8 triplanarMaterials=52 §MAXQ_FRAME_BUDGET taa=8 ao=12 (bake budget — Alt+S stills are unaffected)
19:23:19.861 + 3309.9s §CLAIM §STILL_REFINE start samples=8 triplanarMaterials=52 §MAXQ_FRAME_BUDGET taa=8 ao=12 (bake budget — Alt+S stills are unaffected)
19:23:19.861 + 3309.9s §CLAIM §STILL_REFINE start samples=8 triplanarMaterials=52 §MAXQ_FRAME_BUDGET taa=8 ao=12 (bake budget — Alt+S stills are unaffected)
19:23:19.861 + 3309.9s §CLAIM §STILL_REFINE start samples=8 triplanarMaterials=52 §MAXQ_FRAME_BUDGET taa=8 ao=12 (bake budget — Alt+S stills are unaffected)
19:23:19.861 + 3309.9s §CLAIM §STILL_REFINE start samples=8 triplanarMaterials=52 §MAXQ_FRAME_BUDGET taa=8 ao=12 (bake budget — Alt+S stills are unaffected)
19:23:19.861 + 3309.9s §CLAIM §STILL_REFINE start samples=8 triplanarMaterials=52 §MAXQ_FRAME_BUDGET taa=8 ao=12 (bake budget — Alt+S stills are unaffected)
19:23:19.861 + 3309.9s §CLAIM §STILL_REFINE start samples=8 triplanarMaterials=52 §MAXQ_FRAME_BUDGET taa=8 ao=12 (bake budget — Alt+S stills are unaffected)
19:23:19.861 + 3309.9s §CLAIM §STILL_REFINE start samples=8 triplanarMaterials=52 §MAXQ_FRAME_BUDGET taa=8 ao=12 (bake budget — Alt+S stills are unaffected)
19:23:19.861 + 3309.9s §CLAIM §STILL_REFINE start samples=8 triplanarMaterials=52 §MAXQ_FRAME_BUDGET taa=8 ao=12 (bake budget — Alt+S stills are unaffected)
19:23:19.861 + 3309.9s §CLAIM §STILL_REFINE start samples=8 triplanarMaterials=52 §MAXQ_FRAME_BUDGET taa=8 ao=12 (bake budget — Alt+S stills are unaffected)
19:23:19.861 + 3309.9s §CLAIM §STILL_REFINE start samples=8 triplanarMaterials=52 §MAXQ_FRAME_BUDGET taa=8 ao=12 (bake budget — Alt+S stills are unaffected)
19:23:19.861 + 3309.9s §CLAIM §STILL_REFINE start samples=8 triplanarMaterials=52 §MAXQ_FRAME_BUDGET taa=8 ao=12 (bake budget — Alt+S stills are unaffected)
19:23:19.861 + 3309.9s §CLAIM §STILL_REFINE start samples=8 triplanarMaterials=52 §MAXQ_FRAME_BUDGET taa=8 ao=12 (bake budget — Alt+S stills are unaffected)
19:23:19.861 + 3309.9s §CLAIM §STILL_REFINE start samples=8 triplanarMaterials=52 §MAXQ_FRAME_BUDGET taa=8 ao=12 (bake budget — Alt+S stills are unaffected)
19:23:19.861 + 3309.9s §CLAIM §STILL_REFINE start samples=8 triplanarMaterials=52 §MAXQ_FRAME_BUDGET taa=8 ao=12 (bake budget — Alt+S stills are unaffected)
19:23:19.861 + 3309.9s §CLAIM §STILL_REFINE start samples=8 triplanarMaterials=52 §MAXQ_FRAME_BUDGET taa=8 ao=12 (bake budget — Alt+S stills are unaffected)
19:23:19.861 + 3309.9s §CLAIM §STILL_REFINE start samples=8 triplanarMaterials=52 §MAXQ_FRAME_BUDGET taa=8 ao=12 (bake budget — Alt+S stills are unaffected)
19:23:19.861 + 3309.9s §CLAIM §STILL_REFINE start samples=8 triplanarMaterials=52 §MAXQ_FRAME_BUDGET taa=8 ao=12 (bake budget — Alt+S stills are unaffected)
19:23:19.861 + 3309.9s §CLAIM §STILL_REFINE start samples=8 triplanarMaterials=52 §MAXQ_FRAME_BUDGET taa=8 ao=12 (bake budget — Alt+S stills are unaffected)
19:23:19.861 + 3309.9s §CLAIM §STILL_REFINE start samples=8 triplanarMaterials=52 §MAXQ_FRAME_BUDGET taa=8 ao=12 (bake budget — Alt+S stills are unaffected)
19:23:19.861 + 3309.9s §CLAIM §STILL_REFINE start samples=8 triplanarMaterials=52 §MAXQ_FRAME_BUDGET taa=8 ao=12 (bake budget — Alt+S stills are unaffected)
19:23:19.861 + 3309.9s §CLAIM §STILL_REFINE start samples=8 triplanarMaterials=52 §MAXQ_FRAME_BUDGET taa=8 ao=12 (bake budget — Alt+S stills are unaffected)
19:23:19.861 + 3309.9s §CLAIM §STILL_REFINE start samples=8 triplanarMaterials=52 §MAXQ_FRAME_BUDGET taa=8 ao=12 (bake budget — Alt+S stills are unaffected)
19:23:19.861 + 3309.9s §CLAIM §STILL_REFINE start samples=8 triplanarMaterials=52 §MAXQ_FRAME_BUDGET taa=8 ao=12 (bake budget — Alt+S stills are unaffected)
19:23:19.861 + 3309.9s §CLAIM §STILL_REFINE start samples=8 triplanarMaterials=52 §MAXQ_FRAME_BUDGET taa=8 ao=12 (bake budget — Alt+S stills are unaffected)
19:23:19.861 + 3309.9s §CLAIM §STILL_REFINE start samples=8 triplanarMaterials=52 §MAXQ_FRAME_BUDGET taa=8 ao=12 (bake budget — Alt+S stills are unaffected)
19:23:19.861 + 3309.9s §CLAIM §STILL_REFINE start samples=8 triplanarMaterials=52 §MAXQ_FRAME_BUDGET taa=8 ao=12 (bake budget — Alt+S stills are unaffected)
19:23:19.861 + 3309.9s §CLAIM §STILL_REFINE start samples=8 triplanarMaterials=52 §MAXQ_FRAME_BUDGET taa=8 ao=12 (bake budget — Alt+S stills are unaffected)
19:23:19.861 + 3309.9s §CLAIM §STILL_REFINE start samples=8 triplanarMaterials=52 §MAXQ_FRAME_BUDGET taa=8 ao=12 (bake budget — Alt+S stills are unaffected)
19:23:19.861 + 3309.9s §CLAIM §STILL_REFINE start samples=8 triplanarMaterials=52 §MAXQ_FRAME_BUDGET taa=8 ao=12 (bake budget — Alt+S stills are unaffected)
19:23:19.861 + 3309.9s §CLAIM §STILL_REFINE start samples=8 triplanarMaterials=52 §MAXQ_FRAME_BUDGET taa=8 ao=12 (bake budget — Alt+S stills are unaffected)
19:23:19.861 + 3309.9s §CLAIM §STILL_REFINE start samples=8 triplanarMaterials=52 §MAXQ_FRAME_BUDGET taa=8 ao=12 (bake budget — Alt+S stills are unaffected)
19:23:19.861 + 3309.9s §CLAIM §STILL_REFINE start samples=8 triplanarMaterials=52 §MAXQ_FRAME_BUDGET taa=8 ao=12 (bake budget — Alt+S stills are unaffected)
19:23:19.861 + 3309.9s §CLAIM §STILL_REFINE start samples=8 triplanarMaterials=52 §MAXQ_FRAME_BUDGET taa=8 ao=12 (bake budget — Alt+S stills are unaffected)
19:23:19.861 + 3309.9s §CLAIM §STILL_REFINE start samples=8 triplanarMaterials=52 §MAXQ_FRAME_BUDGET taa=8 ao=12 (bake budget — Alt+S stills are unaffected)
19:23:19.861 + 3309.9s §CLAIM §STILL_REFINE start samples=8 triplanarMaterials=52 §MAXQ_FRAME_BUDGET taa=8 ao=12 (bake budget — Alt+S stills are unaffected)
19:23:19.861 + 3309.9s §CLAIM §STILL_REFINE start samples=8 triplanarMaterials=52 §MAXQ_FRAME_BUDGET taa=8 ao=12 (bake budget — Alt+S stills are unaffected)
19:23:19.861 + 3309.9s §CLAIM §STILL_REFINE start samples=8 triplanarMaterials=52 §MAXQ_FRAME_BUDGET taa=8 ao=12 (bake budget — Alt+S stills are unaffected)
19:23:19.861 + 3309.9s §CLAIM §STILL_REFINE start samples=8 triplanarMaterials=52 §MAXQ_FRAME_BUDGET taa=8 ao=12 (bake budget — Alt+S stills are unaffected)
19:23:19.861 + 3309.9s §CLAIM §STILL_REFINE start samples=8 triplanarMaterials=52 §MAXQ_FRAME_BUDGET taa=8 ao=12 (bake budget — Alt+S stills are unaffected)
19:23:19.861 + 3309.9s §CLAIM §STILL_REFINE start samples=8 triplanarMaterials=52 §MAXQ_FRAME_BUDGET taa=8 ao=12 (bake budget — Alt+S stills are unaffected)
19:23:19.861 + 3309.9s §CLAIM §STILL_REFINE start samples=8 triplanarMaterials=52 §MAXQ_FRAME_BUDGET taa=8 ao=12 (bake budget — Alt+S stills are unaffected)
19:23:19.861 + 3309.9s §CLAIM §STILL_REFINE start samples=8 triplanarMaterials=52 §MAXQ_FRAME_BUDGET taa=8 ao=12 (bake budget — Alt+S stills are unaffected)
19:23:19.861 + 3309.9s §CLAIM §STILL_REFINE start samples=8 triplanarMaterials=52 §MAXQ_FRAME_BUDGET taa=8 ao=12 (bake budget — Alt+S stills are unaffected)
19:23:19.861 + 3309.9s §CLAIM §STILL_REFINE start samples=8 triplanarMaterials=52 §MAXQ_FRAME_BUDGET taa=8 ao=12 (bake budget — Alt+S stills are unaffected)
19:23:19.861 + 3309.9s §CLAIM §STILL_REFINE start samples=8 triplanarMaterials=52 §MAXQ_FRAME_BUDGET taa=8 ao=12 (bake budget — Alt+S stills are unaffected)
19:23:19.861 + 3309.9s §CLAIM §STILL_REFINE start samples=8 triplanarMaterials=52 §MAXQ_FRAME_BUDGET taa=8 ao=12 (bake budget — Alt+S stills are unaffected)
19:23:19.861 + 3309.9s §CLAIM §STILL_REFINE start samples=8 triplanarMaterials=52 §MAXQ_FRAME_BUDGET taa=8 ao=12 (bake budget — Alt+S stills are unaffected)
19:23:19.861 + 3309.9s §CLAIM §STILL_REFINE start samples=8 triplanarMaterials=52 §MAXQ_FRAME_BUDGET taa=8 ao=12 (bake budget — Alt+S stills are unaffected)
19:23:19.861 + 3309.9s §CLAIM §STILL_REFINE start samples=8 triplanarMaterials=52 §MAXQ_FRAME_BUDGET taa=8 ao=12 (bake budget — Alt+S stills are unaffected)
19:23:19.861 + 3309.9s §CLAIM §STILL_REFINE start samples=8 triplanarMaterials=52 §MAXQ_FRAME_BUDGET taa=8 ao=12 (bake budget — Alt+S stills are unaffected)
19:23:19.861 + 3309.9s §CLAIM §STILL_REFINE start samples=8 triplanarMaterials=52 §MAXQ_FRAME_BUDGET taa=8 ao=12 (bake budget — Alt+S stills are unaffected)
19:23:19.861 + 3309.9s §CLAIM §STILL_REFINE start samples=8 triplanarMaterials=52 §MAXQ_FRAME_BUDGET taa=8 ao=12 (bake budget — Alt+S stills are unaffected)
19:23:19.861 + 3309.9s §CLAIM §STILL_REFINE start samples=8 triplanarMaterials=52 §MAXQ_FRAME_BUDGET taa=8 ao=12 (bake budget — Alt+S stills are unaffected)
19:23:19.861 + 3309.9s §CLAIM §STILL_REFINE start samples=8 triplanarMaterials=52 §MAXQ_FRAME_BUDGET taa=8 ao=12 (bake budget — Alt+S stills are unaffected)
19:23:19.861 + 3309.9s §CLAIM §STILL_REFINE start samples=8 triplanarMaterials=52 §MAXQ_FRAME_BUDGET taa=8 ao=12 (bake budget — Alt+S stills are unaffected)
19:23:19.861 + 3309.9s §CLAIM §STILL_REFINE start samples=8 triplanarMaterials=52 §MAXQ_FRAME_BUDGET taa=8 ao=12 (bake budget — Alt+S stills are unaffected)
19:23:19.861 + 3309.9s §CLAIM §STILL_REFINE start samples=8 triplanarMaterials=52 §MAXQ_FRAME_BUDGET taa=8 ao=12 (bake budget — Alt+S stills are unaffected)
19:23:19.861 + 3309.9s §CLAIM §STILL_REFINE start samples=8 triplanarMaterials=52 §MAXQ_FRAME_BUDGET taa=8 ao=12 (bake budget — Alt+S stills are unaffected)
19:23:19.861 + 3309.9s §CLAIM §STILL_REFINE start samples=8 triplanarMaterials=52 §MAXQ_FRAME_BUDGET taa=8 ao=12 (bake budget — Alt+S stills are unaffected)
19:23:19.861 + 3309.9s §CLAIM §STILL_REFINE start samples=8 triplanarMaterials=52 §MAXQ_FRAME_BUDGET taa=8 ao=12 (bake budget — Alt+S stills are unaffected)
19:23:19.861 + 3309.9s §CLAIM §STILL_REFINE start samples=8 triplanarMaterials=52 §MAXQ_FRAME_BUDGET taa=8 ao=12 (bake budget — Alt+S stills are unaffected)
19:23:19.861 + 3309.9s §CLAIM §STILL_REFINE start samples=8 triplanarMaterials=52 §MAXQ_FRAME_BUDGET taa=8 ao=12 (bake budget — Alt+S stills are unaffected)
19:23:19.861 + 3309.9s §CLAIM §STILL_REFINE start samples=8 triplanarMaterials=52 §MAXQ_FRAME_BUDGET taa=8 ao=12 (bake budget — Alt+S stills are unaffected)
19:23:19.861 + 3309.9s §CLAIM §STILL_REFINE start samples=8 triplanarMaterials=52 §MAXQ_FRAME_BUDGET taa=8 ao=12 (bake budget — Alt+S stills are unaffected)
19:23:19.861 + 3309.9s §CLAIM §STILL_REFINE start samples=8 triplanarMaterials=52 §MAXQ_FRAME_BUDGET taa=8 ao=12 (bake budget — Alt+S stills are unaffected)
19:23:19.861 + 3309.9s §CLAIM §STILL_REFINE start samples=8 triplanarMaterials=52 §MAXQ_FRAME_BUDGET taa=8 ao=12 (bake budget — Alt+S stills are unaffected)
19:23:19.861 + 3309.9s §CLAIM §STILL_REFINE start samples=8 triplanarMaterials=52 §MAXQ_FRAME_BUDGET taa=8 ao=12 (bake budget — Alt+S stills are unaffected)
19:23:19.861 + 3309.9s §CLAIM §STILL_REFINE start samples=8 triplanarMaterials=52 §MAXQ_FRAME_BUDGET taa=8 ao=12 (bake budget — Alt+S stills are unaffected)
19:23:19.861 + 3309.9s §CLAIM §STILL_REFINE start samples=8 triplanarMaterials=52 §MAXQ_FRAME_BUDGET taa=8 ao=12 (bake budget — Alt+S stills are unaffected)
19:23:19.861 + 3309.9s §CLAIM §STILL_REFINE start samples=8 triplanarMaterials=52 §MAXQ_FRAME_BUDGET taa=8 ao=12 (bake budget — Alt+S stills are unaffected)
19:23:19.861 + 3309.9s §CLAIM §STILL_REFINE start samples=8 triplanarMaterials=52 §MAXQ_FRAME_BUDGET taa=8 ao=12 (bake budget — Alt+S stills are unaffected)
19:23:19.861 + 3309.9s §CLAIM §STILL_REFINE start samples=8 triplanarMaterials=52 §MAXQ_FRAME_BUDGET taa=8 ao=12 (bake budget — Alt+S stills are unaffected)
19:23:19.861 + 3309.9s §CLAIM §STILL_REFINE start samples=8 triplanarMaterials=52 §MAXQ_FRAME_BUDGET taa=8 ao=12 (bake budget — Alt+S stills are unaffected)
19:23:19.862 + 3309.9s §CLAIM §STILL_REFINE start samples=8 triplanarMaterials=52 §MAXQ_FRAME_BUDGET taa=8 ao=12 (bake budget — Alt+S stills are unaffected)
19:23:19.862 + 3309.9s §CLAIM §STILL_REFINE start samples=8 triplanarMaterials=52 §MAXQ_FRAME_BUDGET taa=8 ao=12 (bake budget — Alt+S stills are unaffected)
19:23:19.862 + 3309.9s §CLAIM §STILL_REFINE start samples=8 triplanarMaterials=52 §MAXQ_FRAME_BUDGET taa=8 ao=12 (bake budget — Alt+S stills are unaffected)
19:23:19.862 + 3309.9s §CLAIM §STILL_REFINE start samples=8 triplanarMaterials=52 §MAXQ_FRAME_BUDGET taa=8 ao=12 (bake budget — Alt+S stills are unaffected)
19:23:19.862 + 3309.9s §CLAIM §STILL_REFINE start samples=8 triplanarMaterials=52 §MAXQ_FRAME_BUDGET taa=8 ao=12 (bake budget — Alt+S stills are unaffected)
19:23:19.862 + 3309.9s §CLAIM §STILL_REFINE start samples=8 triplanarMaterials=52 §MAXQ_FRAME_BUDGET taa=8 ao=12 (bake budget — Alt+S stills are unaffected)
19:23:19.862 + 3309.9s §CLAIM §STILL_REFINE start samples=8 triplanarMaterials=52 §MAXQ_FRAME_BUDGET taa=8 ao=12 (bake budget — Alt+S stills are unaffected)
19:23:19.862 + 3309.9s §CLAIM §STILL_REFINE start samples=8 triplanarMaterials=52 §MAXQ_FRAME_BUDGET taa=8 ao=12 (bake budget — Alt+S stills are unaffected)
19:23:19.862 + 3309.9s §CLAIM §STILL_REFINE start samples=8 triplanarMaterials=52 §MAXQ_FRAME_BUDGET taa=8 ao=12 (bake budget — Alt+S stills are unaffected)
19:23:19.862 + 3309.9s §CLAIM §STILL_REFINE start samples=8 triplanarMaterials=52 §MAXQ_FRAME_BUDGET taa=8 ao=12 (bake budget — Alt+S stills are unaffected)
19:23:19.862 + 3309.9s §CLAIM §STILL_REFINE start samples=8 triplanarMaterials=52 §MAXQ_FRAME_BUDGET taa=8 ao=12 (bake budget — Alt+S stills are unaffected)
19:23:19.862 + 3309.9s §CLAIM §STILL_REFINE start samples=8 triplanarMaterials=52 §MAXQ_FRAME_BUDGET taa=8 ao=12 (bake budget — Alt+S stills are unaffected)
19:23:19.862 + 3309.9s §CLAIM §STILL_REFINE start samples=8 triplanarMaterials=52 §MAXQ_FRAME_BUDGET taa=8 ao=12 (bake budget — Alt+S stills are unaffected)
19:23:19.862 + 3309.9s §CLAIM §STILL_REFINE start samples=8 triplanarMaterials=52 §MAXQ_FRAME_BUDGET taa=8 ao=12 (bake budget — Alt+S stills are unaffected)
19:23:19.862 + 3309.9s §CLAIM §STILL_REFINE start samples=8 triplanarMaterials=52 §MAXQ_FRAME_BUDGET taa=8 ao=12 (bake budget — Alt+S stills are unaffected)
19:23:19.862 + 3309.9s §CLAIM §STILL_REFINE start samples=8 triplanarMaterials=52 §MAXQ_FRAME_BUDGET taa=8 ao=12 (bake budget — Alt+S stills are unaffected)
19:23:19.862 + 3309.9s §CLAIM §STILL_REFINE start samples=8 triplanarMaterials=52 §MAXQ_FRAME_BUDGET taa=8 ao=12 (bake budget — Alt+S stills are unaffected)
19:23:19.862 + 3309.9s §CLAIM §STILL_REFINE start samples=8 triplanarMaterials=52 §MAXQ_FRAME_BUDGET taa=8 ao=12 (bake budget — Alt+S stills are unaffected)
19:23:19.862 + 3309.9s §CLAIM §STILL_REFINE start samples=8 triplanarMaterials=52 §MAXQ_FRAME_BUDGET taa=8 ao=12 (bake budget — Alt+S stills are unaffected)
19:23:19.862 + 3309.9s §CLAIM §STILL_REFINE start samples=8 triplanarMaterials=52 §MAXQ_FRAME_BUDGET taa=8 ao=12 (bake budget — Alt+S stills are unaffected)
19:23:19.862 + 3309.9s §CLAIM §STILL_REFINE start samples=8 triplanarMaterials=52 §MAXQ_FRAME_BUDGET taa=8 ao=12 (bake budget — Alt+S stills are unaffected)
19:23:19.862 + 3309.9s §CLAIM §STILL_REFINE start samples=8 triplanarMaterials=52 §MAXQ_FRAME_BUDGET taa=8 ao=12 (bake budget — Alt+S stills are unaffected)
19:23:19.862 + 3309.9s §CLAIM §STILL_REFINE start samples=8 triplanarMaterials=52 §MAXQ_FRAME_BUDGET taa=8 ao=12 (bake budget — Alt+S stills are unaffected)
19:23:19.862 + 3309.9s §CLAIM §STILL_REFINE start samples=8 triplanarMaterials=52 §MAXQ_FRAME_BUDGET taa=8 ao=12 (bake budget — Alt+S stills are unaffected)
19:23:19.862 + 3309.9s §CLAIM §STILL_REFINE start samples=8 triplanarMaterials=52 §MAXQ_FRAME_BUDGET taa=8 ao=12 (bake budget — Alt+S stills are unaffected)
19:23:19.862 + 3309.9s §CLAIM §STILL_REFINE start samples=8 triplanarMaterials=52 §MAXQ_FRAME_BUDGET taa=8 ao=12 (bake budget — Alt+S stills are unaffected)
19:23:19.862 + 3309.9s §CLAIM §STILL_REFINE start samples=8 triplanarMaterials=52 §MAXQ_FRAME_BUDGET taa=8 ao=12 (bake budget — Alt+S stills are unaffected)
19:23:19.862 + 3309.9s §CLAIM §STILL_REFINE start samples=8 triplanarMaterials=52 §MAXQ_FRAME_BUDGET taa=8 ao=12 (bake budget — Alt+S stills are unaffected)
19:23:19.862 + 3309.9s §CLAIM §STILL_REFINE start samples=8 triplanarMaterials=52 §MAXQ_FRAME_BUDGET taa=8 ao=12 (bake budget — Alt+S stills are unaffected)
19:23:19.862 + 3309.9s §CLAIM §STILL_REFINE start samples=8 triplanarMaterials=52 §MAXQ_FRAME_BUDGET taa=8 ao=12 (bake budget — Alt+S stills are unaffected)
19:23:19.862 + 3309.9s §CLAIM §STILL_REFINE start samples=8 triplanarMaterials=52 §MAXQ_FRAME_BUDGET taa=8 ao=12 (bake budget — Alt+S stills are unaffected)
19:23:19.862 + 3309.9s §CLAIM §STILL_REFINE start samples=8 triplanarMaterials=52 §MAXQ_FRAME_BUDGET taa=8 ao=12 (bake budget — Alt+S stills are unaffected)
19:23:19.862 + 3309.9s §CLAIM §STILL_REFINE start samples=8 triplanarMaterials=52 §MAXQ_FRAME_BUDGET taa=8 ao=12 (bake budget — Alt+S stills are unaffected)
19:23:19.862 + 3309.9s §CLAIM §STILL_REFINE start samples=8 triplanarMaterials=52 §MAXQ_FRAME_BUDGET taa=8 ao=12 (bake budget — Alt+S stills are unaffected)
19:23:19.862 + 3309.9s §CLAIM §STILL_REFINE start samples=8 triplanarMaterials=52 §MAXQ_FRAME_BUDGET taa=8 ao=12 (bake budget — Alt+S stills are unaffected)
19:23:19.862 + 3309.9s §CLAIM §STILL_REFINE start samples=8 triplanarMaterials=52 §MAXQ_FRAME_BUDGET taa=8 ao=12 (bake budget — Alt+S stills are unaffected)
19:23:19.862 + 3309.9s §CLAIM §STILL_REFINE start samples=8 triplanarMaterials=52 §MAXQ_FRAME_BUDGET taa=8 ao=12 (bake budget — Alt+S stills are unaffected)
19:23:19.862 + 3309.9s §CLAIM §STILL_REFINE start samples=8 triplanarMaterials=52 §MAXQ_FRAME_BUDGET taa=8 ao=12 (bake budget — Alt+S stills are unaffected)
19:23:19.862 + 3309.9s §CLAIM §STILL_REFINE start samples=8 triplanarMaterials=52 §MAXQ_FRAME_BUDGET taa=8 ao=12 (bake budget — Alt+S stills are unaffected)
19:23:19.862 + 3309.9s §CLAIM §STILL_REFINE start samples=8 triplanarMaterials=52 §MAXQ_FRAME_BUDGET taa=8 ao=12 (bake budget — Alt+S stills are unaffected)
19:23:19.862 + 3309.9s §CLAIM §STILL_REFINE start samples=8 triplanarMaterials=52 §MAXQ_FRAME_BUDGET taa=8 ao=12 (bake budget — Alt+S stills are unaffected)
19:23:19.862 + 3309.9s §CLAIM §STILL_REFINE start samples=8 triplanarMaterials=52 §MAXQ_FRAME_BUDGET taa=8 ao=12 (bake budget — Alt+S stills are unaffected)
19:23:19.862 + 3309.9s §CLAIM §STILL_REFINE start samples=8 triplanarMaterials=52 §MAXQ_FRAME_BUDGET taa=8 ao=12 (bake budget — Alt+S stills are unaffected)
19:23:19.862 + 3309.9s §CLAIM §STILL_REFINE start samples=8 triplanarMaterials=52 §MAXQ_FRAME_BUDGET taa=8 ao=12 (bake budget — Alt+S stills are unaffected)
19:23:19.862 + 3309.9s §CLAIM §STILL_REFINE start samples=8 triplanarMaterials=52 §MAXQ_FRAME_BUDGET taa=8 ao=12 (bake budget — Alt+S stills are unaffected)
19:23:19.862 + 3309.9s §CLAIM §STILL_REFINE start samples=8 triplanarMaterials=52 §MAXQ_FRAME_BUDGET taa=8 ao=12 (bake budget — Alt+S stills are unaffected)
19:23:19.862 + 3309.9s §CLAIM §STILL_REFINE start samples=8 triplanarMaterials=52 §MAXQ_FRAME_BUDGET taa=8 ao=12 (bake budget — Alt+S stills are unaffected)
19:23:19.862 + 3309.9s §CLAIM §STILL_REFINE start samples=8 triplanarMaterials=52 §MAXQ_FRAME_BUDGET taa=8 ao=12 (bake budget — Alt+S stills are unaffected)
19:23:19.862 + 3309.9s §CLAIM §STILL_REFINE start samples=8 triplanarMaterials=52 §MAXQ_FRAME_BUDGET taa=8 ao=12 (bake budget — Alt+S stills are unaffected)
19:23:19.862 + 3309.9s §CLAIM §STILL_REFINE start samples=8 triplanarMaterials=52 §MAXQ_FRAME_BUDGET taa=8 ao=12 (bake budget — Alt+S stills are unaffected)
19:23:19.862 + 3309.9s §CLAIM §STILL_REFINE start samples=8 triplanarMaterials=52 §MAXQ_FRAME_BUDGET taa=8 ao=12 (bake budget — Alt+S stills are unaffected)
19:23:19.862 + 3309.9s §CLAIM §STILL_REFINE start samples=8 triplanarMaterials=52 §MAXQ_FRAME_BUDGET taa=8 ao=12 (bake budget — Alt+S stills are unaffected)
19:23:19.862 + 3309.9s §CLAIM §STILL_REFINE start samples=8 triplanarMaterials=52 §MAXQ_FRAME_BUDGET taa=8 ao=12 (bake budget — Alt+S stills are unaffected)
19:23:19.862 + 3309.9s §CLAIM §STILL_REFINE start samples=8 triplanarMaterials=52 §MAXQ_FRAME_BUDGET taa=8 ao=12 (bake budget — Alt+S stills are unaffected)
19:23:19.862 + 3309.9s §CLAIM §STILL_REFINE start samples=8 triplanarMaterials=52 §MAXQ_FRAME_BUDGET taa=8 ao=12 (bake budget — Alt+S stills are unaffected)
19:23:19.862 + 3309.9s §CLAIM §STILL_REFINE start samples=8 triplanarMaterials=52 §MAXQ_FRAME_BUDGET taa=8 ao=12 (bake budget — Alt+S stills are unaffected)
19:23:19.862 + 3309.9s §CLAIM §STILL_REFINE start samples=8 triplanarMaterials=52 §MAXQ_FRAME_BUDGET taa=8 ao=12 (bake budget — Alt+S stills are unaffected)
19:23:19.862 + 3309.9s §CLAIM §STILL_REFINE start samples=8 triplanarMaterials=52 §MAXQ_FRAME_BUDGET taa=8 ao=12 (bake budget — Alt+S stills are unaffected)
19:23:19.862 + 3309.9s §CLAIM §STILL_REFINE start samples=8 triplanarMaterials=52 §MAXQ_FRAME_BUDGET taa=8 ao=12 (bake budget — Alt+S stills are unaffected)
19:23:19.862 + 3309.9s §CLAIM §STILL_REFINE start samples=8 triplanarMaterials=52 §MAXQ_FRAME_BUDGET taa=8 ao=12 (bake budget — Alt+S stills are unaffected)
19:23:19.862 + 3309.9s §CLAIM §STILL_REFINE start samples=8 triplanarMaterials=52 §MAXQ_FRAME_BUDGET taa=8 ao=12 (bake budget — Alt+S stills are unaffected)
19:23:19.862 + 3309.9s §CLAIM §STILL_REFINE start samples=8 triplanarMaterials=52 §MAXQ_FRAME_BUDGET taa=8 ao=12 (bake budget — Alt+S stills are unaffected)
19:23:19.862 + 3309.9s §CLAIM §STILL_REFINE start samples=8 triplanarMaterials=52 §MAXQ_FRAME_BUDGET taa=8 ao=12 (bake budget — Alt+S stills are unaffected)
19:23:19.862 + 3309.9s §CLAIM §STILL_REFINE start samples=8 triplanarMaterials=52 §MAXQ_FRAME_BUDGET taa=8 ao=12 (bake budget — Alt+S stills are unaffected)
19:23:19.862 + 3309.9s §CLAIM §STILL_REFINE start samples=8 triplanarMaterials=52 §MAXQ_FRAME_BUDGET taa=8 ao=12 (bake budget — Alt+S stills are unaffected)
19:23:19.862 + 3309.9s §CLAIM §STILL_REFINE start samples=8 triplanarMaterials=52 §MAXQ_FRAME_BUDGET taa=8 ao=12 (bake budget — Alt+S stills are unaffected)
19:23:19.862 + 3309.9s §CLAIM §STILL_REFINE start samples=8 triplanarMaterials=52 §MAXQ_FRAME_BUDGET taa=8 ao=12 (bake budget — Alt+S stills are unaffected)
19:23:19.862 + 3309.9s §CLAIM §STILL_REFINE start samples=8 triplanarMaterials=52 §MAXQ_FRAME_BUDGET taa=8 ao=12 (bake budget — Alt+S stills are unaffected)
19:23:19.862 + 3309.9s §CLAIM §STILL_REFINE start samples=8 triplanarMaterials=52 §MAXQ_FRAME_BUDGET taa=8 ao=12 (bake budget — Alt+S stills are unaffected)
19:23:19.862 + 3309.9s §CLAIM §STILL_REFINE start samples=8 triplanarMaterials=52 §MAXQ_FRAME_BUDGET taa=8 ao=12 (bake budget — Alt+S stills are unaffected)
19:23:19.862 + 3309.9s §CLAIM §STILL_REFINE start samples=8 triplanarMaterials=52 §MAXQ_FRAME_BUDGET taa=8 ao=12 (bake budget — Alt+S stills are unaffected)
19:23:19.862 + 3309.9s §CLAIM §STILL_REFINE start samples=8 triplanarMaterials=52 §MAXQ_FRAME_BUDGET taa=8 ao=12 (bake budget — Alt+S stills are unaffected)
19:23:19.862 + 3309.9s §CLAIM §STILL_REFINE start samples=8 triplanarMaterials=52 §MAXQ_FRAME_BUDGET taa=8 ao=12 (bake budget — Alt+S stills are unaffected)
19:23:19.862 + 3309.9s §CLAIM §STILL_REFINE start samples=8 triplanarMaterials=52 §MAXQ_FRAME_BUDGET taa=8 ao=12 (bake budget — Alt+S stills are unaffected)
19:23:19.862 + 3309.9s §CLAIM §STILL_REFINE start samples=8 triplanarMaterials=52 §MAXQ_FRAME_BUDGET taa=8 ao=12 (bake budget — Alt+S stills are unaffected)
19:23:19.862 + 3309.9s §CLAIM §STILL_REFINE start samples=8 triplanarMaterials=52 §MAXQ_FRAME_BUDGET taa=8 ao=12 (bake budget — Alt+S stills are unaffected)
19:23:19.862 + 3309.9s §CLAIM §STILL_REFINE start samples=8 triplanarMaterials=52 §MAXQ_FRAME_BUDGET taa=8 ao=12 (bake budget — Alt+S stills are unaffected)
19:23:19.862 + 3309.9s §CLAIM §STILL_REFINE start samples=8 triplanarMaterials=52 §MAXQ_FRAME_BUDGET taa=8 ao=12 (bake budget — Alt+S stills are unaffected)
19:23:19.862 + 3309.9s §CLAIM §STILL_REFINE start samples=8 triplanarMaterials=52 §MAXQ_FRAME_BUDGET taa=8 ao=12 (bake budget — Alt+S stills are unaffected)
19:23:19.862 + 3309.9s §CLAIM §STILL_REFINE start samples=8 triplanarMaterials=52 §MAXQ_FRAME_BUDGET taa=8 ao=12 (bake budget — Alt+S stills are unaffected)
19:23:19.862 + 3309.9s §CLAIM §STILL_REFINE start samples=8 triplanarMaterials=52 §MAXQ_FRAME_BUDGET taa=8 ao=12 (bake budget — Alt+S stills are unaffected)
19:23:19.862 + 3309.9s §CLAIM §STILL_REFINE start samples=8 triplanarMaterials=52 §MAXQ_FRAME_BUDGET taa=8 ao=12 (bake budget — Alt+S stills are unaffected)
19:23:19.862 + 3309.9s §CLAIM §STILL_REFINE start samples=8 triplanarMaterials=52 §MAXQ_FRAME_BUDGET taa=8 ao=12 (bake budget — Alt+S stills are unaffected)
19:23:19.862 + 3309.9s §CLAIM §STILL_REFINE start samples=8 triplanarMaterials=52 §MAXQ_FRAME_BUDGET taa=8 ao=12 (bake budget — Alt+S stills are unaffected)
19:23:19.862 + 3309.9s §CLAIM §STILL_REFINE start samples=8 triplanarMaterials=52 §MAXQ_FRAME_BUDGET taa=8 ao=12 (bake budget — Alt+S stills are unaffected)
19:23:19.862 + 3309.9s §CLAIM §STILL_REFINE start samples=8 triplanarMaterials=52 §MAXQ_FRAME_BUDGET taa=8 ao=12 (bake budget — Alt+S stills are unaffected)
19:23:19.862 + 3309.9s §CLAIM §STILL_REFINE start samples=8 triplanarMaterials=52 §MAXQ_FRAME_BUDGET taa=8 ao=12 (bake budget — Alt+S stills are unaffected)
19:23:19.862 + 3309.9s §CLAIM §STILL_REFINE start samples=8 triplanarMaterials=52 §MAXQ_FRAME_BUDGET taa=8 ao=12 (bake budget — Alt+S stills are unaffected)
19:23:19.862 + 3309.9s §CLAIM §STILL_REFINE start samples=8 triplanarMaterials=52 §MAXQ_FRAME_BUDGET taa=8 ao=12 (bake budget — Alt+S stills are unaffected)
19:23:19.862 + 3309.9s §CLAIM §STILL_REFINE start samples=8 triplanarMaterials=52 §MAXQ_FRAME_BUDGET taa=8 ao=12 (bake budget — Alt+S stills are unaffected)
19:23:19.862 + 3309.9s §CLAIM §STILL_REFINE start samples=8 triplanarMaterials=52 §MAXQ_FRAME_BUDGET taa=8 ao=12 (bake budget — Alt+S stills are unaffected)
19:23:19.862 + 3309.9s §CLAIM §STILL_REFINE start samples=8 triplanarMaterials=52 §MAXQ_FRAME_BUDGET taa=8 ao=12 (bake budget — Alt+S stills are unaffected)
19:23:19.862 + 3309.9s §CLAIM §STILL_REFINE start samples=8 triplanarMaterials=52 §MAXQ_FRAME_BUDGET taa=8 ao=12 (bake budget — Alt+S stills are unaffected)
19:23:19.862 + 3309.9s §CLAIM §STILL_REFINE start samples=8 triplanarMaterials=52 §MAXQ_FRAME_BUDGET taa=8 ao=12 (bake budget — Alt+S stills are unaffected)
19:23:19.862 + 3309.9s §CLAIM §STILL_REFINE start samples=8 triplanarMaterials=52 §MAXQ_FRAME_BUDGET taa=8 ao=12 (bake budget — Alt+S stills are unaffected)
19:23:19.862 + 3309.9s §CLAIM §STILL_REFINE start samples=8 triplanarMaterials=52 §MAXQ_FRAME_BUDGET taa=8 ao=12 (bake budget — Alt+S stills are unaffected)
19:23:19.862 + 3309.9s §CLAIM §STILL_REFINE start samples=8 triplanarMaterials=52 §MAXQ_FRAME_BUDGET taa=8 ao=12 (bake budget — Alt+S stills are unaffected)
19:23:19.862 + 3309.9s §CLAIM §STILL_REFINE start samples=8 triplanarMaterials=52 §MAXQ_FRAME_BUDGET taa=8 ao=12 (bake budget — Alt+S stills are unaffected)
19:23:19.862 + 3309.9s §CLAIM §STILL_REFINE start samples=8 triplanarMaterials=52 §MAXQ_FRAME_BUDGET taa=8 ao=12 (bake budget — Alt+S stills are unaffected)
19:23:19.862 + 3309.9s §CLAIM §STILL_REFINE start samples=8 triplanarMaterials=52 §MAXQ_FRAME_BUDGET taa=8 ao=12 (bake budget — Alt+S stills are unaffected)
19:23:19.862 + 3309.9s §CLAIM §STILL_REFINE start samples=8 triplanarMaterials=52 §MAXQ_FRAME_BUDGET taa=8 ao=12 (bake budget — Alt+S stills are unaffected)
19:23:19.862 + 3309.9s §CLAIM §STILL_REFINE start samples=8 triplanarMaterials=52 §MAXQ_FRAME_BUDGET taa=8 ao=12 (bake budget — Alt+S stills are unaffected)
19:23:19.862 + 3309.9s §CLAIM §STILL_REFINE start samples=8 triplanarMaterials=52 §MAXQ_FRAME_BUDGET taa=8 ao=12 (bake budget — Alt+S stills are unaffected)
19:23:19.862 + 3309.9s §CLAIM §STILL_REFINE start samples=8 triplanarMaterials=52 §MAXQ_FRAME_BUDGET taa=8 ao=12 (bake budget — Alt+S stills are unaffected)
19:23:19.862 + 3309.9s §CLAIM §STILL_REFINE start samples=8 triplanarMaterials=52 §MAXQ_FRAME_BUDGET taa=8 ao=12 (bake budget — Alt+S stills are unaffected)
19:23:19.862 + 3309.9s §CLAIM §STILL_REFINE start samples=8 triplanarMaterials=52 §MAXQ_FRAME_BUDGET taa=8 ao=12 (bake budget — Alt+S stills are unaffected)
19:23:19.862 + 3309.9s §CLAIM §STILL_REFINE start samples=8 triplanarMaterials=52 §MAXQ_FRAME_BUDGET taa=8 ao=12 (bake budget — Alt+S stills are unaffected)
19:23:19.862 + 3309.9s §CLAIM §STILL_REFINE start samples=8 triplanarMaterials=52 §MAXQ_FRAME_BUDGET taa=8 ao=12 (bake budget — Alt+S stills are unaffected)
19:23:19.862 + 3309.9s §CLAIM §STILL_REFINE start samples=8 triplanarMaterials=52 §MAXQ_FRAME_BUDGET taa=8 ao=12 (bake budget — Alt+S stills are unaffected)
19:23:19.862 + 3309.9s §CLAIM §STILL_REFINE start samples=8 triplanarMaterials=52 §MAXQ_FRAME_BUDGET taa=8 ao=12 (bake budget — Alt+S stills are unaffected)
19:23:19.862 + 3309.9s §CLAIM §STILL_REFINE start samples=8 triplanarMaterials=52 §MAXQ_FRAME_BUDGET taa=8 ao=12 (bake budget — Alt+S stills are unaffected)
19:23:19.862 + 3309.9s §CLAIM §STILL_REFINE start samples=8 triplanarMaterials=52 §MAXQ_FRAME_BUDGET taa=8 ao=12 (bake budget — Alt+S stills are unaffected)
19:23:19.862 + 3309.9s §CLAIM §STILL_REFINE start samples=8 triplanarMaterials=52 §MAXQ_FRAME_BUDGET taa=8 ao=12 (bake budget — Alt+S stills are unaffected)
19:23:19.862 + 3309.9s §CLAIM §STILL_REFINE start samples=8 triplanarMaterials=52 §MAXQ_FRAME_BUDGET taa=8 ao=12 (bake budget — Alt+S stills are unaffected)
19:23:19.862 + 3309.9s §CLAIM §STILL_REFINE start samples=8 triplanarMaterials=52 §MAXQ_FRAME_BUDGET taa=8 ao=12 (bake budget — Alt+S stills are unaffected)
19:23:19.862 + 3309.9s §CLAIM §STILL_REFINE start samples=8 triplanarMaterials=52 §MAXQ_FRAME_BUDGET taa=8 ao=12 (bake budget — Alt+S stills are unaffected)
19:23:19.862 + 3309.9s §CLAIM §STILL_REFINE start samples=8 triplanarMaterials=52 §MAXQ_FRAME_BUDGET taa=8 ao=12 (bake budget — Alt+S stills are unaffected)
19:23:19.862 + 3309.9s §CLAIM §STILL_REFINE start samples=8 triplanarMaterials=52 §MAXQ_FRAME_BUDGET taa=8 ao=12 (bake budget — Alt+S stills are unaffected)
19:23:19.862 + 3309.9s §CLAIM §STILL_REFINE start samples=8 triplanarMaterials=52 §MAXQ_FRAME_BUDGET taa=8 ao=12 (bake budget — Alt+S stills are unaffected)
19:23:19.862 + 3309.9s §CLAIM §STILL_REFINE start samples=8 triplanarMaterials=52 §MAXQ_FRAME_BUDGET taa=8 ao=12 (bake budget — Alt+S stills are unaffected)
19:23:19.862 + 3309.9s §CLAIM §STILL_REFINE start samples=8 triplanarMaterials=52 §MAXQ_FRAME_BUDGET taa=8 ao=12 (bake budget — Alt+S stills are unaffected)
19:23:19.862 + 3309.9s §CLAIM §STILL_REFINE start samples=8 triplanarMaterials=52 §MAXQ_FRAME_BUDGET taa=8 ao=12 (bake budget — Alt+S stills are unaffected)
19:23:19.862 + 3309.9s §CLAIM §STILL_REFINE start samples=8 triplanarMaterials=52 §MAXQ_FRAME_BUDGET taa=8 ao=12 (bake budget — Alt+S stills are unaffected)
19:23:19.863 + 3309.9s §CLAIM §STILL_REFINE start samples=8 triplanarMaterials=52 §MAXQ_FRAME_BUDGET taa=8 ao=12 (bake budget — Alt+S stills are unaffected)
19:23:19.863 + 3309.9s §CLAIM §STILL_REFINE start samples=8 triplanarMaterials=52 §MAXQ_FRAME_BUDGET taa=8 ao=12 (bake budget — Alt+S stills are unaffected)
19:23:19.863 + 3309.9s §CLAIM §STILL_REFINE start samples=8 triplanarMaterials=52 §MAXQ_FRAME_BUDGET taa=8 ao=12 (bake budget — Alt+S stills are unaffected)
19:23:19.863 + 3309.9s §CLAIM §STILL_REFINE start samples=8 triplanarMaterials=52 §MAXQ_FRAME_BUDGET taa=8 ao=12 (bake budget — Alt+S stills are unaffected)
19:23:19.863 + 3309.9s §CLAIM §STILL_REFINE start samples=8 triplanarMaterials=52 §MAXQ_FRAME_BUDGET taa=8 ao=12 (bake budget — Alt+S stills are unaffected)
19:23:19.863 + 3309.9s §CLAIM §STILL_REFINE start samples=8 triplanarMaterials=52 §MAXQ_FRAME_BUDGET taa=8 ao=12 (bake budget — Alt+S stills are unaffected)
19:23:19.863 + 3309.9s §CLAIM §STILL_REFINE start samples=8 triplanarMaterials=52 §MAXQ_FRAME_BUDGET taa=8 ao=12 (bake budget — Alt+S stills are unaffected)
19:23:19.863 + 3309.9s §CLAIM §STILL_REFINE start samples=8 triplanarMaterials=52 §MAXQ_FRAME_BUDGET taa=8 ao=12 (bake budget — Alt+S stills are unaffected)
19:23:19.863 + 3309.9s §CLAIM §STILL_REFINE start samples=8 triplanarMaterials=52 §MAXQ_FRAME_BUDGET taa=8 ao=12 (bake budget — Alt+S stills are unaffected)
19:23:19.863 + 3309.9s §CLAIM §STILL_REFINE start samples=8 triplanarMaterials=52 §MAXQ_FRAME_BUDGET taa=8 ao=12 (bake budget — Alt+S stills are unaffected)
19:23:19.863 + 3309.9s §CLAIM §STILL_REFINE start samples=8 triplanarMaterials=52 §MAXQ_FRAME_BUDGET taa=8 ao=12 (bake budget — Alt+S stills are unaffected)
19:23:19.863 + 3309.9s §CLAIM §STILL_REFINE start samples=8 triplanarMaterials=52 §MAXQ_FRAME_BUDGET taa=8 ao=12 (bake budget — Alt+S stills are unaffected)
19:23:19.863 + 3309.9s §CLAIM §STILL_REFINE start samples=8 triplanarMaterials=52 §MAXQ_FRAME_BUDGET taa=8 ao=12 (bake budget — Alt+S stills are unaffected)
19:23:19.863 + 3309.9s §CLAIM §STILL_REFINE start samples=8 triplanarMaterials=52 §MAXQ_FRAME_BUDGET taa=8 ao=12 (bake budget — Alt+S stills are unaffected)
19:23:19.863 + 3309.9s §CLAIM §STILL_REFINE start samples=8 triplanarMaterials=52 §MAXQ_FRAME_BUDGET taa=8 ao=12 (bake budget — Alt+S stills are unaffected)
19:23:19.863 + 3309.9s §CLAIM §STILL_REFINE start samples=8 triplanarMaterials=52 §MAXQ_FRAME_BUDGET taa=8 ao=12 (bake budget — Alt+S stills are unaffected)
19:23:19.863 + 3309.9s §CLAIM §STILL_REFINE start samples=8 triplanarMaterials=52 §MAXQ_FRAME_BUDGET taa=8 ao=12 (bake budget — Alt+S stills are unaffected)
19:23:19.863 + 3309.9s §CLAIM §STILL_REFINE start samples=8 triplanarMaterials=52 §MAXQ_FRAME_BUDGET taa=8 ao=12 (bake budget — Alt+S stills are unaffected)
19:23:19.863 + 3309.9s §CLAIM §STILL_REFINE start samples=8 triplanarMaterials=52 §MAXQ_FRAME_BUDGET taa=8 ao=12 (bake budget — Alt+S stills are unaffected)
19:23:19.863 + 3309.9s §CLAIM §STILL_REFINE start samples=8 triplanarMaterials=52 §MAXQ_FRAME_BUDGET taa=8 ao=12 (bake budget — Alt+S stills are unaffected)
19:23:19.863 + 3309.9s §CLAIM §STILL_REFINE start samples=8 triplanarMaterials=52 §MAXQ_FRAME_BUDGET taa=8 ao=12 (bake budget — Alt+S stills are unaffected)
19:23:19.863 + 3309.9s §CLAIM §STILL_REFINE start samples=8 triplanarMaterials=52 §MAXQ_FRAME_BUDGET taa=8 ao=12 (bake budget — Alt+S stills are unaffected)
19:23:19.863 + 3309.9s §CLAIM §STILL_REFINE start samples=8 triplanarMaterials=52 §MAXQ_FRAME_BUDGET taa=8 ao=12 (bake budget — Alt+S stills are unaffected)
19:23:19.863 + 3309.9s §CLAIM §STILL_REFINE start samples=8 triplanarMaterials=52 §MAXQ_FRAME_BUDGET taa=8 ao=12 (bake budget — Alt+S stills are unaffected)
19:23:19.863 + 3309.9s §CLAIM §STILL_REFINE start samples=8 triplanarMaterials=52 §MAXQ_FRAME_BUDGET taa=8 ao=12 (bake budget — Alt+S stills are unaffected)
19:23:19.863 + 3309.9s §CLAIM §STILL_REFINE start samples=8 triplanarMaterials=52 §MAXQ_FRAME_BUDGET taa=8 ao=12 (bake budget — Alt+S stills are unaffected)
19:23:19.863 + 3309.9s §CLAIM §STILL_REFINE start samples=8 triplanarMaterials=52 §MAXQ_FRAME_BUDGET taa=8 ao=12 (bake budget — Alt+S stills are unaffected)
19:23:19.863 + 3309.9s §CLAIM §STILL_REFINE start samples=8 triplanarMaterials=52 §MAXQ_FRAME_BUDGET taa=8 ao=12 (bake budget — Alt+S stills are unaffected)
19:23:19.863 + 3309.9s §CLAIM §STILL_REFINE start samples=8 triplanarMaterials=52 §MAXQ_FRAME_BUDGET taa=8 ao=12 (bake budget — Alt+S stills are unaffected)
19:23:19.863 + 3309.9s §CLAIM §STILL_REFINE start samples=8 triplanarMaterials=52 §MAXQ_FRAME_BUDGET taa=8 ao=12 (bake budget — Alt+S stills are unaffected)
19:23:19.863 + 3309.9s §CLAIM §STILL_REFINE start samples=8 triplanarMaterials=52 §MAXQ_FRAME_BUDGET taa=8 ao=12 (bake budget — Alt+S stills are unaffected)
19:23:19.863 + 3309.9s §CLAIM §STILL_REFINE start samples=8 triplanarMaterials=52 §MAXQ_FRAME_BUDGET taa=8 ao=12 (bake budget — Alt+S stills are unaffected)
19:23:19.863 + 3309.9s §CLAIM §STILL_REFINE start samples=8 triplanarMaterials=52 §MAXQ_FRAME_BUDGET taa=8 ao=12 (bake budget — Alt+S stills are unaffected)
19:23:19.863 + 3309.9s §CLAIM §STILL_REFINE start samples=8 triplanarMaterials=52 §MAXQ_FRAME_BUDGET taa=8 ao=12 (bake budget — Alt+S stills are unaffected)
19:23:19.863 + 3309.9s §CLAIM §STILL_REFINE start samples=8 triplanarMaterials=52 §MAXQ_FRAME_BUDGET taa=8 ao=12 (bake budget — Alt+S stills are unaffected)
19:23:19.863 + 3309.9s §CLAIM §STILL_REFINE start samples=8 triplanarMaterials=52 §MAXQ_FRAME_BUDGET taa=8 ao=12 (bake budget — Alt+S stills are unaffected)
19:23:19.863 + 3309.9s §CLAIM §STILL_REFINE start samples=8 triplanarMaterials=52 §MAXQ_FRAME_BUDGET taa=8 ao=12 (bake budget — Alt+S stills are unaffected)
19:23:19.863 + 3309.9s §CLAIM §STILL_REFINE start samples=8 triplanarMaterials=52 §MAXQ_FRAME_BUDGET taa=8 ao=12 (bake budget — Alt+S stills are unaffected)
19:23:19.863 + 3309.9s §CLAIM §STILL_REFINE start samples=8 triplanarMaterials=52 §MAXQ_FRAME_BUDGET taa=8 ao=12 (bake budget — Alt+S stills are unaffected)
19:23:19.863 + 3309.9s §CLAIM §STILL_REFINE start samples=8 triplanarMaterials=52 §MAXQ_FRAME_BUDGET taa=8 ao=12 (bake budget — Alt+S stills are unaffected)
19:23:19.863 + 3309.9s §CLAIM §STILL_REFINE start samples=8 triplanarMaterials=52 §MAXQ_FRAME_BUDGET taa=8 ao=12 (bake budget — Alt+S stills are unaffected)
19:23:19.863 + 3309.9s §CLAIM §STILL_REFINE start samples=8 triplanarMaterials=52 §MAXQ_FRAME_BUDGET taa=8 ao=12 (bake budget — Alt+S stills are unaffected)
19:23:19.863 + 3309.9s §CLAIM §STILL_REFINE start samples=8 triplanarMaterials=52 §MAXQ_FRAME_BUDGET taa=8 ao=12 (bake budget — Alt+S stills are unaffected)
19:23:19.863 + 3309.9s §CLAIM §STILL_REFINE start samples=8 triplanarMaterials=52 §MAXQ_FRAME_BUDGET taa=8 ao=12 (bake budget — Alt+S stills are unaffected)
19:23:19.863 + 3309.9s §CLAIM §STILL_REFINE start samples=8 triplanarMaterials=52 §MAXQ_FRAME_BUDGET taa=8 ao=12 (bake budget — Alt+S stills are unaffected)
19:23:19.863 + 3309.9s §CLAIM §STILL_REFINE start samples=8 triplanarMaterials=52 §MAXQ_FRAME_BUDGET taa=8 ao=12 (bake budget — Alt+S stills are unaffected)
19:23:19.863 + 3309.9s §CLAIM §STILL_REFINE start samples=8 triplanarMaterials=52 §MAXQ_FRAME_BUDGET taa=8 ao=12 (bake budget — Alt+S stills are unaffected)
19:23:19.863 + 3309.9s §CLAIM §STILL_REFINE start samples=8 triplanarMaterials=52 §MAXQ_FRAME_BUDGET taa=8 ao=12 (bake budget — Alt+S stills are unaffected)
19:23:19.863 + 3309.9s §CLAIM §STILL_REFINE start samples=8 triplanarMaterials=52 §MAXQ_FRAME_BUDGET taa=8 ao=12 (bake budget — Alt+S stills are unaffected)
19:23:19.863 + 3309.9s §CLAIM §STILL_REFINE start samples=8 triplanarMaterials=52 §MAXQ_FRAME_BUDGET taa=8 ao=12 (bake budget — Alt+S stills are unaffected)
19:23:19.863 + 3309.9s §CLAIM §STILL_REFINE start samples=8 triplanarMaterials=52 §MAXQ_FRAME_BUDGET taa=8 ao=12 (bake budget — Alt+S stills are unaffected)
19:23:19.863 + 3309.9s §CLAIM §STILL_REFINE start samples=8 triplanarMaterials=52 §MAXQ_FRAME_BUDGET taa=8 ao=12 (bake budget — Alt+S stills are unaffected)
19:23:19.863 + 3309.9s §CLAIM §STILL_REFINE start samples=8 triplanarMaterials=52 §MAXQ_FRAME_BUDGET taa=8 ao=12 (bake budget — Alt+S stills are unaffected)
19:23:19.863 + 3309.9s §CLAIM §STILL_REFINE start samples=8 triplanarMaterials=52 §MAXQ_FRAME_BUDGET taa=8 ao=12 (bake budget — Alt+S stills are unaffected)
19:23:19.863 + 3309.9s §CLAIM §STILL_REFINE start samples=8 triplanarMaterials=52 §MAXQ_FRAME_BUDGET taa=8 ao=12 (bake budget — Alt+S stills are unaffected)
19:23:19.863 + 3309.9s §CLAIM §STILL_REFINE start samples=8 triplanarMaterials=52 §MAXQ_FRAME_BUDGET taa=8 ao=12 (bake budget — Alt+S stills are unaffected)
19:23:19.863 + 3309.9s §CLAIM §STILL_REFINE start samples=8 triplanarMaterials=52 §MAXQ_FRAME_BUDGET taa=8 ao=12 (bake budget — Alt+S stills are unaffected)
19:23:19.863 + 3309.9s §CLAIM §STILL_REFINE start samples=8 triplanarMaterials=52 §MAXQ_FRAME_BUDGET taa=8 ao=12 (bake budget — Alt+S stills are unaffected)
19:23:19.863 + 3309.9s §CLAIM §STILL_REFINE start samples=8 triplanarMaterials=52 §MAXQ_FRAME_BUDGET taa=8 ao=12 (bake budget — Alt+S stills are unaffected)
19:23:19.863 + 3309.9s §CLAIM §STILL_REFINE start samples=8 triplanarMaterials=52 §MAXQ_FRAME_BUDGET taa=8 ao=12 (bake budget — Alt+S stills are unaffected)
19:23:19.863 + 3309.9s §CLAIM §STILL_REFINE start samples=8 triplanarMaterials=52 §MAXQ_FRAME_BUDGET taa=8 ao=12 (bake budget — Alt+S stills are unaffected)
19:23:19.863 + 3309.9s §CLAIM §STILL_REFINE start samples=8 triplanarMaterials=52 §MAXQ_FRAME_BUDGET taa=8 ao=12 (bake budget — Alt+S stills are unaffected)
19:23:19.863 + 3309.9s §CLAIM §STILL_REFINE start samples=8 triplanarMaterials=52 §MAXQ_FRAME_BUDGET taa=8 ao=12 (bake budget — Alt+S stills are unaffected)
19:23:19.863 + 3309.9s §CLAIM §STILL_REFINE start samples=8 triplanarMaterials=52 §MAXQ_FRAME_BUDGET taa=8 ao=12 (bake budget — Alt+S stills are unaffected)
19:23:19.863 + 3309.9s §CLAIM §STILL_REFINE start samples=8 triplanarMaterials=52 §MAXQ_FRAME_BUDGET taa=8 ao=12 (bake budget — Alt+S stills are unaffected)
19:23:19.863 + 3309.9s §CLAIM §STILL_REFINE start samples=8 triplanarMaterials=52 §MAXQ_FRAME_BUDGET taa=8 ao=12 (bake budget — Alt+S stills are unaffected)
19:23:19.863 + 3309.9s §CLAIM §STILL_REFINE start samples=8 triplanarMaterials=52 §MAXQ_FRAME_BUDGET taa=8 ao=12 (bake budget — Alt+S stills are unaffected)
19:23:19.863 + 3309.9s §CLAIM §STILL_REFINE start samples=8 triplanarMaterials=52 §MAXQ_FRAME_BUDGET taa=8 ao=12 (bake budget — Alt+S stills are unaffected)
19:23:19.863 + 3309.9s §CLAIM §STILL_REFINE start samples=8 triplanarMaterials=52 §MAXQ_FRAME_BUDGET taa=8 ao=12 (bake budget — Alt+S stills are unaffected)
19:23:19.863 + 3309.9s §CLAIM §STILL_REFINE start samples=8 triplanarMaterials=52 §MAXQ_FRAME_BUDGET taa=8 ao=12 (bake budget — Alt+S stills are unaffected)
19:23:19.863 + 3309.9s §CLAIM §STILL_REFINE start samples=8 triplanarMaterials=52 §MAXQ_FRAME_BUDGET taa=8 ao=12 (bake budget — Alt+S stills are unaffected)
19:23:19.863 + 3309.9s §CLAIM §STILL_REFINE start samples=8 triplanarMaterials=52 §MAXQ_FRAME_BUDGET taa=8 ao=12 (bake budget — Alt+S stills are unaffected)
19:23:19.863 + 3309.9s §CLAIM §STILL_REFINE start samples=8 triplanarMaterials=52 §MAXQ_FRAME_BUDGET taa=8 ao=12 (bake budget — Alt+S stills are unaffected)
19:23:19.863 + 3309.9s §CLAIM §STILL_REFINE start samples=8 triplanarMaterials=52 §MAXQ_FRAME_BUDGET taa=8 ao=12 (bake budget — Alt+S stills are unaffected)
19:23:19.863 + 3309.9s §CLAIM §STILL_REFINE start samples=8 triplanarMaterials=52 §MAXQ_FRAME_BUDGET taa=8 ao=12 (bake budget — Alt+S stills are unaffected)
19:23:19.863 + 3309.9s §CLAIM §STILL_REFINE start samples=8 triplanarMaterials=52 §MAXQ_FRAME_BUDGET taa=8 ao=12 (bake budget — Alt+S stills are unaffected)
19:23:19.863 + 3309.9s §CLAIM §STILL_REFINE start samples=8 triplanarMaterials=52 §MAXQ_FRAME_BUDGET taa=8 ao=12 (bake budget — Alt+S stills are unaffected)
19:23:19.863 + 3309.9s §CLAIM §STILL_REFINE start samples=8 triplanarMaterials=52 §MAXQ_FRAME_BUDGET taa=8 ao=12 (bake budget — Alt+S stills are unaffected)
19:23:19.863 + 3309.9s §CLAIM §STILL_REFINE start samples=8 triplanarMaterials=52 §MAXQ_FRAME_BUDGET taa=8 ao=12 (bake budget — Alt+S stills are unaffected)
19:23:19.863 + 3309.9s §CLAIM §STILL_REFINE start samples=8 triplanarMaterials=52 §MAXQ_FRAME_BUDGET taa=8 ao=12 (bake budget — Alt+S stills are unaffected)
19:23:19.863 + 3309.9s §CLAIM §STILL_REFINE start samples=8 triplanarMaterials=52 §MAXQ_FRAME_BUDGET taa=8 ao=12 (bake budget — Alt+S stills are unaffected)
19:23:19.863 + 3309.9s §CLAIM §STILL_REFINE start samples=8 triplanarMaterials=52 §MAXQ_FRAME_BUDGET taa=8 ao=12 (bake budget — Alt+S stills are unaffected)
19:23:19.863 + 3309.9s §CLAIM §STILL_REFINE start samples=8 triplanarMaterials=52 §MAXQ_FRAME_BUDGET taa=8 ao=12 (bake budget — Alt+S stills are unaffected)
19:23:19.863 + 3309.9s §CLAIM §STILL_REFINE start samples=8 triplanarMaterials=52 §MAXQ_FRAME_BUDGET taa=8 ao=12 (bake budget — Alt+S stills are unaffected)
19:23:19.863 + 3309.9s §CLAIM §STILL_REFINE start samples=8 triplanarMaterials=52 §MAXQ_FRAME_BUDGET taa=8 ao=12 (bake budget — Alt+S stills are unaffected)
19:23:19.863 + 3309.9s §CLAIM §STILL_REFINE start samples=8 triplanarMaterials=52 §MAXQ_FRAME_BUDGET taa=8 ao=12 (bake budget — Alt+S stills are unaffected)
19:23:19.863 + 3309.9s §CLAIM §STILL_REFINE start samples=8 triplanarMaterials=52 §MAXQ_FRAME_BUDGET taa=8 ao=12 (bake budget — Alt+S stills are unaffected)
19:23:19.863 + 3309.9s §CLAIM §STILL_REFINE start samples=8 triplanarMaterials=52 §MAXQ_FRAME_BUDGET taa=8 ao=12 (bake budget — Alt+S stills are unaffected)
19:23:19.863 + 3309.9s §CLAIM §STILL_REFINE start samples=8 triplanarMaterials=52 §MAXQ_FRAME_BUDGET taa=8 ao=12 (bake budget — Alt+S stills are unaffected)
19:23:19.863 + 3309.9s §CLAIM §STILL_REFINE start samples=8 triplanarMaterials=52 §MAXQ_FRAME_BUDGET taa=8 ao=12 (bake budget — Alt+S stills are unaffected)
19:23:19.863 + 3309.9s §CLAIM §STILL_REFINE start samples=8 triplanarMaterials=52 §MAXQ_FRAME_BUDGET taa=8 ao=12 (bake budget — Alt+S stills are unaffected)
19:23:19.863 + 3309.9s §CLAIM §STILL_REFINE start samples=8 triplanarMaterials=52 §MAXQ_FRAME_BUDGET taa=8 ao=12 (bake budget — Alt+S stills are unaffected)
19:23:19.863 + 3309.9s §CLAIM §STILL_REFINE start samples=8 triplanarMaterials=52 §MAXQ_FRAME_BUDGET taa=8 ao=12 (bake budget — Alt+S stills are unaffected)
19:23:19.863 + 3309.9s §CLAIM §STILL_REFINE start samples=8 triplanarMaterials=52 §MAXQ_FRAME_BUDGET taa=8 ao=12 (bake budget — Alt+S stills are unaffected)
19:23:19.863 + 3309.9s §CLAIM §STILL_REFINE start samples=8 triplanarMaterials=52 §MAXQ_FRAME_BUDGET taa=8 ao=12 (bake budget — Alt+S stills are unaffected)
19:23:19.863 + 3309.9s §CLAIM §STILL_REFINE start samples=8 triplanarMaterials=52 §MAXQ_FRAME_BUDGET taa=8 ao=12 (bake budget — Alt+S stills are unaffected)
19:23:19.863 + 3309.9s §CLAIM §STILL_REFINE start samples=8 triplanarMaterials=52 §MAXQ_FRAME_BUDGET taa=8 ao=12 (bake budget — Alt+S stills are unaffected)
19:23:19.863 + 3309.9s §CLAIM §STILL_REFINE start samples=8 triplanarMaterials=52 §MAXQ_FRAME_BUDGET taa=8 ao=12 (bake budget — Alt+S stills are unaffected)
19:23:19.863 + 3309.9s §CLAIM §STILL_REFINE start samples=8 triplanarMaterials=52 §MAXQ_FRAME_BUDGET taa=8 ao=12 (bake budget — Alt+S stills are unaffected)
19:23:19.863 + 3309.9s §CLAIM §STILL_REFINE start samples=8 triplanarMaterials=52 §MAXQ_FRAME_BUDGET taa=8 ao=12 (bake budget — Alt+S stills are unaffected)
19:23:19.863 + 3309.9s §CLAIM §STILL_REFINE start samples=8 triplanarMaterials=52 §MAXQ_FRAME_BUDGET taa=8 ao=12 (bake budget — Alt+S stills are unaffected)
19:23:19.863 + 3309.9s §CLAIM §STILL_REFINE start samples=8 triplanarMaterials=52 §MAXQ_FRAME_BUDGET taa=8 ao=12 (bake budget — Alt+S stills are unaffected)
19:23:19.863 + 3309.9s §CLAIM §STILL_REFINE start samples=8 triplanarMaterials=52 §MAXQ_FRAME_BUDGET taa=8 ao=12 (bake budget — Alt+S stills are unaffected)
19:23:19.863 + 3309.9s §CLAIM §STILL_REFINE start samples=8 triplanarMaterials=52 §MAXQ_FRAME_BUDGET taa=8 ao=12 (bake budget — Alt+S stills are unaffected)
19:23:19.863 + 3309.9s §CLAIM §STILL_REFINE start samples=8 triplanarMaterials=52 §MAXQ_FRAME_BUDGET taa=8 ao=12 (bake budget — Alt+S stills are unaffected)
19:23:19.863 + 3309.9s §CLAIM §STILL_REFINE start samples=8 triplanarMaterials=52 §MAXQ_FRAME_BUDGET taa=8 ao=12 (bake budget — Alt+S stills are unaffected)
19:23:19.863 + 3309.9s §CLAIM §STILL_REFINE start samples=8 triplanarMaterials=52 §MAXQ_FRAME_BUDGET taa=8 ao=12 (bake budget — Alt+S stills are unaffected)
19:23:19.863 + 3309.9s §CLAIM §STILL_REFINE start samples=8 triplanarMaterials=52 §MAXQ_FRAME_BUDGET taa=8 ao=12 (bake budget — Alt+S stills are unaffected)
19:23:19.863 + 3309.9s §CLAIM §STILL_REFINE start samples=8 triplanarMaterials=52 §MAXQ_FRAME_BUDGET taa=8 ao=12 (bake budget — Alt+S stills are unaffected)
19:23:19.863 + 3309.9s §CLAIM §STILL_REFINE start samples=8 triplanarMaterials=52 §MAXQ_FRAME_BUDGET taa=8 ao=12 (bake budget — Alt+S stills are unaffected)
19:23:19.863 + 3309.9s §CLAIM §STILL_REFINE start samples=8 triplanarMaterials=52 §MAXQ_FRAME_BUDGET taa=8 ao=12 (bake budget — Alt+S stills are unaffected)
19:23:19.863 + 3309.9s §CLAIM §STILL_REFINE start samples=8 triplanarMaterials=52 §MAXQ_FRAME_BUDGET taa=8 ao=12 (bake budget — Alt+S stills are unaffected)
19:23:19.863 + 3309.9s §CLAIM §STILL_REFINE start samples=8 triplanarMaterials=52 §MAXQ_FRAME_BUDGET taa=8 ao=12 (bake budget — Alt+S stills are unaffected)
19:23:19.863 + 3309.9s §CLAIM §STILL_REFINE start samples=8 triplanarMaterials=52 §MAXQ_FRAME_BUDGET taa=8 ao=12 (bake budget — Alt+S stills are unaffected)
19:23:19.863 + 3309.9s §CLAIM §STILL_REFINE start samples=8 triplanarMaterials=52 §MAXQ_FRAME_BUDGET taa=8 ao=12 (bake budget — Alt+S stills are unaffected)
19:23:19.863 + 3309.9s §CLAIM §STILL_REFINE start samples=8 triplanarMaterials=52 §MAXQ_FRAME_BUDGET taa=8 ao=12 (bake budget — Alt+S stills are unaffected)
19:23:19.864 + 3309.9s §CLAIM §STILL_REFINE start samples=8 triplanarMaterials=52 §MAXQ_FRAME_BUDGET taa=8 ao=12 (bake budget — Alt+S stills are unaffected)
19:23:19.864 + 3309.9s §CLAIM §STILL_REFINE start samples=8 triplanarMaterials=52 §MAXQ_FRAME_BUDGET taa=8 ao=12 (bake budget — Alt+S stills are unaffected)
19:23:19.864 + 3309.9s §CLAIM §STILL_REFINE start samples=8 triplanarMaterials=52 §MAXQ_FRAME_BUDGET taa=8 ao=12 (bake budget — Alt+S stills are unaffected)
19:23:19.864 + 3309.9s §CLAIM §STILL_REFINE start samples=8 triplanarMaterials=52 §MAXQ_FRAME_BUDGET taa=8 ao=12 (bake budget — Alt+S stills are unaffected)
19:23:19.864 + 3309.9s §CLAIM §STILL_REFINE start samples=8 triplanarMaterials=52 §MAXQ_FRAME_BUDGET taa=8 ao=12 (bake budget — Alt+S stills are unaffected)
19:23:19.864 + 3309.9s §CLAIM §STILL_REFINE start samples=8 triplanarMaterials=52 §MAXQ_FRAME_BUDGET taa=8 ao=12 (bake budget — Alt+S stills are unaffected)
19:23:19.864 + 3309.9s §CLAIM §STILL_REFINE start samples=8 triplanarMaterials=52 §MAXQ_FRAME_BUDGET taa=8 ao=12 (bake budget — Alt+S stills are unaffected)
19:23:19.864 + 3309.9s §CLAIM §STILL_REFINE start samples=8 triplanarMaterials=52 §MAXQ_FRAME_BUDGET taa=8 ao=12 (bake budget — Alt+S stills are unaffected)
19:23:19.864 + 3309.9s §CLAIM §STILL_REFINE start samples=8 triplanarMaterials=52 §MAXQ_FRAME_BUDGET taa=8 ao=12 (bake budget — Alt+S stills are unaffected)
19:23:19.864 + 3309.9s §CLAIM §STILL_REFINE start samples=8 triplanarMaterials=52 §MAXQ_FRAME_BUDGET taa=8 ao=12 (bake budget — Alt+S stills are unaffected)
19:23:19.864 + 3309.9s §CLAIM §STILL_REFINE start samples=8 triplanarMaterials=52 §MAXQ_FRAME_BUDGET taa=8 ao=12 (bake budget — Alt+S stills are unaffected)
19:23:19.864 + 3309.9s §CLAIM §STILL_REFINE start samples=8 triplanarMaterials=52 §MAXQ_FRAME_BUDGET taa=8 ao=12 (bake budget — Alt+S stills are unaffected)
19:23:19.864 + 3309.9s §CLAIM §STILL_REFINE start samples=8 triplanarMaterials=52 §MAXQ_FRAME_BUDGET taa=8 ao=12 (bake budget — Alt+S stills are unaffected)
19:23:19.864 + 3309.9s §CLAIM §STILL_REFINE start samples=8 triplanarMaterials=52 §MAXQ_FRAME_BUDGET taa=8 ao=12 (bake budget — Alt+S stills are unaffected)
19:23:19.864 + 3309.9s §CLAIM §STILL_REFINE start samples=8 triplanarMaterials=52 §MAXQ_FRAME_BUDGET taa=8 ao=12 (bake budget — Alt+S stills are unaffected)
19:23:19.864 + 3309.9s §CLAIM §STILL_REFINE start samples=8 triplanarMaterials=52 §MAXQ_FRAME_BUDGET taa=8 ao=12 (bake budget — Alt+S stills are unaffected)
19:23:19.864 + 3309.9s §CLAIM §STILL_REFINE start samples=8 triplanarMaterials=52 §MAXQ_FRAME_BUDGET taa=8 ao=12 (bake budget — Alt+S stills are unaffected)
19:23:19.864 + 3309.9s §CLAIM §STILL_REFINE start samples=8 triplanarMaterials=52 §MAXQ_FRAME_BUDGET taa=8 ao=12 (bake budget — Alt+S stills are unaffected)
19:23:19.864 + 3309.9s §CLAIM §STILL_REFINE start samples=8 triplanarMaterials=52 §MAXQ_FRAME_BUDGET taa=8 ao=12 (bake budget — Alt+S stills are unaffected)
19:23:19.864 + 3309.9s §CLAIM §STILL_REFINE start samples=8 triplanarMaterials=52 §MAXQ_FRAME_BUDGET taa=8 ao=12 (bake budget — Alt+S stills are unaffected)
19:23:19.864 + 3309.9s §CLAIM §STILL_REFINE start samples=8 triplanarMaterials=52 §MAXQ_FRAME_BUDGET taa=8 ao=12 (bake budget — Alt+S stills are unaffected)
19:23:19.864 + 3309.9s §CLAIM §STILL_REFINE start samples=8 triplanarMaterials=52 §MAXQ_FRAME_BUDGET taa=8 ao=12 (bake budget — Alt+S stills are unaffected)
19:23:19.864 + 3309.9s §CLAIM §STILL_REFINE start samples=8 triplanarMaterials=52 §MAXQ_FRAME_BUDGET taa=8 ao=12 (bake budget — Alt+S stills are unaffected)
19:23:19.864 + 3309.9s §CLAIM §STILL_REFINE start samples=8 triplanarMaterials=52 §MAXQ_FRAME_BUDGET taa=8 ao=12 (bake budget — Alt+S stills are unaffected)
19:23:19.864 + 3309.9s §CLAIM §STILL_REFINE start samples=8 triplanarMaterials=52 §MAXQ_FRAME_BUDGET taa=8 ao=12 (bake budget — Alt+S stills are unaffected)
19:23:19.864 + 3309.9s §CLAIM §STILL_REFINE start samples=8 triplanarMaterials=52 §MAXQ_FRAME_BUDGET taa=8 ao=12 (bake budget — Alt+S stills are unaffected)
19:23:19.864 + 3309.9s §CLAIM §STILL_REFINE start samples=8 triplanarMaterials=52 §MAXQ_FRAME_BUDGET taa=8 ao=12 (bake budget — Alt+S stills are unaffected)
19:23:19.864 + 3309.9s §CLAIM §STILL_REFINE start samples=8 triplanarMaterials=52 §MAXQ_FRAME_BUDGET taa=8 ao=12 (bake budget — Alt+S stills are unaffected)
19:23:19.864 + 3309.9s §CLAIM §STILL_REFINE start samples=8 triplanarMaterials=52 §MAXQ_FRAME_BUDGET taa=8 ao=12 (bake budget — Alt+S stills are unaffected)
19:23:19.864 + 3309.9s §CLAIM §STILL_REFINE start samples=8 triplanarMaterials=52 §MAXQ_FRAME_BUDGET taa=8 ao=12 (bake budget — Alt+S stills are unaffected)
19:23:19.864 + 3309.9s §CLAIM §STILL_REFINE start samples=8 triplanarMaterials=52 §MAXQ_FRAME_BUDGET taa=8 ao=12 (bake budget — Alt+S stills are unaffected)
19:23:19.864 + 3309.9s §CLAIM §STILL_REFINE start samples=8 triplanarMaterials=52 §MAXQ_FRAME_BUDGET taa=8 ao=12 (bake budget — Alt+S stills are unaffected)
19:23:19.864 + 3309.9s §CLAIM §STILL_REFINE start samples=8 triplanarMaterials=52 §MAXQ_FRAME_BUDGET taa=8 ao=12 (bake budget — Alt+S stills are unaffected)
19:23:19.864 + 3309.9s §CLAIM §STILL_REFINE start samples=8 triplanarMaterials=52 §MAXQ_FRAME_BUDGET taa=8 ao=12 (bake budget — Alt+S stills are unaffected)
19:23:19.864 + 3309.9s §CLAIM §STILL_REFINE start samples=8 triplanarMaterials=52 §MAXQ_FRAME_BUDGET taa=8 ao=12 (bake budget — Alt+S stills are unaffected)
19:23:19.864 + 3309.9s §CLAIM §STILL_REFINE start samples=8 triplanarMaterials=52 §MAXQ_FRAME_BUDGET taa=8 ao=12 (bake budget — Alt+S stills are unaffected)
19:23:19.864 + 3309.9s §CLAIM §STILL_REFINE start samples=8 triplanarMaterials=52 §MAXQ_FRAME_BUDGET taa=8 ao=12 (bake budget — Alt+S stills are unaffected)
19:23:19.864 + 3309.9s §CLAIM §STILL_REFINE start samples=8 triplanarMaterials=52 §MAXQ_FRAME_BUDGET taa=8 ao=12 (bake budget — Alt+S stills are unaffected)
19:23:19.864 + 3309.9s §CLAIM §STILL_REFINE start samples=8 triplanarMaterials=52 §MAXQ_FRAME_BUDGET taa=8 ao=12 (bake budget — Alt+S stills are unaffected)
19:23:19.864 + 3309.9s §CLAIM §STILL_REFINE start samples=8 triplanarMaterials=52 §MAXQ_FRAME_BUDGET taa=8 ao=12 (bake budget — Alt+S stills are unaffected)
19:23:19.864 + 3309.9s §CLAIM §STILL_REFINE start samples=8 triplanarMaterials=52 §MAXQ_FRAME_BUDGET taa=8 ao=12 (bake budget — Alt+S stills are unaffected)
19:23:19.864 + 3309.9s §CLAIM §STILL_REFINE start samples=8 triplanarMaterials=52 §MAXQ_FRAME_BUDGET taa=8 ao=12 (bake budget — Alt+S stills are unaffected)
19:23:19.864 + 3309.9s §CLAIM §STILL_REFINE start samples=8 triplanarMaterials=52 §MAXQ_FRAME_BUDGET taa=8 ao=12 (bake budget — Alt+S stills are unaffected)
19:23:19.864 + 3309.9s §CLAIM §STILL_REFINE start samples=8 triplanarMaterials=52 §MAXQ_FRAME_BUDGET taa=8 ao=12 (bake budget — Alt+S stills are unaffected)
19:23:19.864 + 3309.9s §CLAIM §STILL_REFINE start samples=8 triplanarMaterials=52 §MAXQ_FRAME_BUDGET taa=8 ao=12 (bake budget — Alt+S stills are unaffected)
19:23:19.864 + 3309.9s §CLAIM §STILL_REFINE start samples=8 triplanarMaterials=52 §MAXQ_FRAME_BUDGET taa=8 ao=12 (bake budget — Alt+S stills are unaffected)
19:23:19.864 + 3309.9s §CLAIM §STILL_REFINE start samples=8 triplanarMaterials=52 §MAXQ_FRAME_BUDGET taa=8 ao=12 (bake budget — Alt+S stills are unaffected)
19:23:19.864 + 3309.9s §CLAIM §STILL_REFINE start samples=8 triplanarMaterials=52 §MAXQ_FRAME_BUDGET taa=8 ao=12 (bake budget — Alt+S stills are unaffected)
19:23:19.864 + 3309.9s §CLAIM §STILL_REFINE start samples=8 triplanarMaterials=52 §MAXQ_FRAME_BUDGET taa=8 ao=12 (bake budget — Alt+S stills are unaffected)
19:23:19.864 + 3309.9s §CLAIM §STILL_REFINE start samples=8 triplanarMaterials=52 §MAXQ_FRAME_BUDGET taa=8 ao=12 (bake budget — Alt+S stills are unaffected)
19:23:19.864 + 3309.9s §CLAIM §STILL_REFINE start samples=8 triplanarMaterials=52 §MAXQ_FRAME_BUDGET taa=8 ao=12 (bake budget — Alt+S stills are unaffected)
19:23:19.864 + 3309.9s §CLAIM §STILL_REFINE start samples=8 triplanarMaterials=52 §MAXQ_FRAME_BUDGET taa=8 ao=12 (bake budget — Alt+S stills are unaffected)
19:23:19.864 + 3309.9s §CLAIM §STILL_REFINE start samples=8 triplanarMaterials=52 §MAXQ_FRAME_BUDGET taa=8 ao=12 (bake budget — Alt+S stills are unaffected)
19:23:19.864 + 3309.9s §CLAIM §STILL_REFINE start samples=8 triplanarMaterials=52 §MAXQ_FRAME_BUDGET taa=8 ao=12 (bake budget — Alt+S stills are unaffected)
19:23:19.864 + 3309.9s §CLAIM §STILL_REFINE start samples=8 triplanarMaterials=52 §MAXQ_FRAME_BUDGET taa=8 ao=12 (bake budget — Alt+S stills are unaffected)
19:23:19.864 + 3309.9s §CLAIM §STILL_REFINE start samples=8 triplanarMaterials=52 §MAXQ_FRAME_BUDGET taa=8 ao=12 (bake budget — Alt+S stills are unaffected)
19:23:19.864 + 3309.9s §CLAIM §STILL_REFINE start samples=8 triplanarMaterials=52 §MAXQ_FRAME_BUDGET taa=8 ao=12 (bake budget — Alt+S stills are unaffected)
19:23:19.864 + 3309.9s §CLAIM §STILL_REFINE start samples=8 triplanarMaterials=52 §MAXQ_FRAME_BUDGET taa=8 ao=12 (bake budget — Alt+S stills are unaffected)
19:23:19.864 + 3309.9s §CLAIM §STILL_REFINE start samples=8 triplanarMaterials=52 §MAXQ_FRAME_BUDGET taa=8 ao=12 (bake budget — Alt+S stills are unaffected)
19:23:19.864 + 3309.9s §CLAIM §STILL_REFINE start samples=8 triplanarMaterials=52 §MAXQ_FRAME_BUDGET taa=8 ao=12 (bake budget — Alt+S stills are unaffected)
19:23:19.864 + 3309.9s §CLAIM §STILL_REFINE start samples=8 triplanarMaterials=52 §MAXQ_FRAME_BUDGET taa=8 ao=12 (bake budget — Alt+S stills are unaffected)
19:23:19.864 + 3309.9s §CLAIM §STILL_REFINE start samples=8 triplanarMaterials=52 §MAXQ_FRAME_BUDGET taa=8 ao=12 (bake budget — Alt+S stills are unaffected)
19:23:19.864 + 3309.9s §CLAIM §STILL_REFINE start samples=8 triplanarMaterials=52 §MAXQ_FRAME_BUDGET taa=8 ao=12 (bake budget — Alt+S stills are unaffected)
19:23:19.864 + 3309.9s §CLAIM §STILL_REFINE start samples=8 triplanarMaterials=52 §MAXQ_FRAME_BUDGET taa=8 ao=12 (bake budget — Alt+S stills are unaffected)
19:23:19.864 + 3309.9s §CLAIM §STILL_REFINE start samples=8 triplanarMaterials=52 §MAXQ_FRAME_BUDGET taa=8 ao=12 (bake budget — Alt+S stills are unaffected)
19:23:19.864 + 3309.9s §CLAIM §STILL_REFINE start samples=8 triplanarMaterials=52 §MAXQ_FRAME_BUDGET taa=8 ao=12 (bake budget — Alt+S stills are unaffected)
19:23:19.864 + 3309.9s §CLAIM §STILL_REFINE start samples=8 triplanarMaterials=52 §MAXQ_FRAME_BUDGET taa=8 ao=12 (bake budget — Alt+S stills are unaffected)
19:23:19.864 + 3309.9s §CLAIM §STILL_REFINE start samples=8 triplanarMaterials=52 §MAXQ_FRAME_BUDGET taa=8 ao=12 (bake budget — Alt+S stills are unaffected)
19:23:19.864 + 3309.9s §CLAIM §STILL_REFINE start samples=8 triplanarMaterials=52 §MAXQ_FRAME_BUDGET taa=8 ao=12 (bake budget — Alt+S stills are unaffected)
19:23:19.864 + 3309.9s §CLAIM §STILL_REFINE start samples=8 triplanarMaterials=52 §MAXQ_FRAME_BUDGET taa=8 ao=12 (bake budget — Alt+S stills are unaffected)
19:23:19.864 + 3309.9s §CLAIM §STILL_REFINE start samples=8 triplanarMaterials=52 §MAXQ_FRAME_BUDGET taa=8 ao=12 (bake budget — Alt+S stills are unaffected)
19:23:19.864 + 3309.9s §CLAIM §STILL_REFINE start samples=8 triplanarMaterials=52 §MAXQ_FRAME_BUDGET taa=8 ao=12 (bake budget — Alt+S stills are unaffected)
19:23:19.864 + 3309.9s §CLAIM §STILL_REFINE start samples=8 triplanarMaterials=52 §MAXQ_FRAME_BUDGET taa=8 ao=12 (bake budget — Alt+S stills are unaffected)
19:23:19.864 + 3309.9s §CLAIM §STILL_REFINE start samples=8 triplanarMaterials=52 §MAXQ_FRAME_BUDGET taa=8 ao=12 (bake budget — Alt+S stills are unaffected)
19:23:19.864 + 3309.9s §CLAIM §STILL_REFINE start samples=8 triplanarMaterials=52 §MAXQ_FRAME_BUDGET taa=8 ao=12 (bake budget — Alt+S stills are unaffected)
19:23:19.864 + 3309.9s §CLAIM §STILL_REFINE start samples=8 triplanarMaterials=52 §MAXQ_FRAME_BUDGET taa=8 ao=12 (bake budget — Alt+S stills are unaffected)
19:23:19.864 + 3309.9s §CLAIM §STILL_REFINE start samples=8 triplanarMaterials=52 §MAXQ_FRAME_BUDGET taa=8 ao=12 (bake budget — Alt+S stills are unaffected)
19:23:19.864 + 3309.9s §CLAIM §STILL_REFINE start samples=8 triplanarMaterials=52 §MAXQ_FRAME_BUDGET taa=8 ao=12 (bake budget — Alt+S stills are unaffected)
19:23:19.864 + 3309.9s §CLAIM §STILL_REFINE start samples=8 triplanarMaterials=52 §MAXQ_FRAME_BUDGET taa=8 ao=12 (bake budget — Alt+S stills are unaffected)
19:23:19.864 + 3309.9s §CLAIM §STILL_REFINE start samples=8 triplanarMaterials=52 §MAXQ_FRAME_BUDGET taa=8 ao=12 (bake budget — Alt+S stills are unaffected)
19:23:19.864 + 3309.9s §CLAIM §STILL_REFINE start samples=8 triplanarMaterials=52 §MAXQ_FRAME_BUDGET taa=8 ao=12 (bake budget — Alt+S stills are unaffected)
19:23:19.864 + 3309.9s §CLAIM §STILL_REFINE start samples=8 triplanarMaterials=52 §MAXQ_FRAME_BUDGET taa=8 ao=12 (bake budget — Alt+S stills are unaffected)
19:23:19.864 + 3309.9s §CLAIM §STILL_REFINE start samples=8 triplanarMaterials=52 §MAXQ_FRAME_BUDGET taa=8 ao=12 (bake budget — Alt+S stills are unaffected)
19:23:19.864 + 3309.9s §CLAIM §STILL_REFINE start samples=8 triplanarMaterials=52 §MAXQ_FRAME_BUDGET taa=8 ao=12 (bake budget — Alt+S stills are unaffected)
19:23:19.864 + 3309.9s §CLAIM §STILL_REFINE start samples=8 triplanarMaterials=52 §MAXQ_FRAME_BUDGET taa=8 ao=12 (bake budget — Alt+S stills are unaffected)
19:23:19.864 + 3309.9s §CLAIM §STILL_REFINE start samples=8 triplanarMaterials=52 §MAXQ_FRAME_BUDGET taa=8 ao=12 (bake budget — Alt+S stills are unaffected)
19:23:19.864 + 3309.9s §CLAIM §STILL_REFINE start samples=8 triplanarMaterials=52 §MAXQ_FRAME_BUDGET taa=8 ao=12 (bake budget — Alt+S stills are unaffected)
19:23:19.864 + 3309.9s §CLAIM §STILL_REFINE start samples=8 triplanarMaterials=52 §MAXQ_FRAME_BUDGET taa=8 ao=12 (bake budget — Alt+S stills are unaffected)
19:23:19.864 + 3309.9s §CLAIM §STILL_REFINE start samples=8 triplanarMaterials=52 §MAXQ_FRAME_BUDGET taa=8 ao=12 (bake budget — Alt+S stills are unaffected)
19:23:19.864 + 3309.9s §CLAIM §STILL_REFINE start samples=8 triplanarMaterials=52 §MAXQ_FRAME_BUDGET taa=8 ao=12 (bake budget — Alt+S stills are unaffected)
19:23:19.864 + 3309.9s §CLAIM §STILL_REFINE start samples=8 triplanarMaterials=52 §MAXQ_FRAME_BUDGET taa=8 ao=12 (bake budget — Alt+S stills are unaffected)
19:23:19.864 + 3309.9s §CLAIM §STILL_REFINE start samples=8 triplanarMaterials=52 §MAXQ_FRAME_BUDGET taa=8 ao=12 (bake budget — Alt+S stills are unaffected)
19:23:19.864 + 3309.9s §CLAIM §STILL_REFINE start samples=8 triplanarMaterials=52 §MAXQ_FRAME_BUDGET taa=8 ao=12 (bake budget — Alt+S stills are unaffected)
19:23:19.864 + 3309.9s §CLAIM §STILL_REFINE start samples=8 triplanarMaterials=52 §MAXQ_FRAME_BUDGET taa=8 ao=12 (bake budget — Alt+S stills are unaffected)
19:23:19.864 + 3309.9s §CLAIM §STILL_REFINE start samples=8 triplanarMaterials=52 §MAXQ_FRAME_BUDGET taa=8 ao=12 (bake budget — Alt+S stills are unaffected)
19:23:19.864 + 3309.9s §CLAIM §STILL_REFINE start samples=8 triplanarMaterials=52 §MAXQ_FRAME_BUDGET taa=8 ao=12 (bake budget — Alt+S stills are unaffected)
19:23:19.864 + 3309.9s §CLAIM §STILL_REFINE start samples=8 triplanarMaterials=52 §MAXQ_FRAME_BUDGET taa=8 ao=12 (bake budget — Alt+S stills are unaffected)
19:23:19.864 + 3309.9s §CLAIM §STILL_REFINE start samples=8 triplanarMaterials=52 §MAXQ_FRAME_BUDGET taa=8 ao=12 (bake budget — Alt+S stills are unaffected)
19:23:19.864 + 3309.9s §CLAIM §STILL_REFINE start samples=8 triplanarMaterials=52 §MAXQ_FRAME_BUDGET taa=8 ao=12 (bake budget — Alt+S stills are unaffected)
19:23:19.864 + 3309.9s §CLAIM §STILL_REFINE start samples=8 triplanarMaterials=52 §MAXQ_FRAME_BUDGET taa=8 ao=12 (bake budget — Alt+S stills are unaffected)
19:23:19.864 + 3309.9s §CLAIM §STILL_REFINE start samples=8 triplanarMaterials=52 §MAXQ_FRAME_BUDGET taa=8 ao=12 (bake budget — Alt+S stills are unaffected)
19:23:19.864 + 3309.9s §CLAIM §STILL_REFINE start samples=8 triplanarMaterials=52 §MAXQ_FRAME_BUDGET taa=8 ao=12 (bake budget — Alt+S stills are unaffected)
19:23:19.864 + 3309.9s §CLAIM §STILL_REFINE start samples=8 triplanarMaterials=52 §MAXQ_FRAME_BUDGET taa=8 ao=12 (bake budget — Alt+S stills are unaffected)
19:23:19.864 + 3309.9s §CLAIM §STILL_REFINE start samples=8 triplanarMaterials=52 §MAXQ_FRAME_BUDGET taa=8 ao=12 (bake budget — Alt+S stills are unaffected)
19:23:19.864 + 3309.9s §CLAIM §STILL_REFINE start samples=8 triplanarMaterials=52 §MAXQ_FRAME_BUDGET taa=8 ao=12 (bake budget — Alt+S stills are unaffected)
19:23:19.864 + 3309.9s §CLAIM §STILL_REFINE start samples=8 triplanarMaterials=52 §MAXQ_FRAME_BUDGET taa=8 ao=12 (bake budget — Alt+S stills are unaffected)
19:23:19.864 + 3309.9s §CLAIM §STILL_REFINE start samples=8 triplanarMaterials=52 §MAXQ_FRAME_BUDGET taa=8 ao=12 (bake budget — Alt+S stills are unaffected)
19:23:19.864 + 3309.9s §CLAIM §STILL_REFINE start samples=8 triplanarMaterials=52 §MAXQ_FRAME_BUDGET taa=8 ao=12 (bake budget — Alt+S stills are unaffected)
19:23:19.864 + 3309.9s §CLAIM §STILL_REFINE start samples=8 triplanarMaterials=52 §MAXQ_FRAME_BUDGET taa=8 ao=12 (bake budget — Alt+S stills are unaffected)
19:23:19.864 + 3309.9s §CLAIM §STILL_REFINE start samples=8 triplanarMaterials=52 §MAXQ_FRAME_BUDGET taa=8 ao=12 (bake budget — Alt+S stills are unaffected)
19:23:19.864 + 3309.9s §CLAIM §STILL_REFINE start samples=8 triplanarMaterials=52 §MAXQ_FRAME_BUDGET taa=8 ao=12 (bake budget — Alt+S stills are unaffected)
19:23:19.864 + 3309.9s §CLAIM §STILL_REFINE start samples=8 triplanarMaterials=52 §MAXQ_FRAME_BUDGET taa=8 ao=12 (bake budget — Alt+S stills are unaffected)
19:23:19.864 + 3309.9s §CLAIM §STILL_REFINE start samples=8 triplanarMaterials=52 §MAXQ_FRAME_BUDGET taa=8 ao=12 (bake budget — Alt+S stills are unaffected)
19:23:19.864 + 3309.9s §CLAIM §STILL_REFINE start samples=8 triplanarMaterials=52 §MAXQ_FRAME_BUDGET taa=8 ao=12 (bake budget — Alt+S stills are unaffected)
19:23:19.864 + 3309.9s §CLAIM §STILL_REFINE start samples=8 triplanarMaterials=52 §MAXQ_FRAME_BUDGET taa=8 ao=12 (bake budget — Alt+S stills are unaffected)
19:23:19.864 + 3309.9s §CLAIM §STILL_REFINE start samples=8 triplanarMaterials=52 §MAXQ_FRAME_BUDGET taa=8 ao=12 (bake budget — Alt+S stills are unaffected)
19:23:19.864 + 3309.9s §CLAIM §STILL_REFINE start samples=8 triplanarMaterials=52 §MAXQ_FRAME_BUDGET taa=8 ao=12 (bake budget — Alt+S stills are unaffected)
19:23:19.864 + 3309.9s §CLAIM §STILL_REFINE start samples=8 triplanarMaterials=52 §MAXQ_FRAME_BUDGET taa=8 ao=12 (bake budget — Alt+S stills are unaffected)
19:23:19.864 + 3309.9s §CLAIM §STILL_REFINE start samples=8 triplanarMaterials=52 §MAXQ_FRAME_BUDGET taa=8 ao=12 (bake budget — Alt+S stills are unaffected)
19:23:19.864 + 3309.9s §CLAIM §STILL_REFINE start samples=8 triplanarMaterials=52 §MAXQ_FRAME_BUDGET taa=8 ao=12 (bake budget — Alt+S stills are unaffected)
19:23:19.865 + 3309.9s §CLAIM §STILL_REFINE start samples=8 triplanarMaterials=52 §MAXQ_FRAME_BUDGET taa=8 ao=12 (bake budget — Alt+S stills are unaffected)
19:23:19.865 + 3309.9s §CLAIM §STILL_REFINE start samples=8 triplanarMaterials=52 §MAXQ_FRAME_BUDGET taa=8 ao=12 (bake budget — Alt+S stills are unaffected)
19:23:19.865 + 3309.9s §CLAIM §STILL_REFINE start samples=8 triplanarMaterials=52 §MAXQ_FRAME_BUDGET taa=8 ao=12 (bake budget — Alt+S stills are unaffected)
19:23:19.865 + 3309.9s §CLAIM §STILL_REFINE start samples=8 triplanarMaterials=52 §MAXQ_FRAME_BUDGET taa=8 ao=12 (bake budget — Alt+S stills are unaffected)
19:23:19.865 + 3309.9s §CLAIM §STILL_REFINE start samples=8 triplanarMaterials=52 §MAXQ_FRAME_BUDGET taa=8 ao=12 (bake budget — Alt+S stills are unaffected)
19:23:19.865 + 3309.9s §CLAIM §STILL_REFINE start samples=8 triplanarMaterials=52 §MAXQ_FRAME_BUDGET taa=8 ao=12 (bake budget — Alt+S stills are unaffected)
19:23:19.865 + 3309.9s §CLAIM §STILL_REFINE start samples=8 triplanarMaterials=52 §MAXQ_FRAME_BUDGET taa=8 ao=12 (bake budget — Alt+S stills are unaffected)
19:23:19.865 + 3309.9s §CLAIM §STILL_REFINE start samples=8 triplanarMaterials=52 §MAXQ_FRAME_BUDGET taa=8 ao=12 (bake budget — Alt+S stills are unaffected)
19:23:19.865 + 3309.9s §CLAIM §STILL_REFINE start samples=8 triplanarMaterials=52 §MAXQ_FRAME_BUDGET taa=8 ao=12 (bake budget — Alt+S stills are unaffected)
19:23:19.865 + 3309.9s §CLAIM §STILL_REFINE start samples=8 triplanarMaterials=52 §MAXQ_FRAME_BUDGET taa=8 ao=12 (bake budget — Alt+S stills are unaffected)
19:23:19.865 + 3309.9s §CLAIM §STILL_REFINE start samples=8 triplanarMaterials=52 §MAXQ_FRAME_BUDGET taa=8 ao=12 (bake budget — Alt+S stills are unaffected)
19:23:19.865 + 3309.9s §CLAIM §STILL_REFINE start samples=8 triplanarMaterials=52 §MAXQ_FRAME_BUDGET taa=8 ao=12 (bake budget — Alt+S stills are unaffected)
19:23:19.865 + 3309.9s §CLAIM §STILL_REFINE start samples=8 triplanarMaterials=52 §MAXQ_FRAME_BUDGET taa=8 ao=12 (bake budget — Alt+S stills are unaffected)
19:23:19.865 + 3309.9s §CLAIM §STILL_REFINE start samples=8 triplanarMaterials=52 §MAXQ_FRAME_BUDGET taa=8 ao=12 (bake budget — Alt+S stills are unaffected)
19:23:19.865 + 3309.9s §CLAIM §STILL_REFINE start samples=8 triplanarMaterials=52 §MAXQ_FRAME_BUDGET taa=8 ao=12 (bake budget — Alt+S stills are unaffected)
19:23:19.865 + 3309.9s §CLAIM §STILL_REFINE start samples=8 triplanarMaterials=52 §MAXQ_FRAME_BUDGET taa=8 ao=12 (bake budget — Alt+S stills are unaffected)
19:23:19.865 + 3309.9s §CLAIM §STILL_REFINE start samples=8 triplanarMaterials=52 §MAXQ_FRAME_BUDGET taa=8 ao=12 (bake budget — Alt+S stills are unaffected)
19:23:19.865 + 3309.9s §CLAIM §STILL_REFINE start samples=8 triplanarMaterials=52 §MAXQ_FRAME_BUDGET taa=8 ao=12 (bake budget — Alt+S stills are unaffected)
19:23:19.865 + 3309.9s §CLAIM §STILL_REFINE start samples=8 triplanarMaterials=52 §MAXQ_FRAME_BUDGET taa=8 ao=12 (bake budget — Alt+S stills are unaffected)
19:23:19.865 + 3309.9s §CLAIM §STILL_REFINE start samples=8 triplanarMaterials=52 §MAXQ_FRAME_BUDGET taa=8 ao=12 (bake budget — Alt+S stills are unaffected)
19:23:19.865 + 3309.9s §CLAIM §STILL_REFINE start samples=8 triplanarMaterials=52 §MAXQ_FRAME_BUDGET taa=8 ao=12 (bake budget — Alt+S stills are unaffected)
19:23:19.865 + 3309.9s §CLAIM §STILL_REFINE start samples=8 triplanarMaterials=52 §MAXQ_FRAME_BUDGET taa=8 ao=12 (bake budget — Alt+S stills are unaffected)
19:23:19.865 + 3309.9s §CLAIM §STILL_REFINE start samples=8 triplanarMaterials=52 §MAXQ_FRAME_BUDGET taa=8 ao=12 (bake budget — Alt+S stills are unaffected)
19:23:19.865 + 3309.9s §CLAIM §STILL_REFINE start samples=8 triplanarMaterials=52 §MAXQ_FRAME_BUDGET taa=8 ao=12 (bake budget — Alt+S stills are unaffected)
19:23:19.865 + 3309.9s §CLAIM §STILL_REFINE start samples=8 triplanarMaterials=52 §MAXQ_FRAME_BUDGET taa=8 ao=12 (bake budget — Alt+S stills are unaffected)
19:23:19.865 + 3309.9s §CLAIM §STILL_REFINE start samples=8 triplanarMaterials=52 §MAXQ_FRAME_BUDGET taa=8 ao=12 (bake budget — Alt+S stills are unaffected)
19:23:19.865 + 3309.9s §CLAIM §STILL_REFINE start samples=8 triplanarMaterials=52 §MAXQ_FRAME_BUDGET taa=8 ao=12 (bake budget — Alt+S stills are unaffected)
19:23:19.865 + 3309.9s §CLAIM §STILL_REFINE start samples=8 triplanarMaterials=52 §MAXQ_FRAME_BUDGET taa=8 ao=12 (bake budget — Alt+S stills are unaffected)
19:23:19.865 + 3309.9s §CLAIM §STILL_REFINE start samples=8 triplanarMaterials=52 §MAXQ_FRAME_BUDGET taa=8 ao=12 (bake budget — Alt+S stills are unaffected)
19:23:19.865 + 3309.9s §CLAIM §STILL_REFINE start samples=8 triplanarMaterials=52 §MAXQ_FRAME_BUDGET taa=8 ao=12 (bake budget — Alt+S stills are unaffected)
19:23:19.865 + 3309.9s §CLAIM §STILL_REFINE start samples=8 triplanarMaterials=52 §MAXQ_FRAME_BUDGET taa=8 ao=12 (bake budget — Alt+S stills are unaffected)
19:23:19.865 + 3309.9s §CLAIM §STILL_REFINE start samples=8 triplanarMaterials=52 §MAXQ_FRAME_BUDGET taa=8 ao=12 (bake budget — Alt+S stills are unaffected)
19:23:19.865 + 3309.9s §CLAIM §STILL_REFINE start samples=8 triplanarMaterials=52 §MAXQ_FRAME_BUDGET taa=8 ao=12 (bake budget — Alt+S stills are unaffected)
19:23:19.865 + 3309.9s §CLAIM §STILL_REFINE start samples=8 triplanarMaterials=52 §MAXQ_FRAME_BUDGET taa=8 ao=12 (bake budget — Alt+S stills are unaffected)
19:23:19.865 + 3309.9s §CLAIM §STILL_REFINE start samples=8 triplanarMaterials=52 §MAXQ_FRAME_BUDGET taa=8 ao=12 (bake budget — Alt+S stills are unaffected)
19:23:19.865 + 3309.9s §CLAIM §STILL_REFINE start samples=8 triplanarMaterials=52 §MAXQ_FRAME_BUDGET taa=8 ao=12 (bake budget — Alt+S stills are unaffected)
19:23:19.865 + 3309.9s §CLAIM §STILL_REFINE start samples=8 triplanarMaterials=52 §MAXQ_FRAME_BUDGET taa=8 ao=12 (bake budget — Alt+S stills are unaffected)
19:23:19.865 + 3309.9s §CLAIM §STILL_REFINE start samples=8 triplanarMaterials=52 §MAXQ_FRAME_BUDGET taa=8 ao=12 (bake budget — Alt+S stills are unaffected)
19:23:19.865 + 3309.9s §CLAIM §STILL_REFINE start samples=8 triplanarMaterials=52 §MAXQ_FRAME_BUDGET taa=8 ao=12 (bake budget — Alt+S stills are unaffected)
19:23:19.865 + 3309.9s §CLAIM §STILL_REFINE start samples=8 triplanarMaterials=52 §MAXQ_FRAME_BUDGET taa=8 ao=12 (bake budget — Alt+S stills are unaffected)
19:23:19.865 + 3309.9s §CLAIM §STILL_REFINE start samples=8 triplanarMaterials=52 §MAXQ_FRAME_BUDGET taa=8 ao=12 (bake budget — Alt+S stills are unaffected)
19:23:19.865 + 3309.9s §CLAIM §STILL_REFINE start samples=8 triplanarMaterials=52 §MAXQ_FRAME_BUDGET taa=8 ao=12 (bake budget — Alt+S stills are unaffected)
19:23:19.865 + 3309.9s §CLAIM §STILL_REFINE start samples=8 triplanarMaterials=52 §MAXQ_FRAME_BUDGET taa=8 ao=12 (bake budget — Alt+S stills are unaffected)
19:23:19.865 + 3309.9s §CLAIM §STILL_REFINE start samples=8 triplanarMaterials=52 §MAXQ_FRAME_BUDGET taa=8 ao=12 (bake budget — Alt+S stills are unaffected)
19:23:19.865 + 3309.9s §CLAIM §STILL_REFINE start samples=8 triplanarMaterials=52 §MAXQ_FRAME_BUDGET taa=8 ao=12 (bake budget — Alt+S stills are unaffected)
19:23:19.865 + 3309.9s §CLAIM §STILL_REFINE start samples=8 triplanarMaterials=52 §MAXQ_FRAME_BUDGET taa=8 ao=12 (bake budget — Alt+S stills are unaffected)
19:23:19.865 + 3309.9s §CLAIM §STILL_REFINE start samples=8 triplanarMaterials=52 §MAXQ_FRAME_BUDGET taa=8 ao=12 (bake budget — Alt+S stills are unaffected)
19:23:19.865 + 3309.9s §CLAIM §STILL_REFINE start samples=8 triplanarMaterials=52 §MAXQ_FRAME_BUDGET taa=8 ao=12 (bake budget — Alt+S stills are unaffected)
19:23:19.865 + 3309.9s §CLAIM §STILL_REFINE start samples=8 triplanarMaterials=52 §MAXQ_FRAME_BUDGET taa=8 ao=12 (bake budget — Alt+S stills are unaffected)
19:23:19.865 + 3309.9s §CLAIM §STILL_REFINE start samples=8 triplanarMaterials=52 §MAXQ_FRAME_BUDGET taa=8 ao=12 (bake budget — Alt+S stills are unaffected)
19:23:19.865 + 3309.9s §CLAIM §STILL_REFINE start samples=8 triplanarMaterials=52 §MAXQ_FRAME_BUDGET taa=8 ao=12 (bake budget — Alt+S stills are unaffected)
19:23:19.865 + 3309.9s §CLAIM §STILL_REFINE start samples=8 triplanarMaterials=52 §MAXQ_FRAME_BUDGET taa=8 ao=12 (bake budget — Alt+S stills are unaffected)
19:23:19.865 + 3309.9s §CLAIM §STILL_REFINE start samples=8 triplanarMaterials=52 §MAXQ_FRAME_BUDGET taa=8 ao=12 (bake budget — Alt+S stills are unaffected)
19:23:19.865 + 3309.9s §CLAIM §STILL_REFINE start samples=8 triplanarMaterials=52 §MAXQ_FRAME_BUDGET taa=8 ao=12 (bake budget — Alt+S stills are unaffected)
19:23:19.865 + 3309.9s §CLAIM §STILL_REFINE start samples=8 triplanarMaterials=52 §MAXQ_FRAME_BUDGET taa=8 ao=12 (bake budget — Alt+S stills are unaffected)
19:23:19.865 + 3309.9s §CLAIM §STILL_REFINE start samples=8 triplanarMaterials=52 §MAXQ_FRAME_BUDGET taa=8 ao=12 (bake budget — Alt+S stills are unaffected)
19:23:19.865 + 3309.9s §CLAIM §STILL_REFINE start samples=8 triplanarMaterials=52 §MAXQ_FRAME_BUDGET taa=8 ao=12 (bake budget — Alt+S stills are unaffected)
19:23:19.865 + 3309.9s §CLAIM §STILL_REFINE start samples=8 triplanarMaterials=52 §MAXQ_FRAME_BUDGET taa=8 ao=12 (bake budget — Alt+S stills are unaffected)
19:23:19.865 + 3309.9s §CLAIM §STILL_REFINE start samples=8 triplanarMaterials=52 §MAXQ_FRAME_BUDGET taa=8 ao=12 (bake budget — Alt+S stills are unaffected)
19:23:19.865 + 3309.9s §CLAIM §STILL_REFINE start samples=8 triplanarMaterials=52 §MAXQ_FRAME_BUDGET taa=8 ao=12 (bake budget — Alt+S stills are unaffected)
19:23:19.865 + 3309.9s §CLAIM §STILL_REFINE start samples=8 triplanarMaterials=52 §MAXQ_FRAME_BUDGET taa=8 ao=12 (bake budget — Alt+S stills are unaffected)
19:23:19.865 + 3309.9s §CLAIM §STILL_REFINE start samples=8 triplanarMaterials=52 §MAXQ_FRAME_BUDGET taa=8 ao=12 (bake budget — Alt+S stills are unaffected)
19:23:19.865 + 3309.9s §CLAIM §STILL_REFINE start samples=8 triplanarMaterials=52 §MAXQ_FRAME_BUDGET taa=8 ao=12 (bake budget — Alt+S stills are unaffected)
19:23:19.865 + 3309.9s §CLAIM §STILL_REFINE start samples=8 triplanarMaterials=52 §MAXQ_FRAME_BUDGET taa=8 ao=12 (bake budget — Alt+S stills are unaffected)
19:23:19.865 + 3309.9s §CLAIM §STILL_REFINE start samples=8 triplanarMaterials=52 §MAXQ_FRAME_BUDGET taa=8 ao=12 (bake budget — Alt+S stills are unaffected)
19:23:19.865 + 3309.9s §CLAIM §STILL_REFINE start samples=8 triplanarMaterials=52 §MAXQ_FRAME_BUDGET taa=8 ao=12 (bake budget — Alt+S stills are unaffected)
19:23:19.865 + 3309.9s §CLAIM §STILL_REFINE start samples=8 triplanarMaterials=52 §MAXQ_FRAME_BUDGET taa=8 ao=12 (bake budget — Alt+S stills are unaffected)
19:23:19.865 + 3309.9s §CLAIM §STILL_REFINE start samples=8 triplanarMaterials=52 §MAXQ_FRAME_BUDGET taa=8 ao=12 (bake budget — Alt+S stills are unaffected)
19:23:19.865 + 3309.9s §CLAIM §STILL_REFINE start samples=8 triplanarMaterials=52 §MAXQ_FRAME_BUDGET taa=8 ao=12 (bake budget — Alt+S stills are unaffected)
19:23:19.865 + 3309.9s §CLAIM §STILL_REFINE start samples=8 triplanarMaterials=52 §MAXQ_FRAME_BUDGET taa=8 ao=12 (bake budget — Alt+S stills are unaffected)
19:23:19.865 + 3309.9s §CLAIM §STILL_REFINE start samples=8 triplanarMaterials=52 §MAXQ_FRAME_BUDGET taa=8 ao=12 (bake budget — Alt+S stills are unaffected)
19:23:19.865 + 3309.9s §CLAIM §STILL_REFINE start samples=8 triplanarMaterials=52 §MAXQ_FRAME_BUDGET taa=8 ao=12 (bake budget — Alt+S stills are unaffected)
19:23:19.865 + 3309.9s §CLAIM §STILL_REFINE start samples=8 triplanarMaterials=52 §MAXQ_FRAME_BUDGET taa=8 ao=12 (bake budget — Alt+S stills are unaffected)
19:23:19.865 + 3309.9s §CLAIM §STILL_REFINE start samples=8 triplanarMaterials=52 §MAXQ_FRAME_BUDGET taa=8 ao=12 (bake budget — Alt+S stills are unaffected)
19:23:19.865 + 3309.9s §CLAIM §STILL_REFINE start samples=8 triplanarMaterials=52 §MAXQ_FRAME_BUDGET taa=8 ao=12 (bake budget — Alt+S stills are unaffected)
19:23:19.865 + 3309.9s §CLAIM §STILL_REFINE start samples=8 triplanarMaterials=52 §MAXQ_FRAME_BUDGET taa=8 ao=12 (bake budget — Alt+S stills are unaffected)
19:23:19.865 + 3309.9s §CLAIM §STILL_REFINE start samples=8 triplanarMaterials=52 §MAXQ_FRAME_BUDGET taa=8 ao=12 (bake budget — Alt+S stills are unaffected)
19:23:19.865 + 3309.9s §CLAIM §STILL_REFINE start samples=8 triplanarMaterials=52 §MAXQ_FRAME_BUDGET taa=8 ao=12 (bake budget — Alt+S stills are unaffected)
19:23:19.865 + 3309.9s §CLAIM §STILL_REFINE start samples=8 triplanarMaterials=52 §MAXQ_FRAME_BUDGET taa=8 ao=12 (bake budget — Alt+S stills are unaffected)
19:23:19.865 + 3309.9s §CLAIM §STILL_REFINE start samples=8 triplanarMaterials=52 §MAXQ_FRAME_BUDGET taa=8 ao=12 (bake budget — Alt+S stills are unaffected)
19:23:19.865 + 3309.9s §CLAIM §STILL_REFINE start samples=8 triplanarMaterials=52 §MAXQ_FRAME_BUDGET taa=8 ao=12 (bake budget — Alt+S stills are unaffected)
19:23:19.865 + 3309.9s §CLAIM §STILL_REFINE start samples=8 triplanarMaterials=52 §MAXQ_FRAME_BUDGET taa=8 ao=12 (bake budget — Alt+S stills are unaffected)
19:23:19.865 + 3309.9s §CLAIM §STILL_REFINE start samples=8 triplanarMaterials=52 §MAXQ_FRAME_BUDGET taa=8 ao=12 (bake budget — Alt+S stills are unaffected)
19:23:19.865 + 3309.9s §CLAIM §STILL_REFINE start samples=8 triplanarMaterials=52 §MAXQ_FRAME_BUDGET taa=8 ao=12 (bake budget — Alt+S stills are unaffected)
19:23:19.865 + 3309.9s §CLAIM §STILL_REFINE start samples=8 triplanarMaterials=52 §MAXQ_FRAME_BUDGET taa=8 ao=12 (bake budget — Alt+S stills are unaffected)
19:23:19.865 + 3309.9s §CLAIM §STILL_REFINE start samples=8 triplanarMaterials=52 §MAXQ_FRAME_BUDGET taa=8 ao=12 (bake budget — Alt+S stills are unaffected)
19:23:19.865 + 3309.9s §CLAIM §STILL_REFINE start samples=8 triplanarMaterials=52 §MAXQ_FRAME_BUDGET taa=8 ao=12 (bake budget — Alt+S stills are unaffected)
19:23:19.865 + 3309.9s §CLAIM §STILL_REFINE start samples=8 triplanarMaterials=52 §MAXQ_FRAME_BUDGET taa=8 ao=12 (bake budget — Alt+S stills are unaffected)
19:23:19.865 + 3309.9s §CLAIM §STILL_REFINE start samples=8 triplanarMaterials=52 §MAXQ_FRAME_BUDGET taa=8 ao=12 (bake budget — Alt+S stills are unaffected)
19:23:19.865 + 3309.9s §CLAIM §STILL_REFINE start samples=8 triplanarMaterials=52 §MAXQ_FRAME_BUDGET taa=8 ao=12 (bake budget — Alt+S stills are unaffected)
19:23:19.865 + 3309.9s §CLAIM §STILL_REFINE start samples=8 triplanarMaterials=52 §MAXQ_FRAME_BUDGET taa=8 ao=12 (bake budget — Alt+S stills are unaffected)
19:23:19.865 + 3309.9s §CLAIM §STILL_REFINE start samples=8 triplanarMaterials=52 §MAXQ_FRAME_BUDGET taa=8 ao=12 (bake budget — Alt+S stills are unaffected)
19:23:19.865 + 3309.9s §CLAIM §STILL_REFINE start samples=8 triplanarMaterials=52 §MAXQ_FRAME_BUDGET taa=8 ao=12 (bake budget — Alt+S stills are unaffected)
19:23:19.865 + 3309.9s §CLAIM §STILL_REFINE start samples=8 triplanarMaterials=52 §MAXQ_FRAME_BUDGET taa=8 ao=12 (bake budget — Alt+S stills are unaffected)
19:23:19.865 + 3309.9s §CLAIM §STILL_REFINE start samples=8 triplanarMaterials=52 §MAXQ_FRAME_BUDGET taa=8 ao=12 (bake budget — Alt+S stills are unaffected)
19:23:19.865 + 3309.9s §CLAIM §STILL_REFINE start samples=8 triplanarMaterials=52 §MAXQ_FRAME_BUDGET taa=8 ao=12 (bake budget — Alt+S stills are unaffected)
19:23:19.865 + 3309.9s §CLAIM §STILL_REFINE start samples=8 triplanarMaterials=52 §MAXQ_FRAME_BUDGET taa=8 ao=12 (bake budget — Alt+S stills are unaffected)
19:23:19.865 + 3309.9s §CLAIM §STILL_REFINE start samples=8 triplanarMaterials=52 §MAXQ_FRAME_BUDGET taa=8 ao=12 (bake budget — Alt+S stills are unaffected)
19:23:19.865 + 3309.9s §CLAIM §STILL_REFINE start samples=8 triplanarMaterials=52 §MAXQ_FRAME_BUDGET taa=8 ao=12 (bake budget — Alt+S stills are unaffected)
19:23:19.865 + 3309.9s §CLAIM §STILL_REFINE start samples=8 triplanarMaterials=52 §MAXQ_FRAME_BUDGET taa=8 ao=12 (bake budget — Alt+S stills are unaffected)
19:23:19.865 + 3309.9s §CLAIM §STILL_REFINE start samples=8 triplanarMaterials=52 §MAXQ_FRAME_BUDGET taa=8 ao=12 (bake budget — Alt+S stills are unaffected)
19:23:19.865 + 3309.9s §CLAIM §STILL_REFINE start samples=8 triplanarMaterials=52 §MAXQ_FRAME_BUDGET taa=8 ao=12 (bake budget — Alt+S stills are unaffected)
19:23:19.865 + 3309.9s §CLAIM §STILL_REFINE start samples=8 triplanarMaterials=52 §MAXQ_FRAME_BUDGET taa=8 ao=12 (bake budget — Alt+S stills are unaffected)
19:23:19.865 + 3309.9s §CLAIM §STILL_REFINE start samples=8 triplanarMaterials=52 §MAXQ_FRAME_BUDGET taa=8 ao=12 (bake budget — Alt+S stills are unaffected)
19:23:19.865 + 3309.9s §CLAIM §STILL_REFINE start samples=8 triplanarMaterials=52 §MAXQ_FRAME_BUDGET taa=8 ao=12 (bake budget — Alt+S stills are unaffected)
19:23:19.865 + 3309.9s §CLAIM §STILL_REFINE start samples=8 triplanarMaterials=52 §MAXQ_FRAME_BUDGET taa=8 ao=12 (bake budget — Alt+S stills are unaffected)
19:23:19.865 + 3309.9s §CLAIM §STILL_REFINE start samples=8 triplanarMaterials=52 §MAXQ_FRAME_BUDGET taa=8 ao=12 (bake budget — Alt+S stills are unaffected)
19:23:19.865 + 3309.9s §CLAIM §STILL_REFINE start samples=8 triplanarMaterials=52 §MAXQ_FRAME_BUDGET taa=8 ao=12 (bake budget — Alt+S stills are unaffected)
19:23:19.865 + 3309.9s §CLAIM §STILL_REFINE start samples=8 triplanarMaterials=52 §MAXQ_FRAME_BUDGET taa=8 ao=12 (bake budget — Alt+S stills are unaffected)
19:23:19.865 + 3309.9s §CLAIM §STILL_REFINE start samples=8 triplanarMaterials=52 §MAXQ_FRAME_BUDGET taa=8 ao=12 (bake budget — Alt+S stills are unaffected)
19:23:19.865 + 3309.9s §CLAIM §STILL_REFINE start samples=8 triplanarMaterials=52 §MAXQ_FRAME_BUDGET taa=8 ao=12 (bake budget — Alt+S stills are unaffected)
19:23:19.865 + 3309.9s §CLAIM §STILL_REFINE start samples=8 triplanarMaterials=52 §MAXQ_FRAME_BUDGET taa=8 ao=12 (bake budget — Alt+S stills are unaffected)
19:23:19.865 + 3309.9s §CLAIM §STILL_REFINE start samples=8 triplanarMaterials=52 §MAXQ_FRAME_BUDGET taa=8 ao=12 (bake budget — Alt+S stills are unaffected)
19:23:19.865 + 3309.9s §CLAIM §STILL_REFINE start samples=8 triplanarMaterials=52 §MAXQ_FRAME_BUDGET taa=8 ao=12 (bake budget — Alt+S stills are unaffected)
19:23:19.865 + 3309.9s §CLAIM §STILL_REFINE start samples=8 triplanarMaterials=52 §MAXQ_FRAME_BUDGET taa=8 ao=12 (bake budget — Alt+S stills are unaffected)
19:23:19.865 + 3309.9s §CLAIM §STILL_REFINE start samples=8 triplanarMaterials=52 §MAXQ_FRAME_BUDGET taa=8 ao=12 (bake budget — Alt+S stills are unaffected)
19:23:19.865 + 3309.9s §CLAIM §STILL_REFINE start samples=8 triplanarMaterials=52 §MAXQ_FRAME_BUDGET taa=8 ao=12 (bake budget — Alt+S stills are unaffected)
19:23:19.865 + 3309.9s §CLAIM §STILL_REFINE start samples=8 triplanarMaterials=52 §MAXQ_FRAME_BUDGET taa=8 ao=12 (bake budget — Alt+S stills are unaffected)
19:23:19.865 + 3309.9s §CLAIM §STILL_REFINE start samples=8 triplanarMaterials=52 §MAXQ_FRAME_BUDGET taa=8 ao=12 (bake budget — Alt+S stills are unaffected)
19:23:19.865 + 3309.9s §CLAIM §STILL_REFINE start samples=8 triplanarMaterials=52 §MAXQ_FRAME_BUDGET taa=8 ao=12 (bake budget — Alt+S stills are unaffected)
19:23:19.865 + 3309.9s §CLAIM §STILL_REFINE start samples=8 triplanarMaterials=52 §MAXQ_FRAME_BUDGET taa=8 ao=12 (bake budget — Alt+S stills are unaffected)
19:23:19.865 + 3309.9s §CLAIM §STILL_REFINE start samples=8 triplanarMaterials=52 §MAXQ_FRAME_BUDGET taa=8 ao=12 (bake budget — Alt+S stills are unaffected)
19:23:19.865 + 3309.9s §CLAIM §STILL_REFINE start samples=8 triplanarMaterials=52 §MAXQ_FRAME_BUDGET taa=8 ao=12 (bake budget — Alt+S stills are unaffected)
19:23:19.865 + 3309.9s §CLAIM §STILL_REFINE start samples=8 triplanarMaterials=52 §MAXQ_FRAME_BUDGET taa=8 ao=12 (bake budget — Alt+S stills are unaffected)
19:23:19.865 + 3309.9s §CLAIM §STILL_REFINE start samples=8 triplanarMaterials=52 §MAXQ_FRAME_BUDGET taa=8 ao=12 (bake budget — Alt+S stills are unaffected)
19:23:19.865 + 3309.9s §CLAIM §STILL_REFINE start samples=8 triplanarMaterials=52 §MAXQ_FRAME_BUDGET taa=8 ao=12 (bake budget — Alt+S stills are unaffected)
19:23:19.865 + 3309.9s §CLAIM §STILL_REFINE start samples=8 triplanarMaterials=52 §MAXQ_FRAME_BUDGET taa=8 ao=12 (bake budget — Alt+S stills are unaffected)
19:23:19.865 + 3309.9s §CLAIM §STILL_REFINE start samples=8 triplanarMaterials=52 §MAXQ_FRAME_BUDGET taa=8 ao=12 (bake budget — Alt+S stills are unaffected)
19:23:19.866 + 3309.9s §CLAIM §STILL_REFINE start samples=8 triplanarMaterials=52 §MAXQ_FRAME_BUDGET taa=8 ao=12 (bake budget — Alt+S stills are unaffected)
19:23:19.866 + 3309.9s §CLAIM §STILL_REFINE start samples=8 triplanarMaterials=52 §MAXQ_FRAME_BUDGET taa=8 ao=12 (bake budget — Alt+S stills are unaffected)
19:23:19.866 + 3309.9s §CLAIM §STILL_REFINE start samples=8 triplanarMaterials=52 §MAXQ_FRAME_BUDGET taa=8 ao=12 (bake budget — Alt+S stills are unaffected)
19:23:19.866 + 3309.9s §CLAIM §STILL_REFINE start samples=8 triplanarMaterials=52 §MAXQ_FRAME_BUDGET taa=8 ao=12 (bake budget — Alt+S stills are unaffected)
19:23:19.866 + 3309.9s §CLAIM §STILL_REFINE start samples=8 triplanarMaterials=52 §MAXQ_FRAME_BUDGET taa=8 ao=12 (bake budget — Alt+S stills are unaffected)
19:23:19.866 + 3309.9s §CLAIM §STILL_REFINE start samples=8 triplanarMaterials=52 §MAXQ_FRAME_BUDGET taa=8 ao=12 (bake budget — Alt+S stills are unaffected)
19:23:19.866 + 3309.9s §CLAIM §STILL_REFINE start samples=8 triplanarMaterials=52 §MAXQ_FRAME_BUDGET taa=8 ao=12 (bake budget — Alt+S stills are unaffected)
19:23:19.866 + 3309.9s §CLAIM §STILL_REFINE start samples=8 triplanarMaterials=52 §MAXQ_FRAME_BUDGET taa=8 ao=12 (bake budget — Alt+S stills are unaffected)
19:23:19.866 + 3309.9s §CLAIM §STILL_REFINE start samples=8 triplanarMaterials=52 §MAXQ_FRAME_BUDGET taa=8 ao=12 (bake budget — Alt+S stills are unaffected)
19:23:19.866 + 3309.9s §CLAIM §STILL_REFINE start samples=8 triplanarMaterials=52 §MAXQ_FRAME_BUDGET taa=8 ao=12 (bake budget — Alt+S stills are unaffected)
19:23:19.866 + 3309.9s §CLAIM §STILL_REFINE start samples=8 triplanarMaterials=52 §MAXQ_FRAME_BUDGET taa=8 ao=12 (bake budget — Alt+S stills are unaffected)
19:23:19.866 + 3309.9s §CLAIM §STILL_REFINE start samples=8 triplanarMaterials=52 §MAXQ_FRAME_BUDGET taa=8 ao=12 (bake budget — Alt+S stills are unaffected)
19:23:19.866 + 3309.9s §CLAIM §STILL_REFINE start samples=8 triplanarMaterials=52 §MAXQ_FRAME_BUDGET taa=8 ao=12 (bake budget — Alt+S stills are unaffected)
19:23:19.866 + 3309.9s §CLAIM §STILL_REFINE start samples=8 triplanarMaterials=52 §MAXQ_FRAME_BUDGET taa=8 ao=12 (bake budget — Alt+S stills are unaffected)
19:23:19.866 + 3309.9s §CLAIM §STILL_REFINE start samples=8 triplanarMaterials=52 §MAXQ_FRAME_BUDGET taa=8 ao=12 (bake budget — Alt+S stills are unaffected)
19:23:19.866 + 3309.9s §CLAIM §STILL_REFINE start samples=8 triplanarMaterials=52 §MAXQ_FRAME_BUDGET taa=8 ao=12 (bake budget — Alt+S stills are unaffected)
19:23:19.866 + 3309.9s §CLAIM §STILL_REFINE start samples=8 triplanarMaterials=52 §MAXQ_FRAME_BUDGET taa=8 ao=12 (bake budget — Alt+S stills are unaffected)
19:23:19.866 + 3309.9s §CLAIM §STILL_REFINE start samples=8 triplanarMaterials=52 §MAXQ_FRAME_BUDGET taa=8 ao=12 (bake budget — Alt+S stills are unaffected)
19:23:19.866 + 3309.9s §CLAIM §STILL_REFINE start samples=8 triplanarMaterials=52 §MAXQ_FRAME_BUDGET taa=8 ao=12 (bake budget — Alt+S stills are unaffected)
19:23:19.866 + 3309.9s §CLAIM §STILL_REFINE start samples=8 triplanarMaterials=52 §MAXQ_FRAME_BUDGET taa=8 ao=12 (bake budget — Alt+S stills are unaffected)
19:23:19.866 + 3309.9s §CLAIM §STILL_REFINE start samples=8 triplanarMaterials=52 §MAXQ_FRAME_BUDGET taa=8 ao=12 (bake budget — Alt+S stills are unaffected)
19:23:19.866 + 3309.9s §CLAIM §STILL_REFINE start samples=8 triplanarMaterials=52 §MAXQ_FRAME_BUDGET taa=8 ao=12 (bake budget — Alt+S stills are unaffected)
19:23:19.866 + 3309.9s §CLAIM §STILL_REFINE start samples=8 triplanarMaterials=52 §MAXQ_FRAME_BUDGET taa=8 ao=12 (bake budget — Alt+S stills are unaffected)
19:23:19.866 + 3309.9s §CLAIM §STILL_REFINE start samples=8 triplanarMaterials=52 §MAXQ_FRAME_BUDGET taa=8 ao=12 (bake budget — Alt+S stills are unaffected)
19:23:19.866 + 3309.9s §CLAIM §STILL_REFINE start samples=8 triplanarMaterials=52 §MAXQ_FRAME_BUDGET taa=8 ao=12 (bake budget — Alt+S stills are unaffected)
19:23:19.866 + 3309.9s §CLAIM §STILL_REFINE start samples=8 triplanarMaterials=52 §MAXQ_FRAME_BUDGET taa=8 ao=12 (bake budget — Alt+S stills are unaffected)
19:23:19.866 + 3309.9s §CLAIM §STILL_REFINE start samples=8 triplanarMaterials=52 §MAXQ_FRAME_BUDGET taa=8 ao=12 (bake budget — Alt+S stills are unaffected)
19:23:19.866 + 3309.9s §CLAIM §STILL_REFINE start samples=8 triplanarMaterials=52 §MAXQ_FRAME_BUDGET taa=8 ao=12 (bake budget — Alt+S stills are unaffected)
19:23:19.866 + 3309.9s §CLAIM §STILL_REFINE start samples=8 triplanarMaterials=52 §MAXQ_FRAME_BUDGET taa=8 ao=12 (bake budget — Alt+S stills are unaffected)
19:23:19.866 + 3309.9s §CLAIM §STILL_REFINE start samples=8 triplanarMaterials=52 §MAXQ_FRAME_BUDGET taa=8 ao=12 (bake budget — Alt+S stills are unaffected)
19:23:19.866 + 3309.9s §CLAIM §STILL_REFINE start samples=8 triplanarMaterials=52 §MAXQ_FRAME_BUDGET taa=8 ao=12 (bake budget — Alt+S stills are unaffected)
19:23:19.866 + 3309.9s §CLAIM §STILL_REFINE start samples=8 triplanarMaterials=52 §MAXQ_FRAME_BUDGET taa=8 ao=12 (bake budget — Alt+S stills are unaffected)
19:23:19.866 + 3309.9s §CLAIM §STILL_REFINE start samples=8 triplanarMaterials=52 §MAXQ_FRAME_BUDGET taa=8 ao=12 (bake budget — Alt+S stills are unaffected)
19:23:19.866 + 3309.9s §CLAIM §STILL_REFINE start samples=8 triplanarMaterials=52 §MAXQ_FRAME_BUDGET taa=8 ao=12 (bake budget — Alt+S stills are unaffected)
19:23:19.866 + 3309.9s §CLAIM §STILL_REFINE start samples=8 triplanarMaterials=52 §MAXQ_FRAME_BUDGET taa=8 ao=12 (bake budget — Alt+S stills are unaffected)
19:23:19.866 + 3309.9s §CLAIM §STILL_REFINE start samples=8 triplanarMaterials=52 §MAXQ_FRAME_BUDGET taa=8 ao=12 (bake budget — Alt+S stills are unaffected)
19:23:19.866 + 3309.9s §CLAIM §STILL_REFINE start samples=8 triplanarMaterials=52 §MAXQ_FRAME_BUDGET taa=8 ao=12 (bake budget — Alt+S stills are unaffected)
19:23:19.866 + 3309.9s §CLAIM §STILL_REFINE start samples=8 triplanarMaterials=52 §MAXQ_FRAME_BUDGET taa=8 ao=12 (bake budget — Alt+S stills are unaffected)
19:23:19.866 + 3309.9s §CLAIM §STILL_REFINE start samples=8 triplanarMaterials=52 §MAXQ_FRAME_BUDGET taa=8 ao=12 (bake budget — Alt+S stills are unaffected)
19:23:19.866 + 3309.9s §CLAIM §STILL_REFINE start samples=8 triplanarMaterials=52 §MAXQ_FRAME_BUDGET taa=8 ao=12 (bake budget — Alt+S stills are unaffected)
19:23:19.866 + 3309.9s §CLAIM §STILL_REFINE start samples=8 triplanarMaterials=52 §MAXQ_FRAME_BUDGET taa=8 ao=12 (bake budget — Alt+S stills are unaffected)
19:23:19.866 + 3309.9s §CLAIM §STILL_REFINE start samples=8 triplanarMaterials=52 §MAXQ_FRAME_BUDGET taa=8 ao=12 (bake budget — Alt+S stills are unaffected)
19:23:19.866 + 3309.9s §CLAIM §STILL_REFINE start samples=8 triplanarMaterials=52 §MAXQ_FRAME_BUDGET taa=8 ao=12 (bake budget — Alt+S stills are unaffected)
19:23:19.866 + 3309.9s §CLAIM §STILL_REFINE start samples=8 triplanarMaterials=52 §MAXQ_FRAME_BUDGET taa=8 ao=12 (bake budget — Alt+S stills are unaffected)
19:23:19.866 + 3309.9s §CLAIM §STILL_REFINE start samples=8 triplanarMaterials=52 §MAXQ_FRAME_BUDGET taa=8 ao=12 (bake budget — Alt+S stills are unaffected)
19:23:19.866 + 3309.9s §CLAIM §STILL_REFINE start samples=8 triplanarMaterials=52 §MAXQ_FRAME_BUDGET taa=8 ao=12 (bake budget — Alt+S stills are unaffected)
19:23:19.866 + 3309.9s §CLAIM §STILL_REFINE start samples=8 triplanarMaterials=52 §MAXQ_FRAME_BUDGET taa=8 ao=12 (bake budget — Alt+S stills are unaffected)
19:23:19.866 + 3309.9s §CLAIM §STILL_REFINE start samples=8 triplanarMaterials=52 §MAXQ_FRAME_BUDGET taa=8 ao=12 (bake budget — Alt+S stills are unaffected)
19:23:19.866 + 3309.9s §CLAIM §STILL_REFINE start samples=8 triplanarMaterials=52 §MAXQ_FRAME_BUDGET taa=8 ao=12 (bake budget — Alt+S stills are unaffected)
19:23:19.866 + 3309.9s §CLAIM §STILL_REFINE start samples=8 triplanarMaterials=52 §MAXQ_FRAME_BUDGET taa=8 ao=12 (bake budget — Alt+S stills are unaffected)
19:23:19.866 + 3309.9s §CLAIM §STILL_REFINE start samples=8 triplanarMaterials=52 §MAXQ_FRAME_BUDGET taa=8 ao=12 (bake budget — Alt+S stills are unaffected)
19:23:19.866 + 3309.9s §CLAIM §STILL_REFINE start samples=8 triplanarMaterials=52 §MAXQ_FRAME_BUDGET taa=8 ao=12 (bake budget — Alt+S stills are unaffected)
19:23:19.866 + 3309.9s §CLAIM §STILL_REFINE start samples=8 triplanarMaterials=52 §MAXQ_FRAME_BUDGET taa=8 ao=12 (bake budget — Alt+S stills are unaffected)
19:23:19.866 + 3309.9s §CLAIM §STILL_REFINE start samples=8 triplanarMaterials=52 §MAXQ_FRAME_BUDGET taa=8 ao=12 (bake budget — Alt+S stills are unaffected)
19:23:19.866 + 3309.9s §CLAIM §STILL_REFINE start samples=8 triplanarMaterials=52 §MAXQ_FRAME_BUDGET taa=8 ao=12 (bake budget — Alt+S stills are unaffected)
19:23:19.866 + 3309.9s §CLAIM §STILL_REFINE start samples=8 triplanarMaterials=52 §MAXQ_FRAME_BUDGET taa=8 ao=12 (bake budget — Alt+S stills are unaffected)
19:23:19.866 + 3309.9s §CLAIM §STILL_REFINE start samples=8 triplanarMaterials=52 §MAXQ_FRAME_BUDGET taa=8 ao=12 (bake budget — Alt+S stills are unaffected)
19:23:19.866 + 3309.9s §CLAIM §STILL_REFINE start samples=8 triplanarMaterials=52 §MAXQ_FRAME_BUDGET taa=8 ao=12 (bake budget — Alt+S stills are unaffected)
19:23:19.866 + 3309.9s §CLAIM §STILL_REFINE start samples=8 triplanarMaterials=52 §MAXQ_FRAME_BUDGET taa=8 ao=12 (bake budget — Alt+S stills are unaffected)
19:23:19.866 + 3309.9s §CLAIM §STILL_REFINE start samples=8 triplanarMaterials=52 §MAXQ_FRAME_BUDGET taa=8 ao=12 (bake budget — Alt+S stills are unaffected)
19:23:19.866 + 3309.9s §CLAIM §STILL_REFINE start samples=8 triplanarMaterials=52 §MAXQ_FRAME_BUDGET taa=8 ao=12 (bake budget — Alt+S stills are unaffected)
19:23:19.866 + 3309.9s §CLAIM §STILL_REFINE start samples=8 triplanarMaterials=52 §MAXQ_FRAME_BUDGET taa=8 ao=12 (bake budget — Alt+S stills are unaffected)
19:23:19.866 + 3309.9s §CLAIM §STILL_REFINE start samples=8 triplanarMaterials=52 §MAXQ_FRAME_BUDGET taa=8 ao=12 (bake budget — Alt+S stills are unaffected)
19:23:19.866 + 3309.9s §CLAIM §STILL_REFINE start samples=8 triplanarMaterials=52 §MAXQ_FRAME_BUDGET taa=8 ao=12 (bake budget — Alt+S stills are unaffected)
19:23:19.866 + 3309.9s §CLAIM §STILL_REFINE start samples=8 triplanarMaterials=52 §MAXQ_FRAME_BUDGET taa=8 ao=12 (bake budget — Alt+S stills are unaffected)
19:23:19.866 + 3309.9s §CLAIM §STILL_REFINE start samples=8 triplanarMaterials=52 §MAXQ_FRAME_BUDGET taa=8 ao=12 (bake budget — Alt+S stills are unaffected)
19:23:19.866 + 3309.9s §CLAIM §STILL_REFINE start samples=8 triplanarMaterials=52 §MAXQ_FRAME_BUDGET taa=8 ao=12 (bake budget — Alt+S stills are unaffected)
19:23:19.866 + 3309.9s §CLAIM §STILL_REFINE start samples=8 triplanarMaterials=52 §MAXQ_FRAME_BUDGET taa=8 ao=12 (bake budget — Alt+S stills are unaffected)
19:23:19.866 + 3309.9s §CLAIM §STILL_REFINE start samples=8 triplanarMaterials=52 §MAXQ_FRAME_BUDGET taa=8 ao=12 (bake budget — Alt+S stills are unaffected)
19:23:19.866 + 3309.9s §CLAIM §STILL_REFINE start samples=8 triplanarMaterials=52 §MAXQ_FRAME_BUDGET taa=8 ao=12 (bake budget — Alt+S stills are unaffected)
19:23:19.866 + 3309.9s §CLAIM §STILL_REFINE start samples=8 triplanarMaterials=52 §MAXQ_FRAME_BUDGET taa=8 ao=12 (bake budget — Alt+S stills are unaffected)
19:23:19.866 + 3309.9s §CLAIM §STILL_REFINE start samples=8 triplanarMaterials=52 §MAXQ_FRAME_BUDGET taa=8 ao=12 (bake budget — Alt+S stills are unaffected)
19:23:19.866 + 3309.9s §CLAIM §STILL_REFINE start samples=8 triplanarMaterials=52 §MAXQ_FRAME_BUDGET taa=8 ao=12 (bake budget — Alt+S stills are unaffected)
19:23:19.866 + 3309.9s §CLAIM §STILL_REFINE start samples=8 triplanarMaterials=52 §MAXQ_FRAME_BUDGET taa=8 ao=12 (bake budget — Alt+S stills are unaffected)
19:23:19.866 + 3309.9s §CLAIM §STILL_REFINE start samples=8 triplanarMaterials=52 §MAXQ_FRAME_BUDGET taa=8 ao=12 (bake budget — Alt+S stills are unaffected)
19:23:19.866 + 3309.9s §CLAIM §STILL_REFINE start samples=8 triplanarMaterials=52 §MAXQ_FRAME_BUDGET taa=8 ao=12 (bake budget — Alt+S stills are unaffected)
19:23:19.866 + 3309.9s §CLAIM §STILL_REFINE start samples=8 triplanarMaterials=52 §MAXQ_FRAME_BUDGET taa=8 ao=12 (bake budget — Alt+S stills are unaffected)
19:23:19.866 + 3309.9s §CLAIM §STILL_REFINE start samples=8 triplanarMaterials=52 §MAXQ_FRAME_BUDGET taa=8 ao=12 (bake budget — Alt+S stills are unaffected)
19:23:19.866 + 3309.9s §CLAIM §STILL_REFINE start samples=8 triplanarMaterials=52 §MAXQ_FRAME_BUDGET taa=8 ao=12 (bake budget — Alt+S stills are unaffected)
19:23:19.866 + 3309.9s §CLAIM §STILL_REFINE start samples=8 triplanarMaterials=52 §MAXQ_FRAME_BUDGET taa=8 ao=12 (bake budget — Alt+S stills are unaffected)
19:23:19.866 + 3309.9s §CLAIM §STILL_REFINE start samples=8 triplanarMaterials=52 §MAXQ_FRAME_BUDGET taa=8 ao=12 (bake budget — Alt+S stills are unaffected)
19:23:19.866 + 3309.9s §CLAIM §STILL_REFINE start samples=8 triplanarMaterials=52 §MAXQ_FRAME_BUDGET taa=8 ao=12 (bake budget — Alt+S stills are unaffected)
19:23:19.866 + 3309.9s §CLAIM §STILL_REFINE start samples=8 triplanarMaterials=52 §MAXQ_FRAME_BUDGET taa=8 ao=12 (bake budget — Alt+S stills are unaffected)
19:23:19.866 + 3309.9s §CLAIM §STILL_REFINE start samples=8 triplanarMaterials=52 §MAXQ_FRAME_BUDGET taa=8 ao=12 (bake budget — Alt+S stills are unaffected)
19:23:19.866 + 3309.9s §CLAIM §STILL_REFINE start samples=8 triplanarMaterials=52 §MAXQ_FRAME_BUDGET taa=8 ao=12 (bake budget — Alt+S stills are unaffected)
19:23:19.866 + 3309.9s §CLAIM §STILL_REFINE start samples=8 triplanarMaterials=52 §MAXQ_FRAME_BUDGET taa=8 ao=12 (bake budget — Alt+S stills are unaffected)
19:23:19.866 + 3309.9s §CLAIM §STILL_REFINE start samples=8 triplanarMaterials=52 §MAXQ_FRAME_BUDGET taa=8 ao=12 (bake budget — Alt+S stills are unaffected)
19:23:19.866 + 3309.9s §CLAIM §STILL_REFINE start samples=8 triplanarMaterials=52 §MAXQ_FRAME_BUDGET taa=8 ao=12 (bake budget — Alt+S stills are unaffected)
19:23:19.866 + 3309.9s §CLAIM §STILL_REFINE start samples=8 triplanarMaterials=52 §MAXQ_FRAME_BUDGET taa=8 ao=12 (bake budget — Alt+S stills are unaffected)
19:23:19.866 + 3309.9s §CLAIM §STILL_REFINE start samples=8 triplanarMaterials=52 §MAXQ_FRAME_BUDGET taa=8 ao=12 (bake budget — Alt+S stills are unaffected)
19:23:19.866 + 3309.9s §CLAIM §STILL_REFINE start samples=8 triplanarMaterials=52 §MAXQ_FRAME_BUDGET taa=8 ao=12 (bake budget — Alt+S stills are unaffected)
19:23:19.866 + 3309.9s §CLAIM §STILL_REFINE start samples=8 triplanarMaterials=52 §MAXQ_FRAME_BUDGET taa=8 ao=12 (bake budget — Alt+S stills are unaffected)
19:23:19.866 + 3309.9s §CLAIM §STILL_REFINE start samples=8 triplanarMaterials=52 §MAXQ_FRAME_BUDGET taa=8 ao=12 (bake budget — Alt+S stills are unaffected)
19:23:19.866 + 3309.9s §CLAIM §STILL_REFINE start samples=8 triplanarMaterials=52 §MAXQ_FRAME_BUDGET taa=8 ao=12 (bake budget — Alt+S stills are unaffected)
19:23:19.866 + 3309.9s §CLAIM §STILL_REFINE start samples=8 triplanarMaterials=52 §MAXQ_FRAME_BUDGET taa=8 ao=12 (bake budget — Alt+S stills are unaffected)
19:23:19.866 + 3309.9s §CLAIM §STILL_REFINE start samples=8 triplanarMaterials=52 §MAXQ_FRAME_BUDGET taa=8 ao=12 (bake budget — Alt+S stills are unaffected)
19:23:19.866 + 3309.9s §CLAIM §STILL_REFINE start samples=8 triplanarMaterials=52 §MAXQ_FRAME_BUDGET taa=8 ao=12 (bake budget — Alt+S stills are unaffected)
19:23:19.866 + 3309.9s §CLAIM §STILL_REFINE start samples=8 triplanarMaterials=52 §MAXQ_FRAME_BUDGET taa=8 ao=12 (bake budget — Alt+S stills are unaffected)
19:23:19.866 + 3309.9s §CLAIM §STILL_REFINE start samples=8 triplanarMaterials=52 §MAXQ_FRAME_BUDGET taa=8 ao=12 (bake budget — Alt+S stills are unaffected)
19:23:19.866 + 3309.9s §CLAIM §STILL_REFINE start samples=8 triplanarMaterials=52 §MAXQ_FRAME_BUDGET taa=8 ao=12 (bake budget — Alt+S stills are unaffected)
19:23:19.866 + 3309.9s §CLAIM §STILL_REFINE start samples=8 triplanarMaterials=52 §MAXQ_FRAME_BUDGET taa=8 ao=12 (bake budget — Alt+S stills are unaffected)
19:23:19.866 + 3309.9s §CLAIM §STILL_REFINE start samples=8 triplanarMaterials=52 §MAXQ_FRAME_BUDGET taa=8 ao=12 (bake budget — Alt+S stills are unaffected)
19:23:19.866 + 3309.9s §CLAIM §STILL_REFINE start samples=8 triplanarMaterials=52 §MAXQ_FRAME_BUDGET taa=8 ao=12 (bake budget — Alt+S stills are unaffected)
19:23:19.866 + 3309.9s §CLAIM §STILL_REFINE start samples=8 triplanarMaterials=52 §MAXQ_FRAME_BUDGET taa=8 ao=12 (bake budget — Alt+S stills are unaffected)
19:23:19.866 + 3309.9s §CLAIM §STILL_REFINE start samples=8 triplanarMaterials=52 §MAXQ_FRAME_BUDGET taa=8 ao=12 (bake budget — Alt+S stills are unaffected)
19:23:19.866 + 3309.9s §CLAIM §STILL_REFINE start samples=8 triplanarMaterials=52 §MAXQ_FRAME_BUDGET taa=8 ao=12 (bake budget — Alt+S stills are unaffected)
19:23:19.866 + 3309.9s §CLAIM §STILL_REFINE start samples=8 triplanarMaterials=52 §MAXQ_FRAME_BUDGET taa=8 ao=12 (bake budget — Alt+S stills are unaffected)
19:23:19.866 + 3309.9s §CLAIM §STILL_REFINE start samples=8 triplanarMaterials=52 §MAXQ_FRAME_BUDGET taa=8 ao=12 (bake budget — Alt+S stills are unaffected)
19:23:19.866 + 3309.9s §CLAIM §STILL_REFINE start samples=8 triplanarMaterials=52 §MAXQ_FRAME_BUDGET taa=8 ao=12 (bake budget — Alt+S stills are unaffected)
19:23:19.866 + 3309.9s §CLAIM §STILL_REFINE start samples=8 triplanarMaterials=52 §MAXQ_FRAME_BUDGET taa=8 ao=12 (bake budget — Alt+S stills are unaffected)
19:23:19.866 + 3309.9s §CLAIM §STILL_REFINE start samples=8 triplanarMaterials=52 §MAXQ_FRAME_BUDGET taa=8 ao=12 (bake budget — Alt+S stills are unaffected)
19:23:19.866 + 3309.9s §CLAIM §STILL_REFINE start samples=8 triplanarMaterials=52 §MAXQ_FRAME_BUDGET taa=8 ao=12 (bake budget — Alt+S stills are unaffected)
19:23:19.866 + 3309.9s §CLAIM §STILL_REFINE start samples=8 triplanarMaterials=52 §MAXQ_FRAME_BUDGET taa=8 ao=12 (bake budget — Alt+S stills are unaffected)
19:23:19.866 + 3309.9s §CLAIM §STILL_REFINE start samples=8 triplanarMaterials=52 §MAXQ_FRAME_BUDGET taa=8 ao=12 (bake budget — Alt+S stills are unaffected)
19:23:19.866 + 3309.9s §CLAIM §STILL_REFINE start samples=8 triplanarMaterials=52 §MAXQ_FRAME_BUDGET taa=8 ao=12 (bake budget — Alt+S stills are unaffected)
19:23:19.866 + 3309.9s §CLAIM §STILL_REFINE start samples=8 triplanarMaterials=52 §MAXQ_FRAME_BUDGET taa=8 ao=12 (bake budget — Alt+S stills are unaffected)
19:23:19.866 + 3309.9s §CLAIM §STILL_REFINE start samples=8 triplanarMaterials=52 §MAXQ_FRAME_BUDGET taa=8 ao=12 (bake budget — Alt+S stills are unaffected)
19:23:19.866 + 3309.9s §CLAIM §STILL_REFINE start samples=8 triplanarMaterials=52 §MAXQ_FRAME_BUDGET taa=8 ao=12 (bake budget — Alt+S stills are unaffected)
19:23:19.866 + 3309.9s §CLAIM §STILL_REFINE start samples=8 triplanarMaterials=52 §MAXQ_FRAME_BUDGET taa=8 ao=12 (bake budget — Alt+S stills are unaffected)
19:23:19.866 + 3309.9s §CLAIM §STILL_REFINE start samples=8 triplanarMaterials=52 §MAXQ_FRAME_BUDGET taa=8 ao=12 (bake budget — Alt+S stills are unaffected)
19:23:19.866 + 3309.9s §CLAIM §STILL_REFINE start samples=8 triplanarMaterials=52 §MAXQ_FRAME_BUDGET taa=8 ao=12 (bake budget — Alt+S stills are unaffected)
19:23:19.866 + 3309.9s §CLAIM §STILL_REFINE start samples=8 triplanarMaterials=52 §MAXQ_FRAME_BUDGET taa=8 ao=12 (bake budget — Alt+S stills are unaffected)
19:23:19.866 + 3309.9s §CLAIM §STILL_REFINE start samples=8 triplanarMaterials=52 §MAXQ_FRAME_BUDGET taa=8 ao=12 (bake budget — Alt+S stills are unaffected)
19:23:19.866 + 3309.9s §CLAIM §STILL_REFINE start samples=8 triplanarMaterials=52 §MAXQ_FRAME_BUDGET taa=8 ao=12 (bake budget — Alt+S stills are unaffected)
19:23:19.866 + 3309.9s §CLAIM §STILL_REFINE start samples=8 triplanarMaterials=52 §MAXQ_FRAME_BUDGET taa=8 ao=12 (bake budget — Alt+S stills are unaffected)
19:23:19.866 + 3309.9s §CLAIM §STILL_REFINE start samples=8 triplanarMaterials=52 §MAXQ_FRAME_BUDGET taa=8 ao=12 (bake budget — Alt+S stills are unaffected)
19:23:19.866 + 3309.9s §CLAIM §STILL_REFINE start samples=8 triplanarMaterials=52 §MAXQ_FRAME_BUDGET taa=8 ao=12 (bake budget — Alt+S stills are unaffected)
19:23:19.866 + 3309.9s §CLAIM §STILL_REFINE start samples=8 triplanarMaterials=52 §MAXQ_FRAME_BUDGET taa=8 ao=12 (bake budget — Alt+S stills are unaffected)
19:23:19.866 + 3309.9s §CLAIM §STILL_REFINE start samples=8 triplanarMaterials=52 §MAXQ_FRAME_BUDGET taa=8 ao=12 (bake budget — Alt+S stills are unaffected)
19:23:19.866 + 3309.9s §CLAIM §STILL_REFINE start samples=8 triplanarMaterials=52 §MAXQ_FRAME_BUDGET taa=8 ao=12 (bake budget — Alt+S stills are unaffected)
19:23:19.866 + 3309.9s §CLAIM §STILL_REFINE start samples=8 triplanarMaterials=52 §MAXQ_FRAME_BUDGET taa=8 ao=12 (bake budget — Alt+S stills are unaffected)
19:23:19.866 + 3309.9s §CLAIM §STILL_REFINE start samples=8 triplanarMaterials=52 §MAXQ_FRAME_BUDGET taa=8 ao=12 (bake budget — Alt+S stills are unaffected)
19:23:19.866 + 3309.9s §CLAIM §STILL_REFINE start samples=8 triplanarMaterials=52 §MAXQ_FRAME_BUDGET taa=8 ao=12 (bake budget — Alt+S stills are unaffected)
19:23:19.867 + 3309.9s §CLAIM §STILL_REFINE start samples=8 triplanarMaterials=52 §MAXQ_FRAME_BUDGET taa=8 ao=12 (bake budget — Alt+S stills are unaffected)
19:23:19.867 + 3309.9s §CLAIM §STILL_REFINE start samples=8 triplanarMaterials=52 §MAXQ_FRAME_BUDGET taa=8 ao=12 (bake budget — Alt+S stills are unaffected)
19:23:19.867 + 3309.9s §CLAIM §STILL_REFINE start samples=8 triplanarMaterials=52 §MAXQ_FRAME_BUDGET taa=8 ao=12 (bake budget — Alt+S stills are unaffected)
19:23:19.867 + 3309.9s §CLAIM §STILL_REFINE start samples=8 triplanarMaterials=52 §MAXQ_FRAME_BUDGET taa=8 ao=12 (bake budget — Alt+S stills are unaffected)
19:23:19.867 + 3309.9s §CLAIM §STILL_REFINE start samples=8 triplanarMaterials=52 §MAXQ_FRAME_BUDGET taa=8 ao=12 (bake budget — Alt+S stills are unaffected)
19:23:19.867 + 3309.9s §CLAIM §STILL_REFINE start samples=8 triplanarMaterials=52 §MAXQ_FRAME_BUDGET taa=8 ao=12 (bake budget — Alt+S stills are unaffected)
19:23:19.867 + 3309.9s §CLAIM §STILL_REFINE start samples=8 triplanarMaterials=52 §MAXQ_FRAME_BUDGET taa=8 ao=12 (bake budget — Alt+S stills are unaffected)
19:23:19.867 + 3309.9s §CLAIM §STILL_REFINE start samples=8 triplanarMaterials=52 §MAXQ_FRAME_BUDGET taa=8 ao=12 (bake budget — Alt+S stills are unaffected)
19:23:19.867 + 3309.9s §CLAIM §STILL_REFINE start samples=8 triplanarMaterials=52 §MAXQ_FRAME_BUDGET taa=8 ao=12 (bake budget — Alt+S stills are unaffected)
19:23:19.867 + 3309.9s §CLAIM §STILL_REFINE start samples=8 triplanarMaterials=52 §MAXQ_FRAME_BUDGET taa=8 ao=12 (bake budget — Alt+S stills are unaffected)
19:23:19.867 + 3309.9s §CLAIM §STILL_REFINE start samples=8 triplanarMaterials=52 §MAXQ_FRAME_BUDGET taa=8 ao=12 (bake budget — Alt+S stills are unaffected)
19:23:19.867 + 3309.9s §CLAIM §STILL_REFINE start samples=8 triplanarMaterials=52 §MAXQ_FRAME_BUDGET taa=8 ao=12 (bake budget — Alt+S stills are unaffected)
19:23:19.867 + 3309.9s §CLAIM §STILL_REFINE start samples=8 triplanarMaterials=52 §MAXQ_FRAME_BUDGET taa=8 ao=12 (bake budget — Alt+S stills are unaffected)
19:23:19.867 + 3309.9s §CLAIM §STILL_REFINE start samples=8 triplanarMaterials=52 §MAXQ_FRAME_BUDGET taa=8 ao=12 (bake budget — Alt+S stills are unaffected)
19:23:19.867 + 3309.9s §CLAIM §STILL_REFINE start samples=8 triplanarMaterials=52 §MAXQ_FRAME_BUDGET taa=8 ao=12 (bake budget — Alt+S stills are unaffected)
19:23:19.867 + 3309.9s §CLAIM §STILL_REFINE start samples=8 triplanarMaterials=52 §MAXQ_FRAME_BUDGET taa=8 ao=12 (bake budget — Alt+S stills are unaffected)
19:23:19.867 + 3309.9s §CLAIM §STILL_REFINE start samples=8 triplanarMaterials=52 §MAXQ_FRAME_BUDGET taa=8 ao=12 (bake budget — Alt+S stills are unaffected)
19:23:19.867 + 3309.9s §CLAIM §STILL_REFINE start samples=8 triplanarMaterials=52 §MAXQ_FRAME_BUDGET taa=8 ao=12 (bake budget — Alt+S stills are unaffected)
19:23:19.867 + 3309.9s §CLAIM §STILL_REFINE start samples=8 triplanarMaterials=52 §MAXQ_FRAME_BUDGET taa=8 ao=12 (bake budget — Alt+S stills are unaffected)
19:23:19.867 + 3309.9s §CLAIM §STILL_REFINE start samples=8 triplanarMaterials=52 §MAXQ_FRAME_BUDGET taa=8 ao=12 (bake budget — Alt+S stills are unaffected)
19:23:19.867 + 3309.9s §CLAIM §STILL_REFINE start samples=8 triplanarMaterials=52 §MAXQ_FRAME_BUDGET taa=8 ao=12 (bake budget — Alt+S stills are unaffected)
19:23:19.867 + 3309.9s §CLAIM §STILL_REFINE start samples=8 triplanarMaterials=52 §MAXQ_FRAME_BUDGET taa=8 ao=12 (bake budget — Alt+S stills are unaffected)
19:23:19.867 + 3309.9s §CLAIM §STILL_REFINE start samples=8 triplanarMaterials=52 §MAXQ_FRAME_BUDGET taa=8 ao=12 (bake budget — Alt+S stills are unaffected)
19:23:19.867 + 3309.9s §CLAIM §STILL_REFINE start samples=8 triplanarMaterials=52 §MAXQ_FRAME_BUDGET taa=8 ao=12 (bake budget — Alt+S stills are unaffected)
19:23:19.867 + 3309.9s §CLAIM §STILL_REFINE start samples=8 triplanarMaterials=52 §MAXQ_FRAME_BUDGET taa=8 ao=12 (bake budget — Alt+S stills are unaffected)
19:23:19.867 + 3309.9s §CLAIM §STILL_REFINE start samples=8 triplanarMaterials=52 §MAXQ_FRAME_BUDGET taa=8 ao=12 (bake budget — Alt+S stills are unaffected)
19:23:19.867 + 3309.9s §CLAIM §STILL_REFINE start samples=8 triplanarMaterials=52 §MAXQ_FRAME_BUDGET taa=8 ao=12 (bake budget — Alt+S stills are unaffected)
19:23:19.867 + 3309.9s §CLAIM §STILL_REFINE start samples=8 triplanarMaterials=52 §MAXQ_FRAME_BUDGET taa=8 ao=12 (bake budget — Alt+S stills are unaffected)
19:23:19.867 + 3309.9s §CLAIM §STILL_REFINE start samples=8 triplanarMaterials=52 §MAXQ_FRAME_BUDGET taa=8 ao=12 (bake budget — Alt+S stills are unaffected)
19:23:19.867 + 3309.9s §CLAIM §STILL_REFINE start samples=8 triplanarMaterials=52 §MAXQ_FRAME_BUDGET taa=8 ao=12 (bake budget — Alt+S stills are unaffected)
19:23:19.867 + 3309.9s §CLAIM §STILL_REFINE start samples=8 triplanarMaterials=52 §MAXQ_FRAME_BUDGET taa=8 ao=12 (bake budget — Alt+S stills are unaffected)
19:23:19.867 + 3309.9s §CLAIM §STILL_REFINE start samples=8 triplanarMaterials=52 §MAXQ_FRAME_BUDGET taa=8 ao=12 (bake budget — Alt+S stills are unaffected)
19:23:19.867 + 3309.9s §CLAIM §STILL_REFINE start samples=8 triplanarMaterials=52 §MAXQ_FRAME_BUDGET taa=8 ao=12 (bake budget — Alt+S stills are unaffected)
19:23:19.867 + 3309.9s §CLAIM §STILL_REFINE start samples=8 triplanarMaterials=52 §MAXQ_FRAME_BUDGET taa=8 ao=12 (bake budget — Alt+S stills are unaffected)
19:23:19.867 + 3309.9s §CLAIM §STILL_REFINE start samples=8 triplanarMaterials=52 §MAXQ_FRAME_BUDGET taa=8 ao=12 (bake budget — Alt+S stills are unaffected)
19:23:19.867 + 3309.9s §CLAIM §STILL_REFINE start samples=8 triplanarMaterials=52 §MAXQ_FRAME_BUDGET taa=8 ao=12 (bake budget — Alt+S stills are unaffected)
19:23:19.867 + 3309.9s §CLAIM §STILL_REFINE start samples=8 triplanarMaterials=52 §MAXQ_FRAME_BUDGET taa=8 ao=12 (bake budget — Alt+S stills are unaffected)
19:23:19.867 + 3309.9s §CLAIM §STILL_REFINE start samples=8 triplanarMaterials=52 §MAXQ_FRAME_BUDGET taa=8 ao=12 (bake budget — Alt+S stills are unaffected)
19:23:19.867 + 3309.9s §CLAIM §STILL_REFINE start samples=8 triplanarMaterials=52 §MAXQ_FRAME_BUDGET taa=8 ao=12 (bake budget — Alt+S stills are unaffected)
19:23:19.867 + 3309.9s §CLAIM §STILL_REFINE start samples=8 triplanarMaterials=52 §MAXQ_FRAME_BUDGET taa=8 ao=12 (bake budget — Alt+S stills are unaffected)
19:23:19.867 + 3309.9s §CLAIM §STILL_REFINE start samples=8 triplanarMaterials=52 §MAXQ_FRAME_BUDGET taa=8 ao=12 (bake budget — Alt+S stills are unaffected)
19:23:19.867 + 3309.9s §CLAIM §STILL_REFINE start samples=8 triplanarMaterials=52 §MAXQ_FRAME_BUDGET taa=8 ao=12 (bake budget — Alt+S stills are unaffected)
19:23:19.867 + 3309.9s §CLAIM §STILL_REFINE start samples=8 triplanarMaterials=52 §MAXQ_FRAME_BUDGET taa=8 ao=12 (bake budget — Alt+S stills are unaffected)
19:23:19.867 + 3309.9s §CLAIM §STILL_REFINE start samples=8 triplanarMaterials=52 §MAXQ_FRAME_BUDGET taa=8 ao=12 (bake budget — Alt+S stills are unaffected)
19:23:19.867 + 3309.9s §CLAIM §STILL_REFINE start samples=8 triplanarMaterials=52 §MAXQ_FRAME_BUDGET taa=8 ao=12 (bake budget — Alt+S stills are unaffected)
19:23:19.867 + 3309.9s §CLAIM §STILL_REFINE start samples=8 triplanarMaterials=52 §MAXQ_FRAME_BUDGET taa=8 ao=12 (bake budget — Alt+S stills are unaffected)
19:23:19.867 + 3309.9s §CLAIM §STILL_REFINE start samples=8 triplanarMaterials=52 §MAXQ_FRAME_BUDGET taa=8 ao=12 (bake budget — Alt+S stills are unaffected)
19:23:19.867 + 3309.9s §CLAIM §STILL_REFINE start samples=8 triplanarMaterials=52 §MAXQ_FRAME_BUDGET taa=8 ao=12 (bake budget — Alt+S stills are unaffected)
19:23:19.867 + 3309.9s §CLAIM §STILL_REFINE start samples=8 triplanarMaterials=52 §MAXQ_FRAME_BUDGET taa=8 ao=12 (bake budget — Alt+S stills are unaffected)
19:23:19.867 + 3309.9s §CLAIM §STILL_REFINE start samples=8 triplanarMaterials=52 §MAXQ_FRAME_BUDGET taa=8 ao=12 (bake budget — Alt+S stills are unaffected)
19:23:19.867 + 3309.9s §CLAIM §STILL_REFINE start samples=8 triplanarMaterials=52 §MAXQ_FRAME_BUDGET taa=8 ao=12 (bake budget — Alt+S stills are unaffected)
19:23:19.867 + 3309.9s §CLAIM §STILL_REFINE start samples=8 triplanarMaterials=52 §MAXQ_FRAME_BUDGET taa=8 ao=12 (bake budget — Alt+S stills are unaffected)
19:23:19.867 + 3309.9s §CLAIM §STILL_REFINE start samples=8 triplanarMaterials=52 §MAXQ_FRAME_BUDGET taa=8 ao=12 (bake budget — Alt+S stills are unaffected)
19:23:19.867 + 3309.9s §CLAIM §STILL_REFINE start samples=8 triplanarMaterials=52 §MAXQ_FRAME_BUDGET taa=8 ao=12 (bake budget — Alt+S stills are unaffected)
19:23:19.867 + 3309.9s §CLAIM §STILL_REFINE start samples=8 triplanarMaterials=52 §MAXQ_FRAME_BUDGET taa=8 ao=12 (bake budget — Alt+S stills are unaffected)
19:23:19.867 + 3309.9s §CLAIM §STILL_REFINE start samples=8 triplanarMaterials=52 §MAXQ_FRAME_BUDGET taa=8 ao=12 (bake budget — Alt+S stills are unaffected)
19:23:19.867 + 3309.9s §CLAIM §STILL_REFINE start samples=8 triplanarMaterials=52 §MAXQ_FRAME_BUDGET taa=8 ao=12 (bake budget — Alt+S stills are unaffected)
19:23:19.867 + 3309.9s §CLAIM §STILL_REFINE start samples=8 triplanarMaterials=52 §MAXQ_FRAME_BUDGET taa=8 ao=12 (bake budget — Alt+S stills are unaffected)
19:23:19.867 + 3309.9s §CLAIM §STILL_REFINE start samples=8 triplanarMaterials=52 §MAXQ_FRAME_BUDGET taa=8 ao=12 (bake budget — Alt+S stills are unaffected)
19:23:19.867 + 3309.9s §CLAIM §STILL_REFINE start samples=8 triplanarMaterials=52 §MAXQ_FRAME_BUDGET taa=8 ao=12 (bake budget — Alt+S stills are unaffected)
19:23:19.867 + 3309.9s §CLAIM §STILL_REFINE start samples=8 triplanarMaterials=52 §MAXQ_FRAME_BUDGET taa=8 ao=12 (bake budget — Alt+S stills are unaffected)
19:23:19.867 + 3309.9s §CLAIM §STILL_REFINE start samples=8 triplanarMaterials=52 §MAXQ_FRAME_BUDGET taa=8 ao=12 (bake budget — Alt+S stills are unaffected)
19:23:19.867 + 3309.9s §CLAIM §STILL_REFINE start samples=8 triplanarMaterials=52 §MAXQ_FRAME_BUDGET taa=8 ao=12 (bake budget — Alt+S stills are unaffected)
19:23:19.867 + 3309.9s §CLAIM §STILL_REFINE start samples=8 triplanarMaterials=52 §MAXQ_FRAME_BUDGET taa=8 ao=12 (bake budget — Alt+S stills are unaffected)
19:23:19.867 + 3309.9s §CLAIM §STILL_REFINE start samples=8 triplanarMaterials=52 §MAXQ_FRAME_BUDGET taa=8 ao=12 (bake budget — Alt+S stills are unaffected)
19:23:19.867 + 3309.9s §CLAIM §STILL_REFINE start samples=8 triplanarMaterials=52 §MAXQ_FRAME_BUDGET taa=8 ao=12 (bake budget — Alt+S stills are unaffected)
19:23:19.867 + 3309.9s §CLAIM §STILL_REFINE start samples=8 triplanarMaterials=52 §MAXQ_FRAME_BUDGET taa=8 ao=12 (bake budget — Alt+S stills are unaffected)
19:23:19.867 + 3309.9s §CLAIM §STILL_REFINE start samples=8 triplanarMaterials=52 §MAXQ_FRAME_BUDGET taa=8 ao=12 (bake budget — Alt+S stills are unaffected)
19:23:19.867 + 3309.9s §CLAIM §STILL_REFINE start samples=8 triplanarMaterials=52 §MAXQ_FRAME_BUDGET taa=8 ao=12 (bake budget — Alt+S stills are unaffected)
19:23:19.867 + 3309.9s §CLAIM §STILL_REFINE start samples=8 triplanarMaterials=52 §MAXQ_FRAME_BUDGET taa=8 ao=12 (bake budget — Alt+S stills are unaffected)
19:23:19.867 + 3309.9s §CLAIM §STILL_REFINE start samples=8 triplanarMaterials=52 §MAXQ_FRAME_BUDGET taa=8 ao=12 (bake budget — Alt+S stills are unaffected)
19:23:19.867 + 3309.9s §CLAIM §STILL_REFINE start samples=8 triplanarMaterials=52 §MAXQ_FRAME_BUDGET taa=8 ao=12 (bake budget — Alt+S stills are unaffected)
19:23:19.867 + 3309.9s §CLAIM §STILL_REFINE start samples=8 triplanarMaterials=52 §MAXQ_FRAME_BUDGET taa=8 ao=12 (bake budget — Alt+S stills are unaffected)
19:23:19.867 + 3309.9s §CLAIM §STILL_REFINE start samples=8 triplanarMaterials=52 §MAXQ_FRAME_BUDGET taa=8 ao=12 (bake budget — Alt+S stills are unaffected)
19:23:19.867 + 3309.9s §CLAIM §STILL_REFINE start samples=8 triplanarMaterials=52 §MAXQ_FRAME_BUDGET taa=8 ao=12 (bake budget — Alt+S stills are unaffected)
19:23:19.867 + 3309.9s §CLAIM §STILL_REFINE start samples=8 triplanarMaterials=52 §MAXQ_FRAME_BUDGET taa=8 ao=12 (bake budget — Alt+S stills are unaffected)
19:23:19.867 + 3309.9s §CLAIM §STILL_REFINE start samples=8 triplanarMaterials=52 §MAXQ_FRAME_BUDGET taa=8 ao=12 (bake budget — Alt+S stills are unaffected)
19:23:19.867 + 3309.9s §CLAIM §STILL_REFINE start samples=8 triplanarMaterials=52 §MAXQ_FRAME_BUDGET taa=8 ao=12 (bake budget — Alt+S stills are unaffected)
19:23:19.867 + 3309.9s §CLAIM §STILL_REFINE start samples=8 triplanarMaterials=52 §MAXQ_FRAME_BUDGET taa=8 ao=12 (bake budget — Alt+S stills are unaffected)
19:23:19.867 + 3309.9s §CLAIM §STILL_REFINE start samples=8 triplanarMaterials=52 §MAXQ_FRAME_BUDGET taa=8 ao=12 (bake budget — Alt+S stills are unaffected)
19:23:19.867 + 3309.9s §CLAIM §STILL_REFINE start samples=8 triplanarMaterials=52 §MAXQ_FRAME_BUDGET taa=8 ao=12 (bake budget — Alt+S stills are unaffected)
19:23:19.867 + 3309.9s §CLAIM §STILL_REFINE start samples=8 triplanarMaterials=52 §MAXQ_FRAME_BUDGET taa=8 ao=12 (bake budget — Alt+S stills are unaffected)
19:23:19.867 + 3309.9s §CLAIM §STILL_REFINE start samples=8 triplanarMaterials=52 §MAXQ_FRAME_BUDGET taa=8 ao=12 (bake budget — Alt+S stills are unaffected)
19:23:19.867 + 3309.9s §CLAIM §STILL_REFINE start samples=8 triplanarMaterials=52 §MAXQ_FRAME_BUDGET taa=8 ao=12 (bake budget — Alt+S stills are unaffected)
19:23:19.867 + 3309.9s §CLAIM §STILL_REFINE start samples=8 triplanarMaterials=52 §MAXQ_FRAME_BUDGET taa=8 ao=12 (bake budget — Alt+S stills are unaffected)
19:23:19.867 + 3309.9s §CLAIM §STILL_REFINE start samples=8 triplanarMaterials=52 §MAXQ_FRAME_BUDGET taa=8 ao=12 (bake budget — Alt+S stills are unaffected)
19:23:19.867 + 3309.9s §CLAIM §STILL_REFINE start samples=8 triplanarMaterials=52 §MAXQ_FRAME_BUDGET taa=8 ao=12 (bake budget — Alt+S stills are unaffected)
19:23:19.867 + 3309.9s §CLAIM §STILL_REFINE start samples=8 triplanarMaterials=52 §MAXQ_FRAME_BUDGET taa=8 ao=12 (bake budget — Alt+S stills are unaffected)
19:23:19.867 + 3309.9s §CLAIM §STILL_REFINE start samples=8 triplanarMaterials=52 §MAXQ_FRAME_BUDGET taa=8 ao=12 (bake budget — Alt+S stills are unaffected)
19:23:19.867 + 3309.9s §CLAIM §STILL_REFINE start samples=8 triplanarMaterials=52 §MAXQ_FRAME_BUDGET taa=8 ao=12 (bake budget — Alt+S stills are unaffected)
19:23:19.867 + 3309.9s §CLAIM §STILL_REFINE start samples=8 triplanarMaterials=52 §MAXQ_FRAME_BUDGET taa=8 ao=12 (bake budget — Alt+S stills are unaffected)
19:23:19.867 + 3309.9s §CLAIM §STILL_REFINE start samples=8 triplanarMaterials=52 §MAXQ_FRAME_BUDGET taa=8 ao=12 (bake budget — Alt+S stills are unaffected)
19:23:19.867 + 3309.9s §CLAIM §STILL_REFINE start samples=8 triplanarMaterials=52 §MAXQ_FRAME_BUDGET taa=8 ao=12 (bake budget — Alt+S stills are unaffected)
19:23:19.867 + 3309.9s §CLAIM §STILL_REFINE start samples=8 triplanarMaterials=52 §MAXQ_FRAME_BUDGET taa=8 ao=12 (bake budget — Alt+S stills are unaffected)
19:23:19.867 + 3309.9s §CLAIM §STILL_REFINE start samples=8 triplanarMaterials=52 §MAXQ_FRAME_BUDGET taa=8 ao=12 (bake budget — Alt+S stills are unaffected)
19:23:19.867 + 3309.9s §CLAIM §STILL_REFINE start samples=8 triplanarMaterials=52 §MAXQ_FRAME_BUDGET taa=8 ao=12 (bake budget — Alt+S stills are unaffected)
19:23:19.867 + 3309.9s §CLAIM §STILL_REFINE start samples=8 triplanarMaterials=52 §MAXQ_FRAME_BUDGET taa=8 ao=12 (bake budget — Alt+S stills are unaffected)
19:23:19.867 + 3309.9s §CLAIM §STILL_REFINE start samples=8 triplanarMaterials=52 §MAXQ_FRAME_BUDGET taa=8 ao=12 (bake budget — Alt+S stills are unaffected)
19:23:19.867 + 3309.9s §CLAIM §STILL_REFINE start samples=8 triplanarMaterials=52 §MAXQ_FRAME_BUDGET taa=8 ao=12 (bake budget — Alt+S stills are unaffected)
19:23:19.867 + 3309.9s §CLAIM §STILL_REFINE start samples=8 triplanarMaterials=52 §MAXQ_FRAME_BUDGET taa=8 ao=12 (bake budget — Alt+S stills are unaffected)
19:23:19.867 + 3309.9s §CLAIM §STILL_REFINE start samples=8 triplanarMaterials=52 §MAXQ_FRAME_BUDGET taa=8 ao=12 (bake budget — Alt+S stills are unaffected)
19:23:19.867 + 3309.9s §CLAIM §STILL_REFINE start samples=8 triplanarMaterials=52 §MAXQ_FRAME_BUDGET taa=8 ao=12 (bake budget — Alt+S stills are unaffected)
19:23:19.867 + 3309.9s §CLAIM §STILL_REFINE start samples=8 triplanarMaterials=52 §MAXQ_FRAME_BUDGET taa=8 ao=12 (bake budget — Alt+S stills are unaffected)
19:23:19.867 + 3309.9s §CLAIM §STILL_REFINE start samples=8 triplanarMaterials=52 §MAXQ_FRAME_BUDGET taa=8 ao=12 (bake budget — Alt+S stills are unaffected)
19:23:19.867 + 3309.9s §CLAIM §STILL_REFINE start samples=8 triplanarMaterials=52 §MAXQ_FRAME_BUDGET taa=8 ao=12 (bake budget — Alt+S stills are unaffected)
19:23:19.867 + 3309.9s §CLAIM §STILL_REFINE start samples=8 triplanarMaterials=52 §MAXQ_FRAME_BUDGET taa=8 ao=12 (bake budget — Alt+S stills are unaffected)
19:23:19.867 + 3309.9s §CLAIM §STILL_REFINE start samples=8 triplanarMaterials=52 §MAXQ_FRAME_BUDGET taa=8 ao=12 (bake budget — Alt+S stills are unaffected)
19:23:19.867 + 3309.9s §CLAIM §STILL_REFINE start samples=8 triplanarMaterials=52 §MAXQ_FRAME_BUDGET taa=8 ao=12 (bake budget — Alt+S stills are unaffected)
19:23:19.867 + 3309.9s §CLAIM §STILL_REFINE start samples=8 triplanarMaterials=52 §MAXQ_FRAME_BUDGET taa=8 ao=12 (bake budget — Alt+S stills are unaffected)
19:23:19.867 + 3309.9s §CLAIM §STILL_REFINE start samples=8 triplanarMaterials=52 §MAXQ_FRAME_BUDGET taa=8 ao=12 (bake budget — Alt+S stills are unaffected)
19:23:19.867 + 3309.9s §CLAIM §STILL_REFINE start samples=8 triplanarMaterials=52 §MAXQ_FRAME_BUDGET taa=8 ao=12 (bake budget — Alt+S stills are unaffected)
19:23:19.867 + 3309.9s §CLAIM §STILL_REFINE start samples=8 triplanarMaterials=52 §MAXQ_FRAME_BUDGET taa=8 ao=12 (bake budget — Alt+S stills are unaffected)
19:23:19.867 + 3309.9s §CLAIM §STILL_REFINE start samples=8 triplanarMaterials=52 §MAXQ_FRAME_BUDGET taa=8 ao=12 (bake budget — Alt+S stills are unaffected)
19:23:19.867 + 3309.9s §CLAIM §STILL_REFINE start samples=8 triplanarMaterials=52 §MAXQ_FRAME_BUDGET taa=8 ao=12 (bake budget — Alt+S stills are unaffected)
19:23:19.867 + 3309.9s §CLAIM §STILL_REFINE start samples=8 triplanarMaterials=52 §MAXQ_FRAME_BUDGET taa=8 ao=12 (bake budget — Alt+S stills are unaffected)
19:23:19.867 + 3309.9s §CLAIM §STILL_REFINE start samples=8 triplanarMaterials=52 §MAXQ_FRAME_BUDGET taa=8 ao=12 (bake budget — Alt+S stills are unaffected)
19:23:19.867 + 3309.9s §CLAIM §STILL_REFINE start samples=8 triplanarMaterials=52 §MAXQ_FRAME_BUDGET taa=8 ao=12 (bake budget — Alt+S stills are unaffected)
19:23:19.867 + 3309.9s §CLAIM §STILL_REFINE start samples=8 triplanarMaterials=52 §MAXQ_FRAME_BUDGET taa=8 ao=12 (bake budget — Alt+S stills are unaffected)
19:23:19.867 + 3309.9s §CLAIM §STILL_REFINE start samples=8 triplanarMaterials=52 §MAXQ_FRAME_BUDGET taa=8 ao=12 (bake budget — Alt+S stills are unaffected)
19:23:19.867 + 3309.9s §CLAIM §STILL_REFINE start samples=8 triplanarMaterials=52 §MAXQ_FRAME_BUDGET taa=8 ao=12 (bake budget — Alt+S stills are unaffected)
19:23:19.867 + 3309.9s §CLAIM §STILL_REFINE start samples=8 triplanarMaterials=52 §MAXQ_FRAME_BUDGET taa=8 ao=12 (bake budget — Alt+S stills are unaffected)
19:23:19.867 + 3309.9s §CLAIM §STILL_REFINE start samples=8 triplanarMaterials=52 §MAXQ_FRAME_BUDGET taa=8 ao=12 (bake budget — Alt+S stills are unaffected)
19:23:19.867 + 3309.9s §CLAIM §STILL_REFINE start samples=8 triplanarMaterials=52 §MAXQ_FRAME_BUDGET taa=8 ao=12 (bake budget — Alt+S stills are unaffected)
19:23:19.867 + 3309.9s §CLAIM §STILL_REFINE start samples=8 triplanarMaterials=52 §MAXQ_FRAME_BUDGET taa=8 ao=12 (bake budget — Alt+S stills are unaffected)
19:23:19.867 + 3309.9s §CLAIM §STILL_REFINE start samples=8 triplanarMaterials=52 §MAXQ_FRAME_BUDGET taa=8 ao=12 (bake budget — Alt+S stills are unaffected)
19:23:19.867 + 3309.9s §CLAIM §STILL_REFINE start samples=8 triplanarMaterials=52 §MAXQ_FRAME_BUDGET taa=8 ao=12 (bake budget — Alt+S stills are unaffected)
19:23:19.867 + 3309.9s §CLAIM §STILL_REFINE start samples=8 triplanarMaterials=52 §MAXQ_FRAME_BUDGET taa=8 ao=12 (bake budget — Alt+S stills are unaffected)
19:23:19.867 + 3309.9s §CLAIM §STILL_REFINE start samples=8 triplanarMaterials=52 §MAXQ_FRAME_BUDGET taa=8 ao=12 (bake budget — Alt+S stills are unaffected)
19:23:19.867 + 3309.9s §CLAIM §STILL_REFINE start samples=8 triplanarMaterials=52 §MAXQ_FRAME_BUDGET taa=8 ao=12 (bake budget — Alt+S stills are unaffected)
19:23:19.867 + 3309.9s §CLAIM §STILL_REFINE start samples=8 triplanarMaterials=52 §MAXQ_FRAME_BUDGET taa=8 ao=12 (bake budget — Alt+S stills are unaffected)
19:23:19.867 + 3309.9s §CLAIM §STILL_REFINE start samples=8 triplanarMaterials=52 §MAXQ_FRAME_BUDGET taa=8 ao=12 (bake budget — Alt+S stills are unaffected)
19:23:19.867 + 3309.9s §CLAIM §STILL_REFINE start samples=8 triplanarMaterials=52 §MAXQ_FRAME_BUDGET taa=8 ao=12 (bake budget — Alt+S stills are unaffected)
19:23:19.867 + 3309.9s §CLAIM §STILL_REFINE start samples=8 triplanarMaterials=52 §MAXQ_FRAME_BUDGET taa=8 ao=12 (bake budget — Alt+S stills are unaffected)
19:23:19.867 + 3309.9s §CLAIM §STILL_REFINE start samples=8 triplanarMaterials=52 §MAXQ_FRAME_BUDGET taa=8 ao=12 (bake budget — Alt+S stills are unaffected)
19:23:19.867 + 3309.9s §CLAIM §STILL_REFINE start samples=8 triplanarMaterials=52 §MAXQ_FRAME_BUDGET taa=8 ao=12 (bake budget — Alt+S stills are unaffected)
19:23:19.867 + 3309.9s §CLAIM §STILL_REFINE start samples=8 triplanarMaterials=52 §MAXQ_FRAME_BUDGET taa=8 ao=12 (bake budget — Alt+S stills are unaffected)
19:23:19.867 + 3309.9s §CLAIM §STILL_REFINE start samples=8 triplanarMaterials=52 §MAXQ_FRAME_BUDGET taa=8 ao=12 (bake budget — Alt+S stills are unaffected)
19:23:19.867 + 3309.9s §CLAIM §STILL_REFINE start samples=8 triplanarMaterials=52 §MAXQ_FRAME_BUDGET taa=8 ao=12 (bake budget — Alt+S stills are unaffected)
19:23:19.867 + 3309.9s §CLAIM §STILL_REFINE start samples=8 triplanarMaterials=52 §MAXQ_FRAME_BUDGET taa=8 ao=12 (bake budget — Alt+S stills are unaffected)
19:23:19.867 + 3309.9s §CLAIM §STILL_REFINE start samples=8 triplanarMaterials=52 §MAXQ_FRAME_BUDGET taa=8 ao=12 (bake budget — Alt+S stills are unaffected)
19:23:19.867 + 3309.9s §CLAIM §STILL_REFINE start samples=8 triplanarMaterials=52 §MAXQ_FRAME_BUDGET taa=8 ao=12 (bake budget — Alt+S stills are unaffected)
19:23:19.867 + 3309.9s §CLAIM §STILL_REFINE start samples=8 triplanarMaterials=52 §MAXQ_FRAME_BUDGET taa=8 ao=12 (bake budget — Alt+S stills are unaffected)
19:23:19.867 + 3309.9s §CLAIM §STILL_REFINE start samples=8 triplanarMaterials=52 §MAXQ_FRAME_BUDGET taa=8 ao=12 (bake budget — Alt+S stills are unaffected)
19:23:19.867 + 3309.9s §CLAIM §STILL_REFINE start samples=8 triplanarMaterials=52 §MAXQ_FRAME_BUDGET taa=8 ao=12 (bake budget — Alt+S stills are unaffected)
19:23:19.867 + 3309.9s §CLAIM §STILL_REFINE start samples=8 triplanarMaterials=52 §MAXQ_FRAME_BUDGET taa=8 ao=12 (bake budget — Alt+S stills are unaffected)
19:23:19.867 + 3309.9s §CLAIM §STILL_REFINE start samples=8 triplanarMaterials=52 §MAXQ_FRAME_BUDGET taa=8 ao=12 (bake budget — Alt+S stills are unaffected)
19:23:19.867 + 3309.9s §CLAIM §STILL_REFINE start samples=8 triplanarMaterials=52 §MAXQ_FRAME_BUDGET taa=8 ao=12 (bake budget — Alt+S stills are unaffected)
19:23:19.867 + 3309.9s §CLAIM §STILL_REFINE start samples=8 triplanarMaterials=52 §MAXQ_FRAME_BUDGET taa=8 ao=12 (bake budget — Alt+S stills are unaffected)
19:23:19.867 + 3309.9s §CLAIM §STILL_REFINE start samples=8 triplanarMaterials=52 §MAXQ_FRAME_BUDGET taa=8 ao=12 (bake budget — Alt+S stills are unaffected)
19:23:19.867 + 3309.9s §CLAIM §STILL_REFINE start samples=8 triplanarMaterials=52 §MAXQ_FRAME_BUDGET taa=8 ao=12 (bake budget — Alt+S stills are unaffected)
19:23:19.867 + 3309.9s §CLAIM §STILL_REFINE start samples=8 triplanarMaterials=52 §MAXQ_FRAME_BUDGET taa=8 ao=12 (bake budget — Alt+S stills are unaffected)
19:23:19.867 + 3309.9s §CLAIM §STILL_REFINE start samples=8 triplanarMaterials=52 §MAXQ_FRAME_BUDGET taa=8 ao=12 (bake budget — Alt+S stills are unaffected)
19:23:19.867 + 3309.9s §CLAIM §STILL_REFINE start samples=8 triplanarMaterials=52 §MAXQ_FRAME_BUDGET taa=8 ao=12 (bake budget — Alt+S stills are unaffected)
19:23:19.867 + 3309.9s §CLAIM §STILL_REFINE start samples=8 triplanarMaterials=52 §MAXQ_FRAME_BUDGET taa=8 ao=12 (bake budget — Alt+S stills are unaffected)
19:23:19.868 + 3309.9s §CLAIM §STILL_REFINE start samples=8 triplanarMaterials=52 §MAXQ_FRAME_BUDGET taa=8 ao=12 (bake budget — Alt+S stills are unaffected)
19:23:19.868 + 3309.9s §CLAIM §STILL_REFINE start samples=8 triplanarMaterials=52 §MAXQ_FRAME_BUDGET taa=8 ao=12 (bake budget — Alt+S stills are unaffected)
19:23:19.868 + 3309.9s §CLAIM §STILL_REFINE start samples=8 triplanarMaterials=52 §MAXQ_FRAME_BUDGET taa=8 ao=12 (bake budget — Alt+S stills are unaffected)
19:23:19.868 + 3309.9s §CLAIM §STILL_REFINE start samples=8 triplanarMaterials=52 §MAXQ_FRAME_BUDGET taa=8 ao=12 (bake budget — Alt+S stills are unaffected)
19:23:19.868 + 3309.9s §CLAIM §STILL_REFINE start samples=8 triplanarMaterials=52 §MAXQ_FRAME_BUDGET taa=8 ao=12 (bake budget — Alt+S stills are unaffected)
19:23:19.868 + 3309.9s §CLAIM §STILL_REFINE start samples=8 triplanarMaterials=52 §MAXQ_FRAME_BUDGET taa=8 ao=12 (bake budget — Alt+S stills are unaffected)
19:23:19.868 + 3309.9s §CLAIM §STILL_REFINE start samples=8 triplanarMaterials=52 §MAXQ_FRAME_BUDGET taa=8 ao=12 (bake budget — Alt+S stills are unaffected)
19:23:19.868 + 3309.9s §CLAIM §STILL_REFINE start samples=8 triplanarMaterials=52 §MAXQ_FRAME_BUDGET taa=8 ao=12 (bake budget — Alt+S stills are unaffected)
19:23:19.868 + 3309.9s §CLAIM §STILL_REFINE start samples=8 triplanarMaterials=52 §MAXQ_FRAME_BUDGET taa=8 ao=12 (bake budget — Alt+S stills are unaffected)
19:23:19.868 + 3309.9s §CLAIM §STILL_REFINE start samples=8 triplanarMaterials=52 §MAXQ_FRAME_BUDGET taa=8 ao=12 (bake budget — Alt+S stills are unaffected)
19:23:19.868 + 3309.9s §CLAIM §STILL_REFINE start samples=8 triplanarMaterials=52 §MAXQ_FRAME_BUDGET taa=8 ao=12 (bake budget — Alt+S stills are unaffected)
19:23:19.868 + 3309.9s §CLAIM §STILL_REFINE start samples=8 triplanarMaterials=52 §MAXQ_FRAME_BUDGET taa=8 ao=12 (bake budget — Alt+S stills are unaffected)
19:23:19.868 + 3309.9s §CLAIM §STILL_REFINE start samples=8 triplanarMaterials=52 §MAXQ_FRAME_BUDGET taa=8 ao=12 (bake budget — Alt+S stills are unaffected)
19:23:19.868 + 3309.9s §CLAIM §STILL_REFINE start samples=8 triplanarMaterials=52 §MAXQ_FRAME_BUDGET taa=8 ao=12 (bake budget — Alt+S stills are unaffected)
19:23:19.868 + 3309.9s §CLAIM §STILL_REFINE start samples=8 triplanarMaterials=52 §MAXQ_FRAME_BUDGET taa=8 ao=12 (bake budget — Alt+S stills are unaffected)
19:23:19.868 + 3309.9s §CLAIM §STILL_REFINE start samples=8 triplanarMaterials=52 §MAXQ_FRAME_BUDGET taa=8 ao=12 (bake budget — Alt+S stills are unaffected)
19:23:19.868 + 3309.9s §CLAIM §STILL_REFINE start samples=8 triplanarMaterials=52 §MAXQ_FRAME_BUDGET taa=8 ao=12 (bake budget — Alt+S stills are unaffected)
19:23:19.868 + 3309.9s §CLAIM §STILL_REFINE start samples=8 triplanarMaterials=52 §MAXQ_FRAME_BUDGET taa=8 ao=12 (bake budget — Alt+S stills are unaffected)
19:23:19.868 + 3309.9s §CLAIM §STILL_REFINE start samples=8 triplanarMaterials=52 §MAXQ_FRAME_BUDGET taa=8 ao=12 (bake budget — Alt+S stills are unaffected)
19:23:19.868 + 3309.9s §CLAIM §STILL_REFINE start samples=8 triplanarMaterials=52 §MAXQ_FRAME_BUDGET taa=8 ao=12 (bake budget — Alt+S stills are unaffected)
19:23:19.868 + 3309.9s §CLAIM §STILL_REFINE start samples=8 triplanarMaterials=52 §MAXQ_FRAME_BUDGET taa=8 ao=12 (bake budget — Alt+S stills are unaffected)
19:23:19.868 + 3309.9s §CLAIM §STILL_REFINE start samples=8 triplanarMaterials=52 §MAXQ_FRAME_BUDGET taa=8 ao=12 (bake budget — Alt+S stills are unaffected)
19:23:19.868 + 3309.9s §CLAIM §STILL_REFINE start samples=8 triplanarMaterials=52 §MAXQ_FRAME_BUDGET taa=8 ao=12 (bake budget — Alt+S stills are unaffected)
19:23:19.868 + 3309.9s §CLAIM §STILL_REFINE start samples=8 triplanarMaterials=52 §MAXQ_FRAME_BUDGET taa=8 ao=12 (bake budget — Alt+S stills are unaffected)
19:23:19.868 + 3309.9s §CLAIM §STILL_REFINE start samples=8 triplanarMaterials=52 §MAXQ_FRAME_BUDGET taa=8 ao=12 (bake budget — Alt+S stills are unaffected)
19:23:19.868 + 3309.9s §CLAIM §STILL_REFINE start samples=8 triplanarMaterials=52 §MAXQ_FRAME_BUDGET taa=8 ao=12 (bake budget — Alt+S stills are unaffected)
19:23:19.868 + 3309.9s §CLAIM §STILL_REFINE start samples=8 triplanarMaterials=52 §MAXQ_FRAME_BUDGET taa=8 ao=12 (bake budget — Alt+S stills are unaffected)
19:23:19.868 + 3309.9s §CLAIM §STILL_REFINE start samples=8 triplanarMaterials=52 §MAXQ_FRAME_BUDGET taa=8 ao=12 (bake budget — Alt+S stills are unaffected)
19:23:19.868 + 3309.9s §CLAIM §STILL_REFINE start samples=8 triplanarMaterials=52 §MAXQ_FRAME_BUDGET taa=8 ao=12 (bake budget — Alt+S stills are unaffected)
19:23:19.868 + 3309.9s §CLAIM §STILL_REFINE start samples=8 triplanarMaterials=52 §MAXQ_FRAME_BUDGET taa=8 ao=12 (bake budget — Alt+S stills are unaffected)
19:23:19.868 + 3309.9s §CLAIM §STILL_REFINE start samples=8 triplanarMaterials=52 §MAXQ_FRAME_BUDGET taa=8 ao=12 (bake budget — Alt+S stills are unaffected)
19:23:19.868 + 3309.9s §CLAIM §STILL_REFINE start samples=8 triplanarMaterials=52 §MAXQ_FRAME_BUDGET taa=8 ao=12 (bake budget — Alt+S stills are unaffected)
19:23:19.868 + 3309.9s §CLAIM §STILL_REFINE start samples=8 triplanarMaterials=52 §MAXQ_FRAME_BUDGET taa=8 ao=12 (bake budget — Alt+S stills are unaffected)
19:23:19.868 + 3309.9s §CLAIM §STILL_REFINE start samples=8 triplanarMaterials=52 §MAXQ_FRAME_BUDGET taa=8 ao=12 (bake budget — Alt+S stills are unaffected)
19:23:19.868 + 3309.9s §CLAIM §STILL_REFINE start samples=8 triplanarMaterials=52 §MAXQ_FRAME_BUDGET taa=8 ao=12 (bake budget — Alt+S stills are unaffected)
19:23:19.868 + 3309.9s §CLAIM §STILL_REFINE start samples=8 triplanarMaterials=52 §MAXQ_FRAME_BUDGET taa=8 ao=12 (bake budget — Alt+S stills are unaffected)
19:23:19.868 + 3309.9s §CLAIM §STILL_REFINE start samples=8 triplanarMaterials=52 §MAXQ_FRAME_BUDGET taa=8 ao=12 (bake budget — Alt+S stills are unaffected)
19:23:19.868 + 3309.9s §CLAIM §STILL_REFINE start samples=8 triplanarMaterials=52 §MAXQ_FRAME_BUDGET taa=8 ao=12 (bake budget — Alt+S stills are unaffected)
19:23:19.868 + 3309.9s §CLAIM §STILL_REFINE start samples=8 triplanarMaterials=52 §MAXQ_FRAME_BUDGET taa=8 ao=12 (bake budget — Alt+S stills are unaffected)
19:23:19.868 + 3309.9s §CLAIM §STILL_REFINE start samples=8 triplanarMaterials=52 §MAXQ_FRAME_BUDGET taa=8 ao=12 (bake budget — Alt+S stills are unaffected)
19:23:19.868 + 3309.9s §CLAIM §STILL_REFINE start samples=8 triplanarMaterials=52 §MAXQ_FRAME_BUDGET taa=8 ao=12 (bake budget — Alt+S stills are unaffected)
19:23:19.868 + 3309.9s §CLAIM §STILL_REFINE start samples=8 triplanarMaterials=52 §MAXQ_FRAME_BUDGET taa=8 ao=12 (bake budget — Alt+S stills are unaffected)
19:23:19.868 + 3309.9s §CLAIM §STILL_REFINE start samples=8 triplanarMaterials=52 §MAXQ_FRAME_BUDGET taa=8 ao=12 (bake budget — Alt+S stills are unaffected)
19:23:19.868 + 3309.9s §CLAIM §STILL_REFINE start samples=8 triplanarMaterials=52 §MAXQ_FRAME_BUDGET taa=8 ao=12 (bake budget — Alt+S stills are unaffected)
19:23:19.868 + 3309.9s §CLAIM §STILL_REFINE start samples=8 triplanarMaterials=52 §MAXQ_FRAME_BUDGET taa=8 ao=12 (bake budget — Alt+S stills are unaffected)
19:23:19.868 + 3309.9s §CLAIM §STILL_REFINE start samples=8 triplanarMaterials=52 §MAXQ_FRAME_BUDGET taa=8 ao=12 (bake budget — Alt+S stills are unaffected)
19:23:19.868 + 3309.9s §CLAIM §STILL_REFINE start samples=8 triplanarMaterials=52 §MAXQ_FRAME_BUDGET taa=8 ao=12 (bake budget — Alt+S stills are unaffected)
19:23:19.868 + 3309.9s §CLAIM §STILL_REFINE start samples=8 triplanarMaterials=52 §MAXQ_FRAME_BUDGET taa=8 ao=12 (bake budget — Alt+S stills are unaffected)
19:23:19.868 + 3309.9s §CLAIM §STILL_REFINE start samples=8 triplanarMaterials=52 §MAXQ_FRAME_BUDGET taa=8 ao=12 (bake budget — Alt+S stills are unaffected)
19:23:19.868 + 3309.9s §CLAIM §STILL_REFINE start samples=8 triplanarMaterials=52 §MAXQ_FRAME_BUDGET taa=8 ao=12 (bake budget — Alt+S stills are unaffected)
19:23:19.868 + 3309.9s §CLAIM §STILL_REFINE start samples=8 triplanarMaterials=52 §MAXQ_FRAME_BUDGET taa=8 ao=12 (bake budget — Alt+S stills are unaffected)
19:23:19.868 + 3309.9s §CLAIM §STILL_REFINE start samples=8 triplanarMaterials=52 §MAXQ_FRAME_BUDGET taa=8 ao=12 (bake budget — Alt+S stills are unaffected)
19:23:19.868 + 3309.9s §CLAIM §STILL_REFINE start samples=8 triplanarMaterials=52 §MAXQ_FRAME_BUDGET taa=8 ao=12 (bake budget — Alt+S stills are unaffected)
19:23:19.868 + 3309.9s §CLAIM §STILL_REFINE start samples=8 triplanarMaterials=52 §MAXQ_FRAME_BUDGET taa=8 ao=12 (bake budget — Alt+S stills are unaffected)
19:23:19.868 + 3309.9s §CLAIM §STILL_REFINE start samples=8 triplanarMaterials=52 §MAXQ_FRAME_BUDGET taa=8 ao=12 (bake budget — Alt+S stills are unaffected)
19:23:19.868 + 3309.9s §CLAIM §STILL_REFINE start samples=8 triplanarMaterials=52 §MAXQ_FRAME_BUDGET taa=8 ao=12 (bake budget — Alt+S stills are unaffected)
19:23:19.868 + 3309.9s §CLAIM §STILL_REFINE start samples=8 triplanarMaterials=52 §MAXQ_FRAME_BUDGET taa=8 ao=12 (bake budget — Alt+S stills are unaffected)
19:23:19.868 + 3309.9s §CLAIM §STILL_REFINE start samples=8 triplanarMaterials=52 §MAXQ_FRAME_BUDGET taa=8 ao=12 (bake budget — Alt+S stills are unaffected)
19:23:19.868 + 3309.9s §CLAIM §STILL_REFINE start samples=8 triplanarMaterials=52 §MAXQ_FRAME_BUDGET taa=8 ao=12 (bake budget — Alt+S stills are unaffected)
19:23:19.868 + 3309.9s §CLAIM §STILL_REFINE start samples=8 triplanarMaterials=52 §MAXQ_FRAME_BUDGET taa=8 ao=12 (bake budget — Alt+S stills are unaffected)
19:23:19.868 + 3309.9s §CLAIM §STILL_REFINE start samples=8 triplanarMaterials=52 §MAXQ_FRAME_BUDGET taa=8 ao=12 (bake budget — Alt+S stills are unaffected)
19:23:19.868 + 3309.9s §CLAIM §STILL_REFINE start samples=8 triplanarMaterials=52 §MAXQ_FRAME_BUDGET taa=8 ao=12 (bake budget — Alt+S stills are unaffected)
19:23:19.868 + 3309.9s §CLAIM §STILL_REFINE start samples=8 triplanarMaterials=52 §MAXQ_FRAME_BUDGET taa=8 ao=12 (bake budget — Alt+S stills are unaffected)
19:23:19.868 + 3309.9s §CLAIM §STILL_REFINE start samples=8 triplanarMaterials=52 §MAXQ_FRAME_BUDGET taa=8 ao=12 (bake budget — Alt+S stills are unaffected)
19:23:19.868 + 3309.9s §CLAIM §STILL_REFINE start samples=8 triplanarMaterials=52 §MAXQ_FRAME_BUDGET taa=8 ao=12 (bake budget — Alt+S stills are unaffected)
19:23:19.868 + 3309.9s §CLAIM §STILL_REFINE start samples=8 triplanarMaterials=52 §MAXQ_FRAME_BUDGET taa=8 ao=12 (bake budget — Alt+S stills are unaffected)
19:23:19.868 + 3309.9s §CLAIM §STILL_REFINE start samples=8 triplanarMaterials=52 §MAXQ_FRAME_BUDGET taa=8 ao=12 (bake budget — Alt+S stills are unaffected)
19:23:19.868 + 3309.9s §CLAIM §STILL_REFINE start samples=8 triplanarMaterials=52 §MAXQ_FRAME_BUDGET taa=8 ao=12 (bake budget — Alt+S stills are unaffected)
19:23:19.868 + 3309.9s §CLAIM §STILL_REFINE start samples=8 triplanarMaterials=52 §MAXQ_FRAME_BUDGET taa=8 ao=12 (bake budget — Alt+S stills are unaffected)
19:23:19.868 + 3309.9s §CLAIM §STILL_REFINE start samples=8 triplanarMaterials=52 §MAXQ_FRAME_BUDGET taa=8 ao=12 (bake budget — Alt+S stills are unaffected)
19:23:19.868 + 3309.9s §CLAIM §STILL_REFINE start samples=8 triplanarMaterials=52 §MAXQ_FRAME_BUDGET taa=8 ao=12 (bake budget — Alt+S stills are unaffected)
19:23:19.868 + 3309.9s §CLAIM §STILL_REFINE start samples=8 triplanarMaterials=52 §MAXQ_FRAME_BUDGET taa=8 ao=12 (bake budget — Alt+S stills are unaffected)
19:23:19.868 + 3309.9s §CLAIM §STILL_REFINE start samples=8 triplanarMaterials=52 §MAXQ_FRAME_BUDGET taa=8 ao=12 (bake budget — Alt+S stills are unaffected)
19:23:19.868 + 3309.9s §CLAIM §STILL_REFINE start samples=8 triplanarMaterials=52 §MAXQ_FRAME_BUDGET taa=8 ao=12 (bake budget — Alt+S stills are unaffected)
19:23:19.868 + 3309.9s §CLAIM §STILL_REFINE start samples=8 triplanarMaterials=52 §MAXQ_FRAME_BUDGET taa=8 ao=12 (bake budget — Alt+S stills are unaffected)
19:23:19.868 + 3309.9s §CLAIM §STILL_REFINE start samples=8 triplanarMaterials=52 §MAXQ_FRAME_BUDGET taa=8 ao=12 (bake budget — Alt+S stills are unaffected)
19:23:19.868 + 3309.9s §CLAIM §STILL_REFINE start samples=8 triplanarMaterials=52 §MAXQ_FRAME_BUDGET taa=8 ao=12 (bake budget — Alt+S stills are unaffected)
19:23:19.868 + 3309.9s §CLAIM §STILL_REFINE start samples=8 triplanarMaterials=52 §MAXQ_FRAME_BUDGET taa=8 ao=12 (bake budget — Alt+S stills are unaffected)
19:23:19.868 + 3309.9s §CLAIM §STILL_REFINE start samples=8 triplanarMaterials=52 §MAXQ_FRAME_BUDGET taa=8 ao=12 (bake budget — Alt+S stills are unaffected)
19:23:19.868 + 3309.9s §CLAIM §STILL_REFINE start samples=8 triplanarMaterials=52 §MAXQ_FRAME_BUDGET taa=8 ao=12 (bake budget — Alt+S stills are unaffected)
19:23:19.868 + 3309.9s §CLAIM §STILL_REFINE start samples=8 triplanarMaterials=52 §MAXQ_FRAME_BUDGET taa=8 ao=12 (bake budget — Alt+S stills are unaffected)
19:23:19.868 + 3309.9s §CLAIM §STILL_REFINE start samples=8 triplanarMaterials=52 §MAXQ_FRAME_BUDGET taa=8 ao=12 (bake budget — Alt+S stills are unaffected)
19:23:19.868 + 3309.9s §CLAIM §STILL_REFINE start samples=8 triplanarMaterials=52 §MAXQ_FRAME_BUDGET taa=8 ao=12 (bake budget — Alt+S stills are unaffected)
19:23:19.868 + 3309.9s §CLAIM §STILL_REFINE start samples=8 triplanarMaterials=52 §MAXQ_FRAME_BUDGET taa=8 ao=12 (bake budget — Alt+S stills are unaffected)
19:23:19.868 + 3309.9s §CLAIM §STILL_REFINE start samples=8 triplanarMaterials=52 §MAXQ_FRAME_BUDGET taa=8 ao=12 (bake budget — Alt+S stills are unaffected)
19:23:19.868 + 3309.9s §CLAIM §STILL_REFINE start samples=8 triplanarMaterials=52 §MAXQ_FRAME_BUDGET taa=8 ao=12 (bake budget — Alt+S stills are unaffected)
19:23:19.868 + 3309.9s §CLAIM §STILL_REFINE start samples=8 triplanarMaterials=52 §MAXQ_FRAME_BUDGET taa=8 ao=12 (bake budget — Alt+S stills are unaffected)
19:23:19.868 + 3309.9s §CLAIM §STILL_REFINE start samples=8 triplanarMaterials=52 §MAXQ_FRAME_BUDGET taa=8 ao=12 (bake budget — Alt+S stills are unaffected)
19:23:19.868 + 3309.9s §CLAIM §STILL_REFINE start samples=8 triplanarMaterials=52 §MAXQ_FRAME_BUDGET taa=8 ao=12 (bake budget — Alt+S stills are unaffected)
19:23:19.868 + 3309.9s §CLAIM §STILL_REFINE start samples=8 triplanarMaterials=52 §MAXQ_FRAME_BUDGET taa=8 ao=12 (bake budget — Alt+S stills are unaffected)
19:23:19.868 + 3309.9s §CLAIM §STILL_REFINE start samples=8 triplanarMaterials=52 §MAXQ_FRAME_BUDGET taa=8 ao=12 (bake budget — Alt+S stills are unaffected)
19:23:19.868 + 3309.9s §CLAIM §STILL_REFINE start samples=8 triplanarMaterials=52 §MAXQ_FRAME_BUDGET taa=8 ao=12 (bake budget — Alt+S stills are unaffected)
19:23:19.868 + 3309.9s §CLAIM §STILL_REFINE start samples=8 triplanarMaterials=52 §MAXQ_FRAME_BUDGET taa=8 ao=12 (bake budget — Alt+S stills are unaffected)
19:23:19.868 + 3309.9s §CLAIM §STILL_REFINE start samples=8 triplanarMaterials=52 §MAXQ_FRAME_BUDGET taa=8 ao=12 (bake budget — Alt+S stills are unaffected)
19:23:19.868 + 3309.9s §CLAIM §STILL_REFINE start samples=8 triplanarMaterials=52 §MAXQ_FRAME_BUDGET taa=8 ao=12 (bake budget — Alt+S stills are unaffected)
19:23:19.868 + 3309.9s §CLAIM §STILL_REFINE start samples=8 triplanarMaterials=52 §MAXQ_FRAME_BUDGET taa=8 ao=12 (bake budget — Alt+S stills are unaffected)
19:23:19.868 + 3309.9s §CLAIM §STILL_REFINE start samples=8 triplanarMaterials=52 §MAXQ_FRAME_BUDGET taa=8 ao=12 (bake budget — Alt+S stills are unaffected)
19:23:19.868 + 3309.9s §CLAIM §STILL_REFINE start samples=8 triplanarMaterials=52 §MAXQ_FRAME_BUDGET taa=8 ao=12 (bake budget — Alt+S stills are unaffected)
19:23:19.868 + 3309.9s §CLAIM §STILL_REFINE start samples=8 triplanarMaterials=52 §MAXQ_FRAME_BUDGET taa=8 ao=12 (bake budget — Alt+S stills are unaffected)
19:23:19.868 + 3309.9s §CLAIM §STILL_REFINE start samples=8 triplanarMaterials=52 §MAXQ_FRAME_BUDGET taa=8 ao=12 (bake budget — Alt+S stills are unaffected)
19:23:19.868 + 3309.9s §CLAIM §STILL_REFINE start samples=8 triplanarMaterials=52 §MAXQ_FRAME_BUDGET taa=8 ao=12 (bake budget — Alt+S stills are unaffected)
19:23:19.868 + 3309.9s §CLAIM §STILL_REFINE start samples=8 triplanarMaterials=52 §MAXQ_FRAME_BUDGET taa=8 ao=12 (bake budget — Alt+S stills are unaffected)
19:23:19.868 + 3309.9s §CLAIM §STILL_REFINE start samples=8 triplanarMaterials=52 §MAXQ_FRAME_BUDGET taa=8 ao=12 (bake budget — Alt+S stills are unaffected)
19:23:19.868 + 3309.9s §CLAIM §STILL_REFINE start samples=8 triplanarMaterials=52 §MAXQ_FRAME_BUDGET taa=8 ao=12 (bake budget — Alt+S stills are unaffected)
19:23:19.868 + 3309.9s §CLAIM §STILL_REFINE start samples=8 triplanarMaterials=52 §MAXQ_FRAME_BUDGET taa=8 ao=12 (bake budget — Alt+S stills are unaffected)
19:23:19.868 + 3309.9s §CLAIM §STILL_REFINE start samples=8 triplanarMaterials=52 §MAXQ_FRAME_BUDGET taa=8 ao=12 (bake budget — Alt+S stills are unaffected)
19:23:19.868 + 3309.9s §CLAIM §STILL_REFINE start samples=8 triplanarMaterials=52 §MAXQ_FRAME_BUDGET taa=8 ao=12 (bake budget — Alt+S stills are unaffected)
19:23:19.868 + 3309.9s §CLAIM §STILL_REFINE start samples=8 triplanarMaterials=52 §MAXQ_FRAME_BUDGET taa=8 ao=12 (bake budget — Alt+S stills are unaffected)
19:23:19.868 + 3309.9s §CLAIM §STILL_REFINE start samples=8 triplanarMaterials=52 §MAXQ_FRAME_BUDGET taa=8 ao=12 (bake budget — Alt+S stills are unaffected)
19:23:19.868 + 3309.9s §CLAIM §STILL_REFINE start samples=8 triplanarMaterials=52 §MAXQ_FRAME_BUDGET taa=8 ao=12 (bake budget — Alt+S stills are unaffected)
19:23:19.868 + 3309.9s §CLAIM §STILL_REFINE start samples=8 triplanarMaterials=52 §MAXQ_FRAME_BUDGET taa=8 ao=12 (bake budget — Alt+S stills are unaffected)
19:23:19.868 + 3309.9s §CLAIM §STILL_REFINE start samples=8 triplanarMaterials=52 §MAXQ_FRAME_BUDGET taa=8 ao=12 (bake budget — Alt+S stills are unaffected)
19:23:19.868 + 3309.9s §CLAIM §STILL_REFINE start samples=8 triplanarMaterials=52 §MAXQ_FRAME_BUDGET taa=8 ao=12 (bake budget — Alt+S stills are unaffected)
19:23:19.868 + 3309.9s §CLAIM §STILL_REFINE start samples=8 triplanarMaterials=52 §MAXQ_FRAME_BUDGET taa=8 ao=12 (bake budget — Alt+S stills are unaffected)
19:23:19.868 + 3309.9s §CLAIM §STILL_REFINE start samples=8 triplanarMaterials=52 §MAXQ_FRAME_BUDGET taa=8 ao=12 (bake budget — Alt+S stills are unaffected)
19:23:19.868 + 3309.9s §CLAIM §STILL_REFINE start samples=8 triplanarMaterials=52 §MAXQ_FRAME_BUDGET taa=8 ao=12 (bake budget — Alt+S stills are unaffected)
19:23:19.868 + 3309.9s §CLAIM §STILL_REFINE start samples=8 triplanarMaterials=52 §MAXQ_FRAME_BUDGET taa=8 ao=12 (bake budget — Alt+S stills are unaffected)
19:23:19.868 + 3309.9s §CLAIM §STILL_REFINE start samples=8 triplanarMaterials=52 §MAXQ_FRAME_BUDGET taa=8 ao=12 (bake budget — Alt+S stills are unaffected)
19:23:19.868 + 3309.9s §CLAIM §STILL_REFINE start samples=8 triplanarMaterials=52 §MAXQ_FRAME_BUDGET taa=8 ao=12 (bake budget — Alt+S stills are unaffected)
19:23:19.868 + 3309.9s §CLAIM §STILL_REFINE start samples=8 triplanarMaterials=52 §MAXQ_FRAME_BUDGET taa=8 ao=12 (bake budget — Alt+S stills are unaffected)
19:23:19.868 + 3309.9s §CLAIM §STILL_REFINE start samples=8 triplanarMaterials=52 §MAXQ_FRAME_BUDGET taa=8 ao=12 (bake budget — Alt+S stills are unaffected)
19:23:19.868 + 3309.9s §CLAIM §STILL_REFINE start samples=8 triplanarMaterials=52 §MAXQ_FRAME_BUDGET taa=8 ao=12 (bake budget — Alt+S stills are unaffected)
19:23:19.868 + 3309.9s §CLAIM §STILL_REFINE start samples=8 triplanarMaterials=52 §MAXQ_FRAME_BUDGET taa=8 ao=12 (bake budget — Alt+S stills are unaffected)
19:23:19.868 + 3309.9s §CLAIM §STILL_REFINE start samples=8 triplanarMaterials=52 §MAXQ_FRAME_BUDGET taa=8 ao=12 (bake budget — Alt+S stills are unaffected)
19:23:19.868 + 3309.9s §CLAIM §STILL_REFINE start samples=8 triplanarMaterials=52 §MAXQ_FRAME_BUDGET taa=8 ao=12 (bake budget — Alt+S stills are unaffected)
19:23:19.868 + 3309.9s §CLAIM §STILL_REFINE start samples=8 triplanarMaterials=52 §MAXQ_FRAME_BUDGET taa=8 ao=12 (bake budget — Alt+S stills are unaffected)
19:23:19.868 + 3309.9s §CLAIM §STILL_REFINE start samples=8 triplanarMaterials=52 §MAXQ_FRAME_BUDGET taa=8 ao=12 (bake budget — Alt+S stills are unaffected)
19:23:19.868 + 3309.9s §CLAIM §STILL_REFINE start samples=8 triplanarMaterials=52 §MAXQ_FRAME_BUDGET taa=8 ao=12 (bake budget — Alt+S stills are unaffected)
19:23:19.868 + 3309.9s §CLAIM §STILL_REFINE start samples=8 triplanarMaterials=52 §MAXQ_FRAME_BUDGET taa=8 ao=12 (bake budget — Alt+S stills are unaffected)
19:23:19.868 + 3309.9s §CLAIM §STILL_REFINE start samples=8 triplanarMaterials=52 §MAXQ_FRAME_BUDGET taa=8 ao=12 (bake budget — Alt+S stills are unaffected)
19:23:19.868 + 3309.9s §CLAIM §STILL_REFINE start samples=8 triplanarMaterials=52 §MAXQ_FRAME_BUDGET taa=8 ao=12 (bake budget — Alt+S stills are unaffected)
19:23:19.868 + 3309.9s §CLAIM §STILL_REFINE start samples=8 triplanarMaterials=52 §MAXQ_FRAME_BUDGET taa=8 ao=12 (bake budget — Alt+S stills are unaffected)
19:23:19.868 + 3309.9s §CLAIM §STILL_REFINE start samples=8 triplanarMaterials=52 §MAXQ_FRAME_BUDGET taa=8 ao=12 (bake budget — Alt+S stills are unaffected)
19:23:19.868 + 3309.9s §CLAIM §STILL_REFINE start samples=8 triplanarMaterials=52 §MAXQ_FRAME_BUDGET taa=8 ao=12 (bake budget — Alt+S stills are unaffected)
19:23:19.868 + 3309.9s §CLAIM §STILL_REFINE start samples=8 triplanarMaterials=52 §MAXQ_FRAME_BUDGET taa=8 ao=12 (bake budget — Alt+S stills are unaffected)
19:23:19.868 + 3309.9s §CLAIM §STILL_REFINE start samples=8 triplanarMaterials=52 §MAXQ_FRAME_BUDGET taa=8 ao=12 (bake budget — Alt+S stills are unaffected)
19:23:19.868 + 3309.9s §CLAIM §STILL_REFINE start samples=8 triplanarMaterials=52 §MAXQ_FRAME_BUDGET taa=8 ao=12 (bake budget — Alt+S stills are unaffected)
19:23:19.868 + 3309.9s §CLAIM §STILL_REFINE start samples=8 triplanarMaterials=52 §MAXQ_FRAME_BUDGET taa=8 ao=12 (bake budget — Alt+S stills are unaffected)
19:23:19.868 + 3309.9s §CLAIM §STILL_REFINE start samples=8 triplanarMaterials=52 §MAXQ_FRAME_BUDGET taa=8 ao=12 (bake budget — Alt+S stills are unaffected)
19:23:19.868 + 3309.9s §CLAIM §STILL_REFINE start samples=8 triplanarMaterials=52 §MAXQ_FRAME_BUDGET taa=8 ao=12 (bake budget — Alt+S stills are unaffected)
19:23:19.868 + 3309.9s §CLAIM §STILL_REFINE start samples=8 triplanarMaterials=52 §MAXQ_FRAME_BUDGET taa=8 ao=12 (bake budget — Alt+S stills are unaffected)
19:23:19.868 + 3309.9s §CLAIM §STILL_REFINE start samples=8 triplanarMaterials=52 §MAXQ_FRAME_BUDGET taa=8 ao=12 (bake budget — Alt+S stills are unaffected)
19:23:19.868 + 3309.9s §CLAIM §STILL_REFINE start samples=8 triplanarMaterials=52 §MAXQ_FRAME_BUDGET taa=8 ao=12 (bake budget — Alt+S stills are unaffected)
19:23:19.868 + 3309.9s §CLAIM §STILL_REFINE start samples=8 triplanarMaterials=52 §MAXQ_FRAME_BUDGET taa=8 ao=12 (bake budget — Alt+S stills are unaffected)
19:23:19.868 + 3309.9s §CLAIM §STILL_REFINE start samples=8 triplanarMaterials=52 §MAXQ_FRAME_BUDGET taa=8 ao=12 (bake budget — Alt+S stills are unaffected)
19:23:19.868 + 3309.9s §CLAIM §STILL_REFINE start samples=8 triplanarMaterials=52 §MAXQ_FRAME_BUDGET taa=8 ao=12 (bake budget — Alt+S stills are unaffected)
19:23:19.868 + 3309.9s §CLAIM §STILL_REFINE start samples=8 triplanarMaterials=52 §MAXQ_FRAME_BUDGET taa=8 ao=12 (bake budget — Alt+S stills are unaffected)
19:23:19.868 + 3309.9s §CLAIM §STILL_REFINE start samples=8 triplanarMaterials=52 §MAXQ_FRAME_BUDGET taa=8 ao=12 (bake budget — Alt+S stills are unaffected)
19:23:19.868 + 3309.9s §CLAIM §STILL_REFINE start samples=8 triplanarMaterials=52 §MAXQ_FRAME_BUDGET taa=8 ao=12 (bake budget — Alt+S stills are unaffected)
19:23:19.868 + 3309.9s §CLAIM §STILL_REFINE start samples=8 triplanarMaterials=52 §MAXQ_FRAME_BUDGET taa=8 ao=12 (bake budget — Alt+S stills are unaffected)
19:23:19.868 + 3309.9s §CLAIM §STILL_REFINE start samples=8 triplanarMaterials=52 §MAXQ_FRAME_BUDGET taa=8 ao=12 (bake budget — Alt+S stills are unaffected)
19:23:19.868 + 3309.9s §CLAIM §STILL_REFINE start samples=8 triplanarMaterials=52 §MAXQ_FRAME_BUDGET taa=8 ao=12 (bake budget — Alt+S stills are unaffected)
19:23:19.868 + 3309.9s §CLAIM §STILL_REFINE start samples=8 triplanarMaterials=52 §MAXQ_FRAME_BUDGET taa=8 ao=12 (bake budget — Alt+S stills are unaffected)
19:23:19.868 + 3309.9s §CLAIM §STILL_REFINE start samples=8 triplanarMaterials=52 §MAXQ_FRAME_BUDGET taa=8 ao=12 (bake budget — Alt+S stills are unaffected)
19:23:19.868 + 3309.9s §CLAIM §STILL_REFINE start samples=8 triplanarMaterials=52 §MAXQ_FRAME_BUDGET taa=8 ao=12 (bake budget — Alt+S stills are unaffected)
19:23:19.868 + 3309.9s §CLAIM §STILL_REFINE start samples=8 triplanarMaterials=52 §MAXQ_FRAME_BUDGET taa=8 ao=12 (bake budget — Alt+S stills are unaffected)
19:23:19.868 + 3309.9s §CLAIM §STILL_REFINE start samples=8 triplanarMaterials=52 §MAXQ_FRAME_BUDGET taa=8 ao=12 (bake budget — Alt+S stills are unaffected)
19:23:19.868 + 3309.9s §CLAIM §STILL_REFINE start samples=8 triplanarMaterials=52 §MAXQ_FRAME_BUDGET taa=8 ao=12 (bake budget — Alt+S stills are unaffected)
19:23:19.868 + 3309.9s §CLAIM §STILL_REFINE start samples=8 triplanarMaterials=52 §MAXQ_FRAME_BUDGET taa=8 ao=12 (bake budget — Alt+S stills are unaffected)
19:23:19.868 + 3309.9s §CLAIM §STILL_REFINE start samples=8 triplanarMaterials=52 §MAXQ_FRAME_BUDGET taa=8 ao=12 (bake budget — Alt+S stills are unaffected)
19:23:19.868 + 3309.9s §CLAIM §STILL_REFINE start samples=8 triplanarMaterials=52 §MAXQ_FRAME_BUDGET taa=8 ao=12 (bake budget — Alt+S stills are unaffected)
19:23:19.868 + 3309.9s §CLAIM §STILL_REFINE start samples=8 triplanarMaterials=52 §MAXQ_FRAME_BUDGET taa=8 ao=12 (bake budget — Alt+S stills are unaffected)
19:23:19.868 + 3309.9s §CLAIM §STILL_REFINE start samples=8 triplanarMaterials=52 §MAXQ_FRAME_BUDGET taa=8 ao=12 (bake budget — Alt+S stills are unaffected)
19:23:19.868 + 3309.9s §CLAIM §STILL_REFINE start samples=8 triplanarMaterials=52 §MAXQ_FRAME_BUDGET taa=8 ao=12 (bake budget — Alt+S stills are unaffected)
19:23:19.868 + 3309.9s §CLAIM §STILL_REFINE start samples=8 triplanarMaterials=52 §MAXQ_FRAME_BUDGET taa=8 ao=12 (bake budget — Alt+S stills are unaffected)
19:23:19.868 + 3309.9s §CLAIM §STILL_REFINE start samples=8 triplanarMaterials=52 §MAXQ_FRAME_BUDGET taa=8 ao=12 (bake budget — Alt+S stills are unaffected)
19:23:19.869 + 3309.9s §CLAIM §STILL_REFINE start samples=8 triplanarMaterials=52 §MAXQ_FRAME_BUDGET taa=8 ao=12 (bake budget — Alt+S stills are unaffected)
19:23:19.869 + 3309.9s §CLAIM §STILL_REFINE start samples=8 triplanarMaterials=52 §MAXQ_FRAME_BUDGET taa=8 ao=12 (bake budget — Alt+S stills are unaffected)
19:23:19.869 + 3309.9s §CLAIM §STILL_REFINE start samples=8 triplanarMaterials=52 §MAXQ_FRAME_BUDGET taa=8 ao=12 (bake budget — Alt+S stills are unaffected)
19:23:19.869 + 3309.9s §CLAIM §STILL_REFINE start samples=8 triplanarMaterials=52 §MAXQ_FRAME_BUDGET taa=8 ao=12 (bake budget — Alt+S stills are unaffected)
19:23:19.869 + 3309.9s §CLAIM §STILL_REFINE start samples=8 triplanarMaterials=52 §MAXQ_FRAME_BUDGET taa=8 ao=12 (bake budget — Alt+S stills are unaffected)
19:23:19.869 + 3309.9s §CLAIM §STILL_REFINE start samples=8 triplanarMaterials=52 §MAXQ_FRAME_BUDGET taa=8 ao=12 (bake budget — Alt+S stills are unaffected)
19:23:19.869 + 3309.9s §CLAIM §STILL_REFINE start samples=8 triplanarMaterials=52 §MAXQ_FRAME_BUDGET taa=8 ao=12 (bake budget — Alt+S stills are unaffected)
19:23:19.869 + 3309.9s §CLAIM §STILL_REFINE start samples=8 triplanarMaterials=52 §MAXQ_FRAME_BUDGET taa=8 ao=12 (bake budget — Alt+S stills are unaffected)
19:23:19.869 + 3309.9s §CLAIM §STILL_REFINE start samples=8 triplanarMaterials=52 §MAXQ_FRAME_BUDGET taa=8 ao=12 (bake budget — Alt+S stills are unaffected)
19:23:19.869 + 3309.9s §CLAIM §STILL_REFINE start samples=8 triplanarMaterials=52 §MAXQ_FRAME_BUDGET taa=8 ao=12 (bake budget — Alt+S stills are unaffected)
19:23:19.869 + 3309.9s §CLAIM §STILL_REFINE start samples=8 triplanarMaterials=52 §MAXQ_FRAME_BUDGET taa=8 ao=12 (bake budget — Alt+S stills are unaffected)
19:23:19.869 + 3309.9s §CLAIM §STILL_REFINE start samples=8 triplanarMaterials=52 §MAXQ_FRAME_BUDGET taa=8 ao=12 (bake budget — Alt+S stills are unaffected)
19:23:19.869 + 3309.9s §CLAIM §STILL_REFINE start samples=8 triplanarMaterials=52 §MAXQ_FRAME_BUDGET taa=8 ao=12 (bake budget — Alt+S stills are unaffected)
19:23:19.869 + 3309.9s §CLAIM §STILL_REFINE start samples=8 triplanarMaterials=52 §MAXQ_FRAME_BUDGET taa=8 ao=12 (bake budget — Alt+S stills are unaffected)
19:23:19.869 + 3309.9s §CLAIM §STILL_REFINE start samples=8 triplanarMaterials=52 §MAXQ_FRAME_BUDGET taa=8 ao=12 (bake budget — Alt+S stills are unaffected)
19:23:19.869 + 3309.9s §CLAIM §STILL_REFINE start samples=8 triplanarMaterials=52 §MAXQ_FRAME_BUDGET taa=8 ao=12 (bake budget — Alt+S stills are unaffected)
19:23:19.869 + 3309.9s §CLAIM §STILL_REFINE start samples=8 triplanarMaterials=52 §MAXQ_FRAME_BUDGET taa=8 ao=12 (bake budget — Alt+S stills are unaffected)
19:23:19.869 + 3309.9s §CLAIM §STILL_REFINE start samples=8 triplanarMaterials=52 §MAXQ_FRAME_BUDGET taa=8 ao=12 (bake budget — Alt+S stills are unaffected)
19:23:19.869 + 3309.9s §CLAIM §STILL_REFINE start samples=8 triplanarMaterials=52 §MAXQ_FRAME_BUDGET taa=8 ao=12 (bake budget — Alt+S stills are unaffected)
19:23:19.869 + 3309.9s §CLAIM §STILL_REFINE start samples=8 triplanarMaterials=52 §MAXQ_FRAME_BUDGET taa=8 ao=12 (bake budget — Alt+S stills are unaffected)
19:23:19.869 + 3309.9s §CLAIM §STILL_REFINE start samples=8 triplanarMaterials=52 §MAXQ_FRAME_BUDGET taa=8 ao=12 (bake budget — Alt+S stills are unaffected)
19:23:19.869 + 3309.9s §CLAIM §STILL_REFINE start samples=8 triplanarMaterials=52 §MAXQ_FRAME_BUDGET taa=8 ao=12 (bake budget — Alt+S stills are unaffected)
19:23:19.869 + 3309.9s §CLAIM §STILL_REFINE start samples=8 triplanarMaterials=52 §MAXQ_FRAME_BUDGET taa=8 ao=12 (bake budget — Alt+S stills are unaffected)
19:23:19.869 + 3309.9s §CLAIM §STILL_REFINE start samples=8 triplanarMaterials=52 §MAXQ_FRAME_BUDGET taa=8 ao=12 (bake budget — Alt+S stills are unaffected)
19:23:19.869 + 3309.9s §CLAIM §STILL_REFINE start samples=8 triplanarMaterials=52 §MAXQ_FRAME_BUDGET taa=8 ao=12 (bake budget — Alt+S stills are unaffected)
19:23:19.869 + 3309.9s §CLAIM §STILL_REFINE start samples=8 triplanarMaterials=52 §MAXQ_FRAME_BUDGET taa=8 ao=12 (bake budget — Alt+S stills are unaffected)
19:23:19.869 + 3309.9s §CLAIM §STILL_REFINE start samples=8 triplanarMaterials=52 §MAXQ_FRAME_BUDGET taa=8 ao=12 (bake budget — Alt+S stills are unaffected)
19:23:19.869 + 3309.9s §CLAIM §STILL_REFINE start samples=8 triplanarMaterials=52 §MAXQ_FRAME_BUDGET taa=8 ao=12 (bake budget — Alt+S stills are unaffected)
19:23:19.869 + 3309.9s §CLAIM §STILL_REFINE start samples=8 triplanarMaterials=52 §MAXQ_FRAME_BUDGET taa=8 ao=12 (bake budget — Alt+S stills are unaffected)
19:23:19.869 + 3309.9s §CLAIM §STILL_REFINE start samples=8 triplanarMaterials=52 §MAXQ_FRAME_BUDGET taa=8 ao=12 (bake budget — Alt+S stills are unaffected)
19:23:19.869 + 3309.9s §CLAIM §STILL_REFINE start samples=8 triplanarMaterials=52 §MAXQ_FRAME_BUDGET taa=8 ao=12 (bake budget — Alt+S stills are unaffected)
19:23:19.869 + 3309.9s §CLAIM §STILL_REFINE start samples=8 triplanarMaterials=52 §MAXQ_FRAME_BUDGET taa=8 ao=12 (bake budget — Alt+S stills are unaffected)
19:23:19.869 + 3309.9s §CLAIM §STILL_REFINE start samples=8 triplanarMaterials=52 §MAXQ_FRAME_BUDGET taa=8 ao=12 (bake budget — Alt+S stills are unaffected)
19:23:19.869 + 3309.9s §CLAIM §STILL_REFINE start samples=8 triplanarMaterials=52 §MAXQ_FRAME_BUDGET taa=8 ao=12 (bake budget — Alt+S stills are unaffected)
19:23:19.869 + 3309.9s §CLAIM §STILL_REFINE start samples=8 triplanarMaterials=52 §MAXQ_FRAME_BUDGET taa=8 ao=12 (bake budget — Alt+S stills are unaffected)
19:23:19.869 + 3309.9s §CLAIM §STILL_REFINE start samples=8 triplanarMaterials=52 §MAXQ_FRAME_BUDGET taa=8 ao=12 (bake budget — Alt+S stills are unaffected)
19:23:19.869 + 3309.9s §CLAIM §STILL_REFINE start samples=8 triplanarMaterials=52 §MAXQ_FRAME_BUDGET taa=8 ao=12 (bake budget — Alt+S stills are unaffected)
19:23:19.869 + 3309.9s §CLAIM §STILL_REFINE start samples=8 triplanarMaterials=52 §MAXQ_FRAME_BUDGET taa=8 ao=12 (bake budget — Alt+S stills are unaffected)
19:23:19.869 + 3309.9s §CLAIM §STILL_REFINE start samples=8 triplanarMaterials=52 §MAXQ_FRAME_BUDGET taa=8 ao=12 (bake budget — Alt+S stills are unaffected)
19:23:19.869 + 3309.9s §CLAIM §STILL_REFINE start samples=8 triplanarMaterials=52 §MAXQ_FRAME_BUDGET taa=8 ao=12 (bake budget — Alt+S stills are unaffected)
19:23:19.869 + 3309.9s §CLAIM §STILL_REFINE start samples=8 triplanarMaterials=52 §MAXQ_FRAME_BUDGET taa=8 ao=12 (bake budget — Alt+S stills are unaffected)
19:23:19.869 + 3309.9s §CLAIM §STILL_REFINE start samples=8 triplanarMaterials=52 §MAXQ_FRAME_BUDGET taa=8 ao=12 (bake budget — Alt+S stills are unaffected)
19:23:19.869 + 3309.9s §CLAIM §STILL_REFINE start samples=8 triplanarMaterials=52 §MAXQ_FRAME_BUDGET taa=8 ao=12 (bake budget — Alt+S stills are unaffected)
19:23:19.869 + 3309.9s §CLAIM §STILL_REFINE start samples=8 triplanarMaterials=52 §MAXQ_FRAME_BUDGET taa=8 ao=12 (bake budget — Alt+S stills are unaffected)
19:23:19.869 + 3309.9s §CLAIM §STILL_REFINE start samples=8 triplanarMaterials=52 §MAXQ_FRAME_BUDGET taa=8 ao=12 (bake budget — Alt+S stills are unaffected)
19:23:19.869 + 3309.9s §CLAIM §STILL_REFINE start samples=8 triplanarMaterials=52 §MAXQ_FRAME_BUDGET taa=8 ao=12 (bake budget — Alt+S stills are unaffected)
19:23:19.869 + 3309.9s §CLAIM §STILL_REFINE start samples=8 triplanarMaterials=52 §MAXQ_FRAME_BUDGET taa=8 ao=12 (bake budget — Alt+S stills are unaffected)
19:23:19.869 + 3309.9s §CLAIM §STILL_REFINE start samples=8 triplanarMaterials=52 §MAXQ_FRAME_BUDGET taa=8 ao=12 (bake budget — Alt+S stills are unaffected)
19:23:19.869 + 3309.9s §CLAIM §STILL_REFINE start samples=8 triplanarMaterials=52 §MAXQ_FRAME_BUDGET taa=8 ao=12 (bake budget — Alt+S stills are unaffected)
19:23:19.869 + 3309.9s §CLAIM §STILL_REFINE start samples=8 triplanarMaterials=52 §MAXQ_FRAME_BUDGET taa=8 ao=12 (bake budget — Alt+S stills are unaffected)
19:23:19.869 + 3309.9s §CLAIM §STILL_REFINE start samples=8 triplanarMaterials=52 §MAXQ_FRAME_BUDGET taa=8 ao=12 (bake budget — Alt+S stills are unaffected)
19:23:19.869 + 3309.9s §CLAIM §STILL_REFINE start samples=8 triplanarMaterials=52 §MAXQ_FRAME_BUDGET taa=8 ao=12 (bake budget — Alt+S stills are unaffected)
19:23:19.869 + 3309.9s §CLAIM §STILL_REFINE start samples=8 triplanarMaterials=52 §MAXQ_FRAME_BUDGET taa=8 ao=12 (bake budget — Alt+S stills are unaffected)
19:23:19.869 + 3309.9s §CLAIM §STILL_REFINE start samples=8 triplanarMaterials=52 §MAXQ_FRAME_BUDGET taa=8 ao=12 (bake budget — Alt+S stills are unaffected)
19:23:19.869 + 3309.9s §CLAIM §STILL_REFINE start samples=8 triplanarMaterials=52 §MAXQ_FRAME_BUDGET taa=8 ao=12 (bake budget — Alt+S stills are unaffected)
19:23:19.869 + 3309.9s §CLAIM §STILL_REFINE start samples=8 triplanarMaterials=52 §MAXQ_FRAME_BUDGET taa=8 ao=12 (bake budget — Alt+S stills are unaffected)
19:23:19.869 + 3309.9s §CLAIM §STILL_REFINE start samples=8 triplanarMaterials=52 §MAXQ_FRAME_BUDGET taa=8 ao=12 (bake budget — Alt+S stills are unaffected)
19:23:19.869 + 3309.9s §CLAIM §STILL_REFINE start samples=8 triplanarMaterials=52 §MAXQ_FRAME_BUDGET taa=8 ao=12 (bake budget — Alt+S stills are unaffected)
19:23:19.869 + 3309.9s §CLAIM §STILL_REFINE start samples=8 triplanarMaterials=52 §MAXQ_FRAME_BUDGET taa=8 ao=12 (bake budget — Alt+S stills are unaffected)
19:23:19.869 + 3309.9s §CLAIM §STILL_REFINE start samples=8 triplanarMaterials=52 §MAXQ_FRAME_BUDGET taa=8 ao=12 (bake budget — Alt+S stills are unaffected)
19:23:19.869 + 3309.9s §CLAIM §STILL_REFINE start samples=8 triplanarMaterials=52 §MAXQ_FRAME_BUDGET taa=8 ao=12 (bake budget — Alt+S stills are unaffected)
19:23:19.869 + 3309.9s §CLAIM §STILL_REFINE start samples=8 triplanarMaterials=52 §MAXQ_FRAME_BUDGET taa=8 ao=12 (bake budget — Alt+S stills are unaffected)
19:23:19.869 + 3309.9s §CLAIM §STILL_REFINE start samples=8 triplanarMaterials=52 §MAXQ_FRAME_BUDGET taa=8 ao=12 (bake budget — Alt+S stills are unaffected)
19:23:19.869 + 3309.9s §CLAIM §STILL_REFINE start samples=8 triplanarMaterials=52 §MAXQ_FRAME_BUDGET taa=8 ao=12 (bake budget — Alt+S stills are unaffected)
19:23:19.869 + 3309.9s §CLAIM §STILL_REFINE start samples=8 triplanarMaterials=52 §MAXQ_FRAME_BUDGET taa=8 ao=12 (bake budget — Alt+S stills are unaffected)
19:23:19.869 + 3309.9s §CLAIM §STILL_REFINE start samples=8 triplanarMaterials=52 §MAXQ_FRAME_BUDGET taa=8 ao=12 (bake budget — Alt+S stills are unaffected)
19:23:19.869 + 3309.9s §CLAIM §STILL_REFINE start samples=8 triplanarMaterials=52 §MAXQ_FRAME_BUDGET taa=8 ao=12 (bake budget — Alt+S stills are unaffected)
19:23:19.869 + 3309.9s §CLAIM §STILL_REFINE start samples=8 triplanarMaterials=52 §MAXQ_FRAME_BUDGET taa=8 ao=12 (bake budget — Alt+S stills are unaffected)
19:23:19.869 + 3309.9s §CLAIM §STILL_REFINE start samples=8 triplanarMaterials=52 §MAXQ_FRAME_BUDGET taa=8 ao=12 (bake budget — Alt+S stills are unaffected)
19:23:19.869 + 3309.9s §CLAIM §STILL_REFINE start samples=8 triplanarMaterials=52 §MAXQ_FRAME_BUDGET taa=8 ao=12 (bake budget — Alt+S stills are unaffected)
19:23:19.869 + 3309.9s §CLAIM §STILL_REFINE start samples=8 triplanarMaterials=52 §MAXQ_FRAME_BUDGET taa=8 ao=12 (bake budget — Alt+S stills are unaffected)
19:23:19.869 + 3309.9s §CLAIM §STILL_REFINE start samples=8 triplanarMaterials=52 §MAXQ_FRAME_BUDGET taa=8 ao=12 (bake budget — Alt+S stills are unaffected)
19:23:19.869 + 3309.9s §CLAIM §STILL_REFINE start samples=8 triplanarMaterials=52 §MAXQ_FRAME_BUDGET taa=8 ao=12 (bake budget — Alt+S stills are unaffected)
19:23:19.869 + 3309.9s §CLAIM §STILL_REFINE start samples=8 triplanarMaterials=52 §MAXQ_FRAME_BUDGET taa=8 ao=12 (bake budget — Alt+S stills are unaffected)
19:23:19.869 + 3309.9s §CLAIM §STILL_REFINE start samples=8 triplanarMaterials=52 §MAXQ_FRAME_BUDGET taa=8 ao=12 (bake budget — Alt+S stills are unaffected)
19:23:19.869 + 3309.9s §CLAIM §STILL_REFINE start samples=8 triplanarMaterials=52 §MAXQ_FRAME_BUDGET taa=8 ao=12 (bake budget — Alt+S stills are unaffected)
19:23:19.869 + 3309.9s §CLAIM §STILL_REFINE start samples=8 triplanarMaterials=52 §MAXQ_FRAME_BUDGET taa=8 ao=12 (bake budget — Alt+S stills are unaffected)
19:23:19.869 + 3309.9s §CLAIM §STILL_REFINE start samples=8 triplanarMaterials=52 §MAXQ_FRAME_BUDGET taa=8 ao=12 (bake budget — Alt+S stills are unaffected)
19:23:19.869 + 3309.9s §CLAIM §STILL_REFINE start samples=8 triplanarMaterials=52 §MAXQ_FRAME_BUDGET taa=8 ao=12 (bake budget — Alt+S stills are unaffected)
19:23:19.869 + 3309.9s §CLAIM §STILL_REFINE start samples=8 triplanarMaterials=52 §MAXQ_FRAME_BUDGET taa=8 ao=12 (bake budget — Alt+S stills are unaffected)
19:23:19.869 + 3309.9s §CLAIM §STILL_REFINE start samples=8 triplanarMaterials=52 §MAXQ_FRAME_BUDGET taa=8 ao=12 (bake budget — Alt+S stills are unaffected)
19:23:19.869 + 3309.9s §CLAIM §STILL_REFINE start samples=8 triplanarMaterials=52 §MAXQ_FRAME_BUDGET taa=8 ao=12 (bake budget — Alt+S stills are unaffected)
19:23:19.869 + 3309.9s §CLAIM §STILL_REFINE start samples=8 triplanarMaterials=52 §MAXQ_FRAME_BUDGET taa=8 ao=12 (bake budget — Alt+S stills are unaffected)
19:23:19.869 + 3309.9s §CLAIM §STILL_REFINE start samples=8 triplanarMaterials=52 §MAXQ_FRAME_BUDGET taa=8 ao=12 (bake budget — Alt+S stills are unaffected)
19:23:19.869 + 3309.9s §CLAIM §STILL_REFINE start samples=8 triplanarMaterials=52 §MAXQ_FRAME_BUDGET taa=8 ao=12 (bake budget — Alt+S stills are unaffected)
19:23:19.869 + 3309.9s §CLAIM §STILL_REFINE start samples=8 triplanarMaterials=52 §MAXQ_FRAME_BUDGET taa=8 ao=12 (bake budget — Alt+S stills are unaffected)
19:23:19.869 + 3309.9s §CLAIM §STILL_REFINE start samples=8 triplanarMaterials=52 §MAXQ_FRAME_BUDGET taa=8 ao=12 (bake budget — Alt+S stills are unaffected)
19:23:19.869 + 3309.9s §CLAIM §STILL_REFINE start samples=8 triplanarMaterials=52 §MAXQ_FRAME_BUDGET taa=8 ao=12 (bake budget — Alt+S stills are unaffected)
19:23:19.869 + 3309.9s §CLAIM §STILL_REFINE start samples=8 triplanarMaterials=52 §MAXQ_FRAME_BUDGET taa=8 ao=12 (bake budget — Alt+S stills are unaffected)
19:23:19.869 + 3309.9s §CLAIM §STILL_REFINE start samples=8 triplanarMaterials=52 §MAXQ_FRAME_BUDGET taa=8 ao=12 (bake budget — Alt+S stills are unaffected)
19:23:19.869 + 3309.9s §CLAIM §STILL_REFINE start samples=8 triplanarMaterials=52 §MAXQ_FRAME_BUDGET taa=8 ao=12 (bake budget — Alt+S stills are unaffected)
19:23:19.869 + 3309.9s §CLAIM §STILL_REFINE start samples=8 triplanarMaterials=52 §MAXQ_FRAME_BUDGET taa=8 ao=12 (bake budget — Alt+S stills are unaffected)
19:23:19.869 + 3309.9s §CLAIM §STILL_REFINE start samples=8 triplanarMaterials=52 §MAXQ_FRAME_BUDGET taa=8 ao=12 (bake budget — Alt+S stills are unaffected)
19:23:19.869 + 3309.9s §CLAIM §STILL_REFINE start samples=8 triplanarMaterials=52 §MAXQ_FRAME_BUDGET taa=8 ao=12 (bake budget — Alt+S stills are unaffected)
19:23:19.869 + 3309.9s §CLAIM §STILL_REFINE start samples=8 triplanarMaterials=52 §MAXQ_FRAME_BUDGET taa=8 ao=12 (bake budget — Alt+S stills are unaffected)
19:23:19.869 + 3309.9s §CLAIM §STILL_REFINE start samples=8 triplanarMaterials=52 §MAXQ_FRAME_BUDGET taa=8 ao=12 (bake budget — Alt+S stills are unaffected)
19:23:19.869 + 3309.9s §CLAIM §STILL_REFINE start samples=8 triplanarMaterials=52 §MAXQ_FRAME_BUDGET taa=8 ao=12 (bake budget — Alt+S stills are unaffected)
19:23:19.869 + 3309.9s §CLAIM §STILL_REFINE start samples=8 triplanarMaterials=52 §MAXQ_FRAME_BUDGET taa=8 ao=12 (bake budget — Alt+S stills are unaffected)
19:23:19.869 + 3309.9s §CLAIM §STILL_REFINE start samples=8 triplanarMaterials=52 §MAXQ_FRAME_BUDGET taa=8 ao=12 (bake budget — Alt+S stills are unaffected)
19:23:19.869 + 3309.9s §CLAIM §STILL_REFINE start samples=8 triplanarMaterials=52 §MAXQ_FRAME_BUDGET taa=8 ao=12 (bake budget — Alt+S stills are unaffected)
19:23:19.869 + 3309.9s §CLAIM §STILL_REFINE start samples=8 triplanarMaterials=52 §MAXQ_FRAME_BUDGET taa=8 ao=12 (bake budget — Alt+S stills are unaffected)
19:23:19.869 + 3309.9s §CLAIM §STILL_REFINE start samples=8 triplanarMaterials=52 §MAXQ_FRAME_BUDGET taa=8 ao=12 (bake budget — Alt+S stills are unaffected)
19:23:19.869 + 3309.9s §CLAIM §STILL_REFINE start samples=8 triplanarMaterials=52 §MAXQ_FRAME_BUDGET taa=8 ao=12 (bake budget — Alt+S stills are unaffected)
19:23:19.869 + 3309.9s §CLAIM §STILL_REFINE start samples=8 triplanarMaterials=52 §MAXQ_FRAME_BUDGET taa=8 ao=12 (bake budget — Alt+S stills are unaffected)
19:23:19.869 + 3309.9s §CLAIM §STILL_REFINE start samples=8 triplanarMaterials=52 §MAXQ_FRAME_BUDGET taa=8 ao=12 (bake budget — Alt+S stills are unaffected)
19:23:19.869 + 3309.9s §CLAIM §STILL_REFINE start samples=8 triplanarMaterials=52 §MAXQ_FRAME_BUDGET taa=8 ao=12 (bake budget — Alt+S stills are unaffected)
19:23:19.869 + 3309.9s §CLAIM §STILL_REFINE start samples=8 triplanarMaterials=52 §MAXQ_FRAME_BUDGET taa=8 ao=12 (bake budget — Alt+S stills are unaffected)
19:23:19.869 + 3309.9s §CLAIM §STILL_REFINE start samples=8 triplanarMaterials=52 §MAXQ_FRAME_BUDGET taa=8 ao=12 (bake budget — Alt+S stills are unaffected)
19:23:19.869 + 3309.9s §CLAIM §STILL_REFINE start samples=8 triplanarMaterials=52 §MAXQ_FRAME_BUDGET taa=8 ao=12 (bake budget — Alt+S stills are unaffected)
19:23:19.869 + 3309.9s §CLAIM §STILL_REFINE start samples=8 triplanarMaterials=52 §MAXQ_FRAME_BUDGET taa=8 ao=12 (bake budget — Alt+S stills are unaffected)
19:23:19.869 + 3309.9s §CLAIM §STILL_REFINE start samples=8 triplanarMaterials=52 §MAXQ_FRAME_BUDGET taa=8 ao=12 (bake budget — Alt+S stills are unaffected)
19:23:19.869 + 3309.9s §CLAIM §STILL_REFINE start samples=8 triplanarMaterials=52 §MAXQ_FRAME_BUDGET taa=8 ao=12 (bake budget — Alt+S stills are unaffected)
19:23:19.869 + 3309.9s §CLAIM §STILL_REFINE start samples=8 triplanarMaterials=52 §MAXQ_FRAME_BUDGET taa=8 ao=12 (bake budget — Alt+S stills are unaffected)
19:23:19.869 + 3309.9s §CLAIM §STILL_REFINE start samples=8 triplanarMaterials=52 §MAXQ_FRAME_BUDGET taa=8 ao=12 (bake budget — Alt+S stills are unaffected)
19:23:19.869 + 3309.9s §CLAIM §STILL_REFINE start samples=8 triplanarMaterials=52 §MAXQ_FRAME_BUDGET taa=8 ao=12 (bake budget — Alt+S stills are unaffected)
19:23:19.869 + 3309.9s §CLAIM §STILL_REFINE start samples=8 triplanarMaterials=52 §MAXQ_FRAME_BUDGET taa=8 ao=12 (bake budget — Alt+S stills are unaffected)
19:23:19.869 + 3309.9s §CLAIM §STILL_REFINE start samples=8 triplanarMaterials=52 §MAXQ_FRAME_BUDGET taa=8 ao=12 (bake budget — Alt+S stills are unaffected)
19:23:19.869 + 3309.9s §CLAIM §STILL_REFINE start samples=8 triplanarMaterials=52 §MAXQ_FRAME_BUDGET taa=8 ao=12 (bake budget — Alt+S stills are unaffected)
19:23:19.869 + 3309.9s §CLAIM §STILL_REFINE start samples=8 triplanarMaterials=52 §MAXQ_FRAME_BUDGET taa=8 ao=12 (bake budget — Alt+S stills are unaffected)
19:23:19.869 + 3309.9s §CLAIM §STILL_REFINE start samples=8 triplanarMaterials=52 §MAXQ_FRAME_BUDGET taa=8 ao=12 (bake budget — Alt+S stills are unaffected)
19:23:19.869 + 3309.9s §CLAIM §STILL_REFINE start samples=8 triplanarMaterials=52 §MAXQ_FRAME_BUDGET taa=8 ao=12 (bake budget — Alt+S stills are unaffected)
19:23:19.869 + 3309.9s §CLAIM §STILL_REFINE start samples=8 triplanarMaterials=52 §MAXQ_FRAME_BUDGET taa=8 ao=12 (bake budget — Alt+S stills are unaffected)
19:23:19.869 + 3309.9s §CLAIM §STILL_REFINE start samples=8 triplanarMaterials=52 §MAXQ_FRAME_BUDGET taa=8 ao=12 (bake budget — Alt+S stills are unaffected)
19:23:19.869 + 3309.9s §CLAIM §STILL_REFINE start samples=8 triplanarMaterials=52 §MAXQ_FRAME_BUDGET taa=8 ao=12 (bake budget — Alt+S stills are unaffected)
19:23:19.869 + 3309.9s §CLAIM §STILL_REFINE start samples=8 triplanarMaterials=52 §MAXQ_FRAME_BUDGET taa=8 ao=12 (bake budget — Alt+S stills are unaffected)
19:23:19.869 + 3309.9s §CLAIM §STILL_REFINE start samples=8 triplanarMaterials=52 §MAXQ_FRAME_BUDGET taa=8 ao=12 (bake budget — Alt+S stills are unaffected)
19:23:19.869 + 3309.9s §CLAIM §STILL_REFINE start samples=8 triplanarMaterials=52 §MAXQ_FRAME_BUDGET taa=8 ao=12 (bake budget — Alt+S stills are unaffected)
19:23:19.869 + 3309.9s §CLAIM §STILL_REFINE start samples=8 triplanarMaterials=52 §MAXQ_FRAME_BUDGET taa=8 ao=12 (bake budget — Alt+S stills are unaffected)
19:23:19.869 + 3309.9s §CLAIM §STILL_REFINE start samples=8 triplanarMaterials=52 §MAXQ_FRAME_BUDGET taa=8 ao=12 (bake budget — Alt+S stills are unaffected)
19:23:19.869 + 3309.9s §CLAIM §STILL_REFINE start samples=8 triplanarMaterials=52 §MAXQ_FRAME_BUDGET taa=8 ao=12 (bake budget — Alt+S stills are unaffected)
19:23:19.869 + 3309.9s §CLAIM §STILL_REFINE start samples=8 triplanarMaterials=52 §MAXQ_FRAME_BUDGET taa=8 ao=12 (bake budget — Alt+S stills are unaffected)
19:23:19.869 + 3309.9s §CLAIM §STILL_REFINE start samples=8 triplanarMaterials=52 §MAXQ_FRAME_BUDGET taa=8 ao=12 (bake budget — Alt+S stills are unaffected)
19:23:19.869 + 3309.9s §CLAIM §STILL_REFINE start samples=8 triplanarMaterials=52 §MAXQ_FRAME_BUDGET taa=8 ao=12 (bake budget — Alt+S stills are unaffected)
19:23:19.869 + 3309.9s §CLAIM §STILL_REFINE start samples=8 triplanarMaterials=52 §MAXQ_FRAME_BUDGET taa=8 ao=12 (bake budget — Alt+S stills are unaffected)
19:23:19.869 + 3309.9s §CLAIM §STILL_REFINE start samples=8 triplanarMaterials=52 §MAXQ_FRAME_BUDGET taa=8 ao=12 (bake budget — Alt+S stills are unaffected)
19:23:19.869 + 3309.9s §CLAIM §STILL_REFINE start samples=8 triplanarMaterials=52 §MAXQ_FRAME_BUDGET taa=8 ao=12 (bake budget — Alt+S stills are unaffected)
19:23:19.869 + 3309.9s §CLAIM §STILL_REFINE start samples=8 triplanarMaterials=52 §MAXQ_FRAME_BUDGET taa=8 ao=12 (bake budget — Alt+S stills are unaffected)
19:23:19.869 + 3309.9s §CLAIM §STILL_REFINE start samples=8 triplanarMaterials=52 §MAXQ_FRAME_BUDGET taa=8 ao=12 (bake budget — Alt+S stills are unaffected)
19:23:19.869 + 3309.9s §CLAIM §STILL_REFINE start samples=8 triplanarMaterials=52 §MAXQ_FRAME_BUDGET taa=8 ao=12 (bake budget — Alt+S stills are unaffected)
19:23:19.869 + 3309.9s §CLAIM §STILL_REFINE start samples=8 triplanarMaterials=52 §MAXQ_FRAME_BUDGET taa=8 ao=12 (bake budget — Alt+S stills are unaffected)
19:23:19.869 + 3309.9s §CLAIM §STILL_REFINE start samples=8 triplanarMaterials=52 §MAXQ_FRAME_BUDGET taa=8 ao=12 (bake budget — Alt+S stills are unaffected)
19:23:19.869 + 3309.9s §CLAIM §STILL_REFINE start samples=8 triplanarMaterials=52 §MAXQ_FRAME_BUDGET taa=8 ao=12 (bake budget — Alt+S stills are unaffected)
19:23:19.869 + 3309.9s §CLAIM §STILL_REFINE start samples=8 triplanarMaterials=52 §MAXQ_FRAME_BUDGET taa=8 ao=12 (bake budget — Alt+S stills are unaffected)
19:23:19.869 + 3309.9s §CLAIM §STILL_REFINE start samples=8 triplanarMaterials=52 §MAXQ_FRAME_BUDGET taa=8 ao=12 (bake budget — Alt+S stills are unaffected)
19:23:19.869 + 3309.9s §CLAIM §STILL_REFINE start samples=8 triplanarMaterials=52 §MAXQ_FRAME_BUDGET taa=8 ao=12 (bake budget — Alt+S stills are unaffected)
19:23:19.869 + 3309.9s §CLAIM §STILL_REFINE start samples=8 triplanarMaterials=52 §MAXQ_FRAME_BUDGET taa=8 ao=12 (bake budget — Alt+S stills are unaffected)
19:23:19.869 + 3309.9s §CLAIM §STILL_REFINE start samples=8 triplanarMaterials=52 §MAXQ_FRAME_BUDGET taa=8 ao=12 (bake budget — Alt+S stills are unaffected)
19:23:19.869 + 3309.9s §CLAIM §STILL_REFINE start samples=8 triplanarMaterials=52 §MAXQ_FRAME_BUDGET taa=8 ao=12 (bake budget — Alt+S stills are unaffected)
19:23:19.869 + 3309.9s §CLAIM §STILL_REFINE start samples=8 triplanarMaterials=52 §MAXQ_FRAME_BUDGET taa=8 ao=12 (bake budget — Alt+S stills are unaffected)
19:23:19.869 + 3309.9s §CLAIM §STILL_REFINE start samples=8 triplanarMaterials=52 §MAXQ_FRAME_BUDGET taa=8 ao=12 (bake budget — Alt+S stills are unaffected)
19:23:19.869 + 3309.9s §CLAIM §STILL_REFINE start samples=8 triplanarMaterials=52 §MAXQ_FRAME_BUDGET taa=8 ao=12 (bake budget — Alt+S stills are unaffected)
19:23:19.869 + 3309.9s §CLAIM §STILL_REFINE start samples=8 triplanarMaterials=52 §MAXQ_FRAME_BUDGET taa=8 ao=12 (bake budget — Alt+S stills are unaffected)
19:23:19.869 + 3309.9s §CLAIM §STILL_REFINE start samples=8 triplanarMaterials=52 §MAXQ_FRAME_BUDGET taa=8 ao=12 (bake budget — Alt+S stills are unaffected)
19:23:19.869 + 3309.9s §CLAIM §STILL_REFINE start samples=8 triplanarMaterials=52 §MAXQ_FRAME_BUDGET taa=8 ao=12 (bake budget — Alt+S stills are unaffected)
19:23:19.869 + 3309.9s §CLAIM §STILL_REFINE start samples=8 triplanarMaterials=52 §MAXQ_FRAME_BUDGET taa=8 ao=12 (bake budget — Alt+S stills are unaffected)
19:23:19.869 + 3309.9s §CLAIM §STILL_REFINE start samples=8 triplanarMaterials=52 §MAXQ_FRAME_BUDGET taa=8 ao=12 (bake budget — Alt+S stills are unaffected)
19:23:19.869 + 3309.9s §CLAIM §STILL_REFINE start samples=8 triplanarMaterials=52 §MAXQ_FRAME_BUDGET taa=8 ao=12 (bake budget — Alt+S stills are unaffected)
19:23:19.869 + 3309.9s §CLAIM §STILL_REFINE start samples=8 triplanarMaterials=52 §MAXQ_FRAME_BUDGET taa=8 ao=12 (bake budget — Alt+S stills are unaffected)
19:23:19.869 + 3309.9s §CLAIM §STILL_REFINE start samples=8 triplanarMaterials=52 §MAXQ_FRAME_BUDGET taa=8 ao=12 (bake budget — Alt+S stills are unaffected)
19:23:19.869 + 3309.9s §CLAIM §STILL_REFINE start samples=8 triplanarMaterials=52 §MAXQ_FRAME_BUDGET taa=8 ao=12 (bake budget — Alt+S stills are unaffected)
19:23:19.869 + 3309.9s §CLAIM §STILL_REFINE start samples=8 triplanarMaterials=52 §MAXQ_FRAME_BUDGET taa=8 ao=12 (bake budget — Alt+S stills are unaffected)
19:23:19.869 + 3309.9s §CLAIM §STILL_REFINE start samples=8 triplanarMaterials=52 §MAXQ_FRAME_BUDGET taa=8 ao=12 (bake budget — Alt+S stills are unaffected)
19:23:19.869 + 3309.9s §CLAIM §STILL_REFINE start samples=8 triplanarMaterials=52 §MAXQ_FRAME_BUDGET taa=8 ao=12 (bake budget — Alt+S stills are unaffected)
19:23:19.869 + 3309.9s §CLAIM §STILL_REFINE start samples=8 triplanarMaterials=52 §MAXQ_FRAME_BUDGET taa=8 ao=12 (bake budget — Alt+S stills are unaffected)
19:23:19.869 + 3309.9s §CLAIM §STILL_REFINE start samples=8 triplanarMaterials=52 §MAXQ_FRAME_BUDGET taa=8 ao=12 (bake budget — Alt+S stills are unaffected)
19:23:19.870 + 3309.9s §CLAIM §STILL_REFINE start samples=8 triplanarMaterials=52 §MAXQ_FRAME_BUDGET taa=8 ao=12 (bake budget — Alt+S stills are unaffected)
19:23:19.870 + 3309.9s §CLAIM §STILL_REFINE start samples=8 triplanarMaterials=52 §MAXQ_FRAME_BUDGET taa=8 ao=12 (bake budget — Alt+S stills are unaffected)
19:23:19.870 + 3309.9s §CLAIM §STILL_REFINE start samples=8 triplanarMaterials=52 §MAXQ_FRAME_BUDGET taa=8 ao=12 (bake budget — Alt+S stills are unaffected)
19:23:19.870 + 3309.9s §CLAIM §STILL_REFINE start samples=8 triplanarMaterials=52 §MAXQ_FRAME_BUDGET taa=8 ao=12 (bake budget — Alt+S stills are unaffected)
19:23:19.870 + 3309.9s §CLAIM §STILL_REFINE start samples=8 triplanarMaterials=52 §MAXQ_FRAME_BUDGET taa=8 ao=12 (bake budget — Alt+S stills are unaffected)
19:23:19.870 + 3309.9s §CLAIM §STILL_REFINE start samples=8 triplanarMaterials=52 §MAXQ_FRAME_BUDGET taa=8 ao=12 (bake budget — Alt+S stills are unaffected)
19:23:19.870 + 3309.9s §CLAIM §STILL_REFINE start samples=8 triplanarMaterials=52 §MAXQ_FRAME_BUDGET taa=8 ao=12 (bake budget — Alt+S stills are unaffected)
19:23:19.870 + 3309.9s §CLAIM §STILL_REFINE start samples=8 triplanarMaterials=52 §MAXQ_FRAME_BUDGET taa=8 ao=12 (bake budget — Alt+S stills are unaffected)
19:23:19.870 + 3309.9s §CLAIM §STILL_REFINE start samples=8 triplanarMaterials=52 §MAXQ_FRAME_BUDGET taa=8 ao=12 (bake budget — Alt+S stills are unaffected)
19:23:19.870 + 3309.9s §CLAIM §STILL_REFINE start samples=8 triplanarMaterials=52 §MAXQ_FRAME_BUDGET taa=8 ao=12 (bake budget — Alt+S stills are unaffected)
19:23:19.870 + 3309.9s §CLAIM §STILL_REFINE start samples=8 triplanarMaterials=52 §MAXQ_FRAME_BUDGET taa=8 ao=12 (bake budget — Alt+S stills are unaffected)
19:23:19.870 + 3309.9s §CLAIM §STILL_REFINE start samples=8 triplanarMaterials=52 §MAXQ_FRAME_BUDGET taa=8 ao=12 (bake budget — Alt+S stills are unaffected)
19:23:19.870 + 3309.9s §CLAIM §STILL_REFINE start samples=8 triplanarMaterials=52 §MAXQ_FRAME_BUDGET taa=8 ao=12 (bake budget — Alt+S stills are unaffected)
19:23:19.870 + 3309.9s §CLAIM §STILL_REFINE start samples=8 triplanarMaterials=52 §MAXQ_FRAME_BUDGET taa=8 ao=12 (bake budget — Alt+S stills are unaffected)
19:23:19.870 + 3309.9s §CLAIM §STILL_REFINE start samples=8 triplanarMaterials=52 §MAXQ_FRAME_BUDGET taa=8 ao=12 (bake budget — Alt+S stills are unaffected)
19:23:19.870 + 3309.9s §CLAIM §STILL_REFINE start samples=8 triplanarMaterials=52 §MAXQ_FRAME_BUDGET taa=8 ao=12 (bake budget — Alt+S stills are unaffected)
19:23:19.870 + 3309.9s §CLAIM §STILL_REFINE start samples=8 triplanarMaterials=52 §MAXQ_FRAME_BUDGET taa=8 ao=12 (bake budget — Alt+S stills are unaffected)
19:23:19.870 + 3309.9s §CLAIM §STILL_REFINE start samples=8 triplanarMaterials=52 §MAXQ_FRAME_BUDGET taa=8 ao=12 (bake budget — Alt+S stills are unaffected)
19:23:19.870 + 3309.9s §CLAIM §STILL_REFINE start samples=8 triplanarMaterials=52 §MAXQ_FRAME_BUDGET taa=8 ao=12 (bake budget — Alt+S stills are unaffected)
19:23:19.870 + 3309.9s §CLAIM §STILL_REFINE start samples=8 triplanarMaterials=52 §MAXQ_FRAME_BUDGET taa=8 ao=12 (bake budget — Alt+S stills are unaffected)
19:23:19.870 + 3309.9s §CLAIM §STILL_REFINE start samples=8 triplanarMaterials=52 §MAXQ_FRAME_BUDGET taa=8 ao=12 (bake budget — Alt+S stills are unaffected)
19:23:19.870 + 3309.9s §CLAIM §STILL_REFINE start samples=8 triplanarMaterials=52 §MAXQ_FRAME_BUDGET taa=8 ao=12 (bake budget — Alt+S stills are unaffected)
19:23:19.870 + 3309.9s §CLAIM §STILL_REFINE start samples=8 triplanarMaterials=52 §MAXQ_FRAME_BUDGET taa=8 ao=12 (bake budget — Alt+S stills are unaffected)
19:23:19.870 + 3309.9s §CLAIM §STILL_REFINE start samples=8 triplanarMaterials=52 §MAXQ_FRAME_BUDGET taa=8 ao=12 (bake budget — Alt+S stills are unaffected)
19:23:19.870 + 3309.9s §CLAIM §STILL_REFINE start samples=8 triplanarMaterials=52 §MAXQ_FRAME_BUDGET taa=8 ao=12 (bake budget — Alt+S stills are unaffected)
19:23:19.870 + 3309.9s §CLAIM §STILL_REFINE start samples=8 triplanarMaterials=52 §MAXQ_FRAME_BUDGET taa=8 ao=12 (bake budget — Alt+S stills are unaffected)
19:23:19.870 + 3309.9s §CLAIM §STILL_REFINE start samples=8 triplanarMaterials=52 §MAXQ_FRAME_BUDGET taa=8 ao=12 (bake budget — Alt+S stills are unaffected)
19:23:19.870 + 3309.9s §CLAIM §STILL_REFINE start samples=8 triplanarMaterials=52 §MAXQ_FRAME_BUDGET taa=8 ao=12 (bake budget — Alt+S stills are unaffected)
19:23:19.870 + 3309.9s §CLAIM §STILL_REFINE start samples=8 triplanarMaterials=52 §MAXQ_FRAME_BUDGET taa=8 ao=12 (bake budget — Alt+S stills are unaffected)
19:23:19.870 + 3309.9s §CLAIM §STILL_REFINE start samples=8 triplanarMaterials=52 §MAXQ_FRAME_BUDGET taa=8 ao=12 (bake budget — Alt+S stills are unaffected)
19:23:19.870 + 3309.9s §CLAIM §STILL_REFINE start samples=8 triplanarMaterials=52 §MAXQ_FRAME_BUDGET taa=8 ao=12 (bake budget — Alt+S stills are unaffected)
19:23:19.870 + 3309.9s §CLAIM §STILL_REFINE start samples=8 triplanarMaterials=52 §MAXQ_FRAME_BUDGET taa=8 ao=12 (bake budget — Alt+S stills are unaffected)
19:23:19.870 + 3309.9s §CLAIM §STILL_REFINE start samples=8 triplanarMaterials=52 §MAXQ_FRAME_BUDGET taa=8 ao=12 (bake budget — Alt+S stills are unaffected)
19:23:19.870 + 3309.9s §CLAIM §STILL_REFINE start samples=8 triplanarMaterials=52 §MAXQ_FRAME_BUDGET taa=8 ao=12 (bake budget — Alt+S stills are unaffected)
19:23:19.870 + 3309.9s §CLAIM §STILL_REFINE start samples=8 triplanarMaterials=52 §MAXQ_FRAME_BUDGET taa=8 ao=12 (bake budget — Alt+S stills are unaffected)
19:23:19.870 + 3309.9s §CLAIM §STILL_REFINE start samples=8 triplanarMaterials=52 §MAXQ_FRAME_BUDGET taa=8 ao=12 (bake budget — Alt+S stills are unaffected)
19:23:19.870 + 3309.9s §CLAIM §STILL_REFINE start samples=8 triplanarMaterials=52 §MAXQ_FRAME_BUDGET taa=8 ao=12 (bake budget — Alt+S stills are unaffected)
19:23:19.870 + 3309.9s §CLAIM §STILL_REFINE start samples=8 triplanarMaterials=52 §MAXQ_FRAME_BUDGET taa=8 ao=12 (bake budget — Alt+S stills are unaffected)
19:23:19.870 + 3309.9s §CLAIM §STILL_REFINE start samples=8 triplanarMaterials=52 §MAXQ_FRAME_BUDGET taa=8 ao=12 (bake budget — Alt+S stills are unaffected)
19:23:19.870 + 3309.9s §CLAIM §STILL_REFINE start samples=8 triplanarMaterials=52 §MAXQ_FRAME_BUDGET taa=8 ao=12 (bake budget — Alt+S stills are unaffected)
19:23:19.870 + 3309.9s §CLAIM §STILL_REFINE start samples=8 triplanarMaterials=52 §MAXQ_FRAME_BUDGET taa=8 ao=12 (bake budget — Alt+S stills are unaffected)
19:23:19.870 + 3309.9s §CLAIM §STILL_REFINE start samples=8 triplanarMaterials=52 §MAXQ_FRAME_BUDGET taa=8 ao=12 (bake budget — Alt+S stills are unaffected)
19:23:19.870 + 3309.9s §CLAIM §STILL_REFINE start samples=8 triplanarMaterials=52 §MAXQ_FRAME_BUDGET taa=8 ao=12 (bake budget — Alt+S stills are unaffected)
19:23:19.870 + 3309.9s §CLAIM §STILL_REFINE start samples=8 triplanarMaterials=52 §MAXQ_FRAME_BUDGET taa=8 ao=12 (bake budget — Alt+S stills are unaffected)
19:23:19.870 + 3309.9s §CLAIM §STILL_REFINE start samples=8 triplanarMaterials=52 §MAXQ_FRAME_BUDGET taa=8 ao=12 (bake budget — Alt+S stills are unaffected)
19:23:19.870 + 3309.9s §CLAIM §STILL_REFINE start samples=8 triplanarMaterials=52 §MAXQ_FRAME_BUDGET taa=8 ao=12 (bake budget — Alt+S stills are unaffected)
19:23:19.870 + 3309.9s §CLAIM §STILL_REFINE start samples=8 triplanarMaterials=52 §MAXQ_FRAME_BUDGET taa=8 ao=12 (bake budget — Alt+S stills are unaffected)
19:23:19.870 + 3309.9s §CLAIM §STILL_REFINE start samples=8 triplanarMaterials=52 §MAXQ_FRAME_BUDGET taa=8 ao=12 (bake budget — Alt+S stills are unaffected)
19:23:19.870 + 3309.9s §CLAIM §STILL_REFINE start samples=8 triplanarMaterials=52 §MAXQ_FRAME_BUDGET taa=8 ao=12 (bake budget — Alt+S stills are unaffected)
19:23:19.870 + 3309.9s §CLAIM §STILL_REFINE start samples=8 triplanarMaterials=52 §MAXQ_FRAME_BUDGET taa=8 ao=12 (bake budget — Alt+S stills are unaffected)
19:23:19.870 + 3309.9s §CLAIM §STILL_REFINE start samples=8 triplanarMaterials=52 §MAXQ_FRAME_BUDGET taa=8 ao=12 (bake budget — Alt+S stills are unaffected)
19:23:19.870 + 3309.9s §CLAIM §STILL_REFINE start samples=8 triplanarMaterials=52 §MAXQ_FRAME_BUDGET taa=8 ao=12 (bake budget — Alt+S stills are unaffected)
19:23:19.870 + 3309.9s §CLAIM §STILL_REFINE start samples=8 triplanarMaterials=52 §MAXQ_FRAME_BUDGET taa=8 ao=12 (bake budget — Alt+S stills are unaffected)
19:23:19.870 + 3309.9s §CLAIM §STILL_REFINE start samples=8 triplanarMaterials=52 §MAXQ_FRAME_BUDGET taa=8 ao=12 (bake budget — Alt+S stills are unaffected)
19:23:19.870 + 3309.9s §CLAIM §STILL_REFINE start samples=8 triplanarMaterials=52 §MAXQ_FRAME_BUDGET taa=8 ao=12 (bake budget — Alt+S stills are unaffected)
19:23:19.870 + 3309.9s §CLAIM §STILL_REFINE start samples=8 triplanarMaterials=52 §MAXQ_FRAME_BUDGET taa=8 ao=12 (bake budget — Alt+S stills are unaffected)
19:23:19.870 + 3309.9s §CLAIM §STILL_REFINE start samples=8 triplanarMaterials=52 §MAXQ_FRAME_BUDGET taa=8 ao=12 (bake budget — Alt+S stills are unaffected)
19:23:19.870 + 3309.9s §CLAIM §STILL_REFINE start samples=8 triplanarMaterials=52 §MAXQ_FRAME_BUDGET taa=8 ao=12 (bake budget — Alt+S stills are unaffected)
19:23:19.870 + 3309.9s §CLAIM §STILL_REFINE start samples=8 triplanarMaterials=52 §MAXQ_FRAME_BUDGET taa=8 ao=12 (bake budget — Alt+S stills are unaffected)
19:23:19.870 + 3309.9s §CLAIM §STILL_REFINE start samples=8 triplanarMaterials=52 §MAXQ_FRAME_BUDGET taa=8 ao=12 (bake budget — Alt+S stills are unaffected)
19:23:19.870 + 3309.9s §CLAIM §STILL_REFINE start samples=8 triplanarMaterials=52 §MAXQ_FRAME_BUDGET taa=8 ao=12 (bake budget — Alt+S stills are unaffected)
19:23:19.870 + 3309.9s §CLAIM §STILL_REFINE start samples=8 triplanarMaterials=52 §MAXQ_FRAME_BUDGET taa=8 ao=12 (bake budget — Alt+S stills are unaffected)
19:23:19.870 + 3309.9s §CLAIM §STILL_REFINE start samples=8 triplanarMaterials=52 §MAXQ_FRAME_BUDGET taa=8 ao=12 (bake budget — Alt+S stills are unaffected)
19:23:19.870 + 3309.9s §CLAIM §STILL_REFINE start samples=8 triplanarMaterials=52 §MAXQ_FRAME_BUDGET taa=8 ao=12 (bake budget — Alt+S stills are unaffected)
19:23:19.870 + 3309.9s §CLAIM §STILL_REFINE start samples=8 triplanarMaterials=52 §MAXQ_FRAME_BUDGET taa=8 ao=12 (bake budget — Alt+S stills are unaffected)
19:23:19.870 + 3309.9s §CLAIM §STILL_REFINE start samples=8 triplanarMaterials=52 §MAXQ_FRAME_BUDGET taa=8 ao=12 (bake budget — Alt+S stills are unaffected)
19:23:19.870 + 3309.9s §CLAIM §STILL_REFINE start samples=8 triplanarMaterials=52 §MAXQ_FRAME_BUDGET taa=8 ao=12 (bake budget — Alt+S stills are unaffected)
19:23:19.870 + 3309.9s §CLAIM §STILL_REFINE start samples=8 triplanarMaterials=52 §MAXQ_FRAME_BUDGET taa=8 ao=12 (bake budget — Alt+S stills are unaffected)
19:23:19.870 + 3309.9s §CLAIM §STILL_REFINE start samples=8 triplanarMaterials=52 §MAXQ_FRAME_BUDGET taa=8 ao=12 (bake budget — Alt+S stills are unaffected)
19:23:19.870 + 3309.9s §CLAIM §STILL_REFINE start samples=8 triplanarMaterials=52 §MAXQ_FRAME_BUDGET taa=8 ao=12 (bake budget — Alt+S stills are unaffected)
19:23:19.870 + 3309.9s §CLAIM §STILL_REFINE start samples=8 triplanarMaterials=52 §MAXQ_FRAME_BUDGET taa=8 ao=12 (bake budget — Alt+S stills are unaffected)
19:23:19.870 + 3309.9s §CLAIM §STILL_REFINE start samples=8 triplanarMaterials=52 §MAXQ_FRAME_BUDGET taa=8 ao=12 (bake budget — Alt+S stills are unaffected)
19:23:19.870 + 3309.9s §CLAIM §STILL_REFINE start samples=8 triplanarMaterials=52 §MAXQ_FRAME_BUDGET taa=8 ao=12 (bake budget — Alt+S stills are unaffected)
19:23:19.870 + 3309.9s §CLAIM §STILL_REFINE start samples=8 triplanarMaterials=52 §MAXQ_FRAME_BUDGET taa=8 ao=12 (bake budget — Alt+S stills are unaffected)
19:23:19.870 + 3309.9s §CLAIM §STILL_REFINE start samples=8 triplanarMaterials=52 §MAXQ_FRAME_BUDGET taa=8 ao=12 (bake budget — Alt+S stills are unaffected)
19:23:19.870 + 3309.9s §CLAIM §STILL_REFINE start samples=8 triplanarMaterials=52 §MAXQ_FRAME_BUDGET taa=8 ao=12 (bake budget — Alt+S stills are unaffected)
19:23:19.870 + 3309.9s §CLAIM §STILL_REFINE start samples=8 triplanarMaterials=52 §MAXQ_FRAME_BUDGET taa=8 ao=12 (bake budget — Alt+S stills are unaffected)
19:23:19.870 + 3309.9s §CLAIM §STILL_REFINE start samples=8 triplanarMaterials=52 §MAXQ_FRAME_BUDGET taa=8 ao=12 (bake budget — Alt+S stills are unaffected)
19:23:19.870 + 3309.9s §CLAIM §STILL_REFINE start samples=8 triplanarMaterials=52 §MAXQ_FRAME_BUDGET taa=8 ao=12 (bake budget — Alt+S stills are unaffected)
19:23:19.870 + 3309.9s §CLAIM §STILL_REFINE start samples=8 triplanarMaterials=52 §MAXQ_FRAME_BUDGET taa=8 ao=12 (bake budget — Alt+S stills are unaffected)
19:23:19.870 + 3309.9s §CLAIM §STILL_REFINE start samples=8 triplanarMaterials=52 §MAXQ_FRAME_BUDGET taa=8 ao=12 (bake budget — Alt+S stills are unaffected)
19:23:19.870 + 3309.9s §CLAIM §STILL_REFINE start samples=8 triplanarMaterials=52 §MAXQ_FRAME_BUDGET taa=8 ao=12 (bake budget — Alt+S stills are unaffected)
19:23:19.870 + 3309.9s §CLAIM §STILL_REFINE start samples=8 triplanarMaterials=52 §MAXQ_FRAME_BUDGET taa=8 ao=12 (bake budget — Alt+S stills are unaffected)
19:23:19.870 + 3309.9s §CLAIM §STILL_REFINE start samples=8 triplanarMaterials=52 §MAXQ_FRAME_BUDGET taa=8 ao=12 (bake budget — Alt+S stills are unaffected)
19:23:19.870 + 3309.9s §CLAIM §STILL_REFINE start samples=8 triplanarMaterials=52 §MAXQ_FRAME_BUDGET taa=8 ao=12 (bake budget — Alt+S stills are unaffected)
19:23:19.870 + 3309.9s §CLAIM §STILL_REFINE start samples=8 triplanarMaterials=52 §MAXQ_FRAME_BUDGET taa=8 ao=12 (bake budget — Alt+S stills are unaffected)
19:23:19.870 + 3309.9s §CLAIM §STILL_REFINE start samples=8 triplanarMaterials=52 §MAXQ_FRAME_BUDGET taa=8 ao=12 (bake budget — Alt+S stills are unaffected)
19:23:19.870 + 3309.9s §CLAIM §STILL_REFINE start samples=8 triplanarMaterials=52 §MAXQ_FRAME_BUDGET taa=8 ao=12 (bake budget — Alt+S stills are unaffected)
19:23:19.870 + 3309.9s §CLAIM §STILL_REFINE start samples=8 triplanarMaterials=52 §MAXQ_FRAME_BUDGET taa=8 ao=12 (bake budget — Alt+S stills are unaffected)
19:23:19.870 + 3309.9s §CLAIM §STILL_REFINE start samples=8 triplanarMaterials=52 §MAXQ_FRAME_BUDGET taa=8 ao=12 (bake budget — Alt+S stills are unaffected)
19:23:19.870 + 3309.9s §CLAIM §STILL_REFINE start samples=8 triplanarMaterials=52 §MAXQ_FRAME_BUDGET taa=8 ao=12 (bake budget — Alt+S stills are unaffected)
19:23:19.870 + 3309.9s §CLAIM §STILL_REFINE start samples=8 triplanarMaterials=52 §MAXQ_FRAME_BUDGET taa=8 ao=12 (bake budget — Alt+S stills are unaffected)
19:23:19.870 + 3309.9s §CLAIM §STILL_REFINE start samples=8 triplanarMaterials=52 §MAXQ_FRAME_BUDGET taa=8 ao=12 (bake budget — Alt+S stills are unaffected)
19:23:19.870 + 3309.9s §CLAIM §STILL_REFINE start samples=8 triplanarMaterials=52 §MAXQ_FRAME_BUDGET taa=8 ao=12 (bake budget — Alt+S stills are unaffected)
19:23:19.870 + 3309.9s §CLAIM §STILL_REFINE start samples=8 triplanarMaterials=52 §MAXQ_FRAME_BUDGET taa=8 ao=12 (bake budget — Alt+S stills are unaffected)
19:23:19.870 + 3309.9s §CLAIM §STILL_REFINE start samples=8 triplanarMaterials=52 §MAXQ_FRAME_BUDGET taa=8 ao=12 (bake budget — Alt+S stills are unaffected)
19:23:19.870 + 3309.9s §CLAIM §STILL_REFINE start samples=8 triplanarMaterials=52 §MAXQ_FRAME_BUDGET taa=8 ao=12 (bake budget — Alt+S stills are unaffected)
19:23:19.870 + 3309.9s §CLAIM §STILL_REFINE start samples=8 triplanarMaterials=52 §MAXQ_FRAME_BUDGET taa=8 ao=12 (bake budget — Alt+S stills are unaffected)
19:23:19.870 + 3309.9s §CLAIM §STILL_REFINE start samples=8 triplanarMaterials=52 §MAXQ_FRAME_BUDGET taa=8 ao=12 (bake budget — Alt+S stills are unaffected)
19:23:19.870 + 3309.9s §CLAIM §STILL_REFINE start samples=8 triplanarMaterials=52 §MAXQ_FRAME_BUDGET taa=8 ao=12 (bake budget — Alt+S stills are unaffected)
19:23:19.870 + 3309.9s §CLAIM §STILL_REFINE start samples=8 triplanarMaterials=52 §MAXQ_FRAME_BUDGET taa=8 ao=12 (bake budget — Alt+S stills are unaffected)
19:23:19.870 + 3309.9s §CLAIM §STILL_REFINE start samples=8 triplanarMaterials=52 §MAXQ_FRAME_BUDGET taa=8 ao=12 (bake budget — Alt+S stills are unaffected)
19:23:19.870 + 3309.9s §CLAIM §MAXQ_START frames=2937 fps=15 path=cinema radius=102.2 height=73.6 size=1280x720
19:23:19.870 + 3309.9s §CLAIM §MAXQ_OVERRIDE_IN source=db:cinema_path bands=4 hoseOps=0 buildup=1 roomTitle=1 reveal=1 durationSec=195.8
19:23:19.870 + 3309.9s §CLAIM §CPE_REVEAL flag=on — retrace round + ARC/STR reveal are real (spec: prompts/CINEMA_DISCIPLINE_REVEAL.md)
19:23:19.870 + 3309.9s §CLAIM §CPE_APPLIED total=195.8s frames=2937 waypoints=8 saved=false
19:23:19.870 + 3309.9s §CLAIM §MAXQ_HDRI_RACE waitedMs=0
19:23:19.870 + 3309.9s §CLAIM §CPE_BUILDUP_TOPOUT topoutU=0.361 src=plan.beats.pullout (reveal round active) — construction completes at the closing-orbit boundary; the pull-back shows the topping-out and the orbit circles the FINISHED building (solar-panel lesson 2026-08-02)
19:23:19.870 + 3309.9s §CLAIM §CPE_STATS_TAIL reveal round entered at frame 1060/2937 u=0.361 boundary=topoutU 0.361 slots=15 (roster + 15 cards) pie=dropped (§CPE_PIE_FLYOUT_DROP)
19:23:19.870 + 3309.9s §CLAIM §CPE_STATS_TAIL revolvedFrames=1877/2937 (64% of the film) — highlights in play for the whole Reveal round, roster included
19:23:19.870 + 3309.9s §CLAIM §CPE_PIE_HOLD heldFrames=0/2937 (0% of the film) — trades were active for every frame, the pie was never held
19:23:19.870 + 3309.9s §CLAIM §MAXQ_QUALITY frames=2937 unconverged=0 (every frame converged) hiddenPauses=0 totalHiddenMs=0
19:23:19.870 + 3309.9s §CLAIM §MAXQ_DELIVERED bytes=67427857 name=BIM_MaxQ_Hospital_1788722590609.mp4
19:23:19.870 + 3309.9s §CLAIM §MAXQ_DONE frames=2937 bytes=67427857 type=video/mp4 codec=avc1.640034
19:23:19.870 + 3309.9s §CLI_BAKE_WALL totalSec=3286 aborted=no fileOk=true
