ISO-10303-21;
HEADER;

/******************************************************************************************
* STEP Physical File produced by: The EXPRESS Data Manager Version 5.02.0100.07 : 28 Aug 2013
* Module:                         EDMstepFileFactory/EDMstandAlone
* Creation date:                  Wed Aug 21 13:03:29 2024
* Host:                           NCL-PI02
* Database:                       C:\Users\connm\AppData\Local\Temp\d16fdc32-59a7-4a7b-8245-5d6530c012ca\08d7dc86-86dc-4f1c-9424-b8b3b6247066\ifc
* Database version:               5507
* Database creation date:         Wed Aug 21 13:03:26 2024
* Schema:                         IFC2X3
* Model:                          DataRepository.ifc
* Model creation date:            Wed Aug 21 13:03:29 2024
* Header model:                   DataRepository.ifc_HeaderModel
* Header model creation date:     Wed Aug 21 13:03:29 2024
* EDMuser:                        sdai-user
* EDMgroup:                       sdai-group
* License ID and type:            5605 : Permanent license. Expiry date: 
* EDMstepFileFactory options:     020000
******************************************************************************************/
FILE_DESCRIPTION(('ViewDefinition [CoordinationView_V2.0]'),'2;1');
FILE_NAME('0001','2024-08-21T13:03:29',(''),(''),'The EXPRESS Data Manager Version 5.02.0100.07 : 28 Aug 2013','21.1.30.74 - Exporter 21.1.30.74 - Alternate UI 21.1.30.74','');
FILE_SCHEMA(('IFC2X3'));
ENDSEC;

DATA;
#1= IFCORGANIZATION($,'Autodesk Revit 2021 (ENU)',$,$,$);
#5= IFCAPPLICATION(#1,'2021','Autodesk Revit 2021 (ENU)','Revit');
#6= IFCCARTESIANPOINT((0.,0.,0.));
#9= IFCCARTESIANPOINT((0.,0.));
#11= IFCDIRECTION((1.,0.,0.));
#13= IFCDIRECTION((-1.,0.,0.));
#15= IFCDIRECTION((0.,1.,0.));
#17= IFCDIRECTION((0.,-1.,0.));
#19= IFCDIRECTION((0.,0.,1.));
#21= IFCDIRECTION((0.,0.,-1.));
#23= IFCDIRECTION((1.,0.));
#25= IFCDIRECTION((-1.,0.));
#27= IFCDIRECTION((0.,1.));
#29= IFCDIRECTION((0.,-1.));
#31= IFCAXIS2PLACEMENT3D(#6,$,$);
#32= IFCLOCALPLACEMENT(#164,#31);
#35= IFCPERSON($,'','Mark.Conn',$,$,$,$,$);
#37= IFCORGANIZATION($,'','',$,$);
#38= IFCPERSONANDORGANIZATION(#35,#37,$);
#41= IFCOWNERHISTORY(#38,#5,$,.NOCHANGE.,$,$,$,1724236521);
#42= IFCSIUNIT(*,.LENGTHUNIT.,.MILLI.,.METRE.);
#43= IFCSIUNIT(*,.LENGTHUNIT.,$,.METRE.);
#44= IFCSIUNIT(*,.AREAUNIT.,$,.SQUARE_METRE.);
#45= IFCSIUNIT(*,.VOLUMEUNIT.,$,.CUBIC_METRE.);
#46= IFCSIUNIT(*,.PLANEANGLEUNIT.,$,.RADIAN.);
#47= IFCDIMENSIONALEXPONENTS(0,0,0,0,0,0,0);
#48= IFCMEASUREWITHUNIT(IFCRATIOMEASURE(0.0174532925199433),#46);
#49= IFCCONVERSIONBASEDUNIT(#47,.PLANEANGLEUNIT.,'DEGREE',#48);
#50= IFCSIUNIT(*,.MASSUNIT.,.KILO.,.GRAM.);
#51= IFCDERIVEDUNITELEMENT(#50,1);
#52= IFCDERIVEDUNITELEMENT(#43,-3);
#53= IFCDERIVEDUNIT((#51,#52),.MASSDENSITYUNIT.,$);
#55= IFCDERIVEDUNITELEMENT(#43,4);
#56= IFCDERIVEDUNIT((#55),.MOMENTOFINERTIAUNIT.,$);
#58= IFCSIUNIT(*,.TIMEUNIT.,$,.SECOND.);
#59= IFCSIUNIT(*,.FREQUENCYUNIT.,$,.HERTZ.);
#60= IFCSIUNIT(*,.THERMODYNAMICTEMPERATUREUNIT.,$,.KELVIN.);
#61= IFCSIUNIT(*,.THERMODYNAMICTEMPERATUREUNIT.,$,.DEGREE_CELSIUS.);
#62= IFCDERIVEDUNITELEMENT(#50,1);
#63= IFCDERIVEDUNITELEMENT(#60,-1);
#64= IFCDERIVEDUNITELEMENT(#58,-3);
#65= IFCDERIVEDUNIT((#62,#63,#64),.THERMALTRANSMITTANCEUNIT.,$);
#67= IFCSIUNIT(*,.LENGTHUNIT.,.DECI.,.METRE.);
#68= IFCDERIVEDUNITELEMENT(#43,3);
#69= IFCDERIVEDUNITELEMENT(#58,-1);
#70= IFCDERIVEDUNIT((#68,#69),.VOLUMETRICFLOWRATEUNIT.,$);
#72= IFCSIUNIT(*,.ELECTRICCURRENTUNIT.,$,.AMPERE.);
#73= IFCSIUNIT(*,.ELECTRICVOLTAGEUNIT.,$,.VOLT.);
#74= IFCSIUNIT(*,.POWERUNIT.,$,.WATT.);
#75= IFCSIUNIT(*,.FORCEUNIT.,.KILO.,.NEWTON.);
#76= IFCSIUNIT(*,.ILLUMINANCEUNIT.,$,.LUX.);
#77= IFCSIUNIT(*,.LUMINOUSFLUXUNIT.,$,.LUMEN.);
#78= IFCSIUNIT(*,.LUMINOUSINTENSITYUNIT.,$,.CANDELA.);
#79= IFCDERIVEDUNITELEMENT(#50,-1);
#80= IFCDERIVEDUNITELEMENT(#43,-2);
#81= IFCDERIVEDUNITELEMENT(#58,3);
#82= IFCDERIVEDUNITELEMENT(#77,1);
#83= IFCDERIVEDUNIT((#79,#80,#81,#82),.USERDEFINED.,'Luminous Efficacy');
#85= IFCDERIVEDUNITELEMENT(#43,1);
#86= IFCDERIVEDUNITELEMENT(#58,-1);
#87= IFCDERIVEDUNIT((#85,#86),.LINEARVELOCITYUNIT.,$);
#89= IFCSIUNIT(*,.PRESSUREUNIT.,$,.PASCAL.);
#90= IFCDERIVEDUNITELEMENT(#43,-2);
#91= IFCDERIVEDUNITELEMENT(#50,1);
#92= IFCDERIVEDUNITELEMENT(#58,-2);
#93= IFCDERIVEDUNIT((#90,#91,#92),.USERDEFINED.,'Friction Loss');
#95= IFCDERIVEDUNITELEMENT(#50,1);
#96= IFCDERIVEDUNITELEMENT(#43,1);
#97= IFCDERIVEDUNITELEMENT(#58,-2);
#98= IFCDERIVEDUNITELEMENT(#43,-1);
#99= IFCDERIVEDUNIT((#95,#96,#97,#98),.LINEARFORCEUNIT.,$);
#101= IFCDERIVEDUNITELEMENT(#50,1);
#102= IFCDERIVEDUNITELEMENT(#43,1);
#103= IFCDERIVEDUNITELEMENT(#58,-2);
#104= IFCDERIVEDUNITELEMENT(#43,-2);
#105= IFCDERIVEDUNIT((#101,#102,#103,#104),.PLANARFORCEUNIT.,$);
#107= IFCUNITASSIGNMENT((#42,#44,#45,#49,#50,#53,#56,#58,#59,#61,#65,#70,#72,#73,#74,#75,#76,#77,#78,#83,#87,#89,#93,#99,#105));
#109= IFCAXIS2PLACEMENT3D(#6,$,$);
#110= IFCDIRECTION((6.12303176911189E-17,1.));
#112= IFCGEOMETRICREPRESENTATIONCONTEXT($,'Model',3,0.01,#109,#110);
#115= IFCGEOMETRICREPRESENTATIONSUBCONTEXT('Axis','Model',*,*,*,*,#112,$,.GRAPH_VIEW.,$);
#117= IFCGEOMETRICREPRESENTATIONSUBCONTEXT('Body','Model',*,*,*,*,#112,$,.MODEL_VIEW.,$);
#118= IFCGEOMETRICREPRESENTATIONSUBCONTEXT('Box','Model',*,*,*,*,#112,$,.MODEL_VIEW.,$);
#119= IFCGEOMETRICREPRESENTATIONSUBCONTEXT('FootPrint','Model',*,*,*,*,#112,$,.MODEL_VIEW.,$);
#120= IFCPROJECT('2sEhWrAhjA9vsFQ_w9217I',#41,'0001',$,$,'Project Name','Project Status',(#112),#107);
#126= IFCPROPERTYSINGLEVALUE('Category',$,IFCTEXT('Project Information'),$);
#127= IFCPROPERTYSET('2SsEGwi_908QvDbyqoYoLU',#41,'COBie','',(#126));
#132= IFCPROPERTYSINGLEVALUE('Author',$,$,$);
#133= IFCPROPERTYSET('1lnjQymej6MR0dwrC3byFN',#41,'BOS_General','',(#132));
#135= IFCRELDEFINESBYPROPERTIES('3xWjvCICz69PGyA2Qthfpm',#41,$,$,(#120),#127);
#139= IFCRELDEFINESBYPROPERTIES('2q8mceYKLDZ9$3gQnustTy',#41,$,$,(#120),#133);
#142= IFCPOSTALADDRESS($,$,$,$,('Enter address here'),$,'','Boston','','MA');
#146= IFCBUILDING('2sEhWrAhjA9vsFQ_w9217J',#41,'',$,$,#32,$,'',.ELEMENT.,$,$,#142);
#152= IFCAXIS2PLACEMENT3D(#6,$,$);
#153= IFCLOCALPLACEMENT(#32,#152);
#155= IFCBUILDINGSTOREY('2sEhWrAhjA9vsFQ_vsz_yL',#41,'Level 1',$,'Level:8mm Head',#153,$,'Level 1',.ELEMENT.,0.);
#157= IFCCARTESIANPOINT((0.,0.,4000.));
#159= IFCAXIS2PLACEMENT3D(#157,$,$);
#3537= IFCRELDEFINESBYTYPE('1GPIthnF9C3gGSsyPrVCvD',#41,$,$,(#3308),#3259);
#3504= IFCRELCONTAINEDINSPATIALSTRUCTURE('3Zu5Bv0LOHrPC10066FoQQ',#41,$,$,(#3308),#155);
#163= IFCAXIS2PLACEMENT3D(#6,$,$);
#164= IFCLOCALPLACEMENT($,#163);
#165= IFCSITE('2sEhWrAhjA9vsFQ_w9217G',#41,'Default',$,$,#164,$,$,.ELEMENT.,(42,21,31,181945),(-71,-3,-24,-263305),0.,$,$);
#169= IFCPROPERTYSINGLEVALUE('Category',$,IFCTEXT('Project Information'),$);
#170= IFCPROPERTYSET('30KmjHWCz3OvmuRGRDHhF_',#41,'COBie','',(#169));
#172= IFCPROPERTYSINGLEVALUE('Author',$,$,$);
#173= IFCPROPERTYSET('0fgxLBpqH0PxXEPDIVnebf',#41,'BOS_General','',(#172));
#175= IFCRELDEFINESBYPROPERTIES('1yL5FtSRPAIBrV6PoQ$hkE',#41,$,$,(#165),#170);
#179= IFCRELDEFINESBYPROPERTIES('0zifD0V816LecETKu9rQ2V',#41,$,$,(#165),#173);
#182= IFCAXIS2PLACEMENT3D(#6,$,$);
#3535= IFCRELASSOCIATESMATERIAL('2pkoppgJz1YhUs6_HWp_C0',#41,$,$,(#3308),#3317);
#184= IFCCARTESIANPOINT((25.7000000000096,-38.,98.7295256550069));
#186= IFCCARTESIANPOINT((34.3974134086042,-34.3974134086036,98.7295256550069));
#188= IFCCARTESIANPOINT((38.,-25.7000000000091,98.7295256550069));
#190= IFCCARTESIANPOINT((38.,25.6999999999909,98.7295256550069));
#192= IFCCARTESIANPOINT((34.397413408604,34.3974134085854,98.7295256550069));
#194= IFCCARTESIANPOINT((25.7000000000096,38.,98.7295256550069));
#196= IFCCARTESIANPOINT((-25.6999999999904,38.,98.7295256550069));
#198= IFCCARTESIANPOINT((-34.3974134085849,34.3974134085855,98.7295256550069));
#200= IFCCARTESIANPOINT((-38.,25.699999999991,98.7295256550069));
#202= IFCCARTESIANPOINT((-38.,-25.7000000000091,98.7295256550069));
#204= IFCCARTESIANPOINT((-34.3974134085849,-34.3974134086036,98.7295256550069));
#206= IFCCARTESIANPOINT((-25.6999999999904,-38.,98.7295256550069));
#208= IFCCARTESIANPOINT((25.7000000000096,-35.1383633510418,68.2054013993563));
#210= IFCCARTESIANPOINT((27.8125847631065,-34.923287551195,68.4589932033485));
#212= IFCCARTESIANPOINT((29.8244937192652,-34.2430218236297,68.7194144816269));
#214= IFCCARTESIANPOINT((31.6351893822604,-33.1305988124719,68.9696219549716));
#216= IFCCARTESIANPOINT((33.1538956645388,-31.6392792976021,69.1910848339064));
#218= IFCCARTESIANPOINT((34.3020853957106,-29.8414723764867,69.3655652254097));
#220= IFCCARTESIANPOINT((35.0179181131976,-27.82706656724,69.477422145214));
#222= IFCCARTESIANPOINT((35.2612302396613,-25.7000000000091,69.5159815446254));
#224= IFCCARTESIANPOINT((35.2612302396613,25.6999999999909,69.5159815446254));
#226= IFCCARTESIANPOINT((35.0179181131976,27.8270665672218,69.477422145214));
#228= IFCCARTESIANPOINT((34.3020853957106,29.8414723764685,69.3655652254097));
#230= IFCCARTESIANPOINT((33.1538956645387,31.6392792975838,69.1910848339064));
#232= IFCCARTESIANPOINT((31.6351893822603,33.1305988124536,68.9696219549716));
#234= IFCCARTESIANPOINT((29.8244937192651,34.2430218236114,68.7194144816269));
#236= IFCCARTESIANPOINT((27.8125847631064,34.9232875511767,68.4589932033484));
#238= IFCCARTESIANPOINT((25.7000000000095,35.1383633510235,68.2054013993563));
#240= IFCCARTESIANPOINT((12.8711713648535,35.0346193098289,67.09879829328));
#242= IFCCARTESIANPOINT((0.,35.,66.7295256550069));
#244= IFCCARTESIANPOINT((-12.8711713648345,35.034619309829,67.0987982932797));
#246= IFCCARTESIANPOINT((-25.6999999999904,35.1383633510237,68.2054013993558));
#248= IFCCARTESIANPOINT((-27.8148518807609,34.9227952023175,68.4592762614873));
#250= IFCCARTESIANPOINT((-29.8273059299209,34.2417027919134,68.7197914388103));
#252= IFCCARTESIANPOINT((-31.6379465540103,33.1284427869455,68.9700144123041));
#254= IFCCARTESIANPOINT((-33.1560938386176,31.6365689066182,69.1914130676308));
#256= IFCCARTESIANPOINT((-34.3034277854113,29.8387278809405,69.3657727746173));
#258= IFCCARTESIANPOINT((-35.0184098815503,27.824943903269,69.4774998032298));
#260= IFCCARTESIANPOINT((-35.261230239642,25.6999999999909,69.5159815446246));
#262= IFCCARTESIANPOINT((-35.261230239642,-25.700000000009,69.5159815446246));
#264= IFCCARTESIANPOINT((-35.0179181131783,-27.82706656724,69.4774221452133));
#266= IFCCARTESIANPOINT((-34.3020853956913,-29.8414723764867,69.3655652254089));
#268= IFCCARTESIANPOINT((-33.1538956645195,-31.639279297602,69.1910848339056));
#270= IFCCARTESIANPOINT((-31.6351893822411,-33.1305988124718,68.9696219549709));
#272= IFCCARTESIANPOINT((-29.8244937192458,-34.2430218236296,68.7194144816262));
#274= IFCCARTESIANPOINT((-27.8125847630871,-34.9232875511949,68.4589932033478));
#276= IFCCARTESIANPOINT((-25.6999999999903,-35.1383633510417,68.2054013993558));
#278= IFCCARTESIANPOINT((-12.8711713648375,-35.0346193098472,67.0987982932799));
#280= IFCCARTESIANPOINT((0.,-35.,66.7295256550069));
#282= IFCCARTESIANPOINT((12.8711713648527,-35.0346193098473,67.09879829328));
#284= IFCPOLYLOOP((#202,#204,#206,#184,#186,#188,#190,#192,#194,#196,#198,#200));
#286= IFCFACEOUTERBOUND(#284,.T.);
#287= IFCFACE((#286));
#289= IFCPOLYLOOP((#208,#210,#184));
#291= IFCFACEOUTERBOUND(#289,.T.);
#292= IFCFACE((#291));
#294= IFCPOLYLOOP((#186,#184,#212));
#296= IFCFACEOUTERBOUND(#294,.T.);
#297= IFCFACE((#296));
#299= IFCPOLYLOOP((#212,#184,#210));
#301= IFCFACEOUTERBOUND(#299,.T.);
#302= IFCFACE((#301));
#304= IFCPOLYLOOP((#186,#212,#214));
#306= IFCFACEOUTERBOUND(#304,.T.);
#307= IFCFACE((#306));
#309= IFCPOLYLOOP((#218,#220,#188));
#311= IFCFACEOUTERBOUND(#309,.T.);
#312= IFCFACE((#311));
#314= IFCPOLYLOOP((#216,#218,#186));
#316= IFCFACEOUTERBOUND(#314,.T.);
#317= IFCFACE((#316));
#319= IFCPOLYLOOP((#218,#188,#186));
#321= IFCFACEOUTERBOUND(#319,.T.);
#322= IFCFACE((#321));
#324= IFCPOLYLOOP((#188,#220,#222));
#326= IFCFACEOUTERBOUND(#324,.T.);
#327= IFCFACE((#326));
#329= IFCPOLYLOOP((#216,#186,#214));
#331= IFCFACEOUTERBOUND(#329,.T.);
#332= IFCFACE((#331));
#334= IFCPOLYLOOP((#224,#190,#188,#222));
#336= IFCFACEOUTERBOUND(#334,.T.);
#337= IFCFACE((#336));
#339= IFCPOLYLOOP((#190,#228,#192));
#341= IFCFACEOUTERBOUND(#339,.T.);
#342= IFCFACE((#341));
#344= IFCPOLYLOOP((#224,#226,#190));
#346= IFCFACEOUTERBOUND(#344,.T.);
#347= IFCFACE((#346));
#349= IFCPOLYLOOP((#190,#226,#228));
#351= IFCFACEOUTERBOUND(#349,.T.);
#352= IFCFACE((#351));
#354= IFCPOLYLOOP((#228,#230,#192));
#356= IFCFACEOUTERBOUND(#354,.T.);
#357= IFCFACE((#356));
#359= IFCPOLYLOOP((#194,#234,#236));
#361= IFCFACEOUTERBOUND(#359,.T.);
#362= IFCFACE((#361));
#364= IFCPOLYLOOP((#194,#236,#238));
#366= IFCFACEOUTERBOUND(#364,.T.);
#367= IFCFACE((#366));
#369= IFCPOLYLOOP((#232,#234,#192));
#371= IFCFACEOUTERBOUND(#369,.T.);
#372= IFCFACE((#371));
#374= IFCPOLYLOOP((#232,#192,#230));
#376= IFCFACEOUTERBOUND(#374,.T.);
#377= IFCFACE((#376));
#379= IFCPOLYLOOP((#192,#234,#194));
#381= IFCFACEOUTERBOUND(#379,.T.);
#382= IFCFACE((#381));
#384= IFCPOLYLOOP((#246,#196,#194,#238,#240,#242,#244));
#386= IFCFACEOUTERBOUND(#384,.T.);
#387= IFCFACE((#386));
#389= IFCPOLYLOOP((#246,#248,#196));
#391= IFCFACEOUTERBOUND(#389,.T.);
#392= IFCFACE((#391));
#394= IFCPOLYLOOP((#198,#196,#250));
#396= IFCFACEOUTERBOUND(#394,.T.);
#397= IFCFACE((#396));
#399= IFCPOLYLOOP((#250,#196,#248));
#401= IFCFACEOUTERBOUND(#399,.T.);
#402= IFCFACE((#401));
#404= IFCPOLYLOOP((#198,#250,#252));
#406= IFCFACEOUTERBOUND(#404,.T.);
#407= IFCFACE((#406));
#409= IFCPOLYLOOP((#256,#258,#200));
#411= IFCFACEOUTERBOUND(#409,.T.);
#412= IFCFACE((#411));
#414= IFCPOLYLOOP((#254,#256,#198));
#416= IFCFACEOUTERBOUND(#414,.T.);
#417= IFCFACE((#416));
#419= IFCPOLYLOOP((#256,#200,#198));
#421= IFCFACEOUTERBOUND(#419,.T.);
#422= IFCFACE((#421));
#424= IFCPOLYLOOP((#200,#258,#260));
#426= IFCFACEOUTERBOUND(#424,.T.);
#427= IFCFACE((#426));
#429= IFCPOLYLOOP((#254,#198,#252));
#431= IFCFACEOUTERBOUND(#429,.T.);
#432= IFCFACE((#431));
#434= IFCPOLYLOOP((#262,#202,#200,#260));
#436= IFCFACEOUTERBOUND(#434,.T.);
#437= IFCFACE((#436));
#439= IFCPOLYLOOP((#202,#266,#204));
#441= IFCFACEOUTERBOUND(#439,.T.);
#442= IFCFACE((#441));
#444= IFCPOLYLOOP((#262,#264,#202));
#446= IFCFACEOUTERBOUND(#444,.T.);
#447= IFCFACE((#446));
#449= IFCPOLYLOOP((#202,#264,#266));
#451= IFCFACEOUTERBOUND(#449,.T.);
#452= IFCFACE((#451));
#454= IFCPOLYLOOP((#266,#268,#204));
#456= IFCFACEOUTERBOUND(#454,.T.);
#457= IFCFACE((#456));
#459= IFCPOLYLOOP((#206,#272,#274));
#461= IFCFACEOUTERBOUND(#459,.T.);
#462= IFCFACE((#461));
#464= IFCPOLYLOOP((#206,#274,#276));
#466= IFCFACEOUTERBOUND(#464,.T.);
#467= IFCFACE((#466));
#469= IFCPOLYLOOP((#270,#272,#204));
#471= IFCFACEOUTERBOUND(#469,.T.);
#472= IFCFACE((#471));
#474= IFCPOLYLOOP((#270,#204,#268));
#476= IFCFACEOUTERBOUND(#474,.T.);
#477= IFCFACE((#476));
#479= IFCPOLYLOOP((#204,#272,#206));
#481= IFCFACEOUTERBOUND(#479,.T.);
#482= IFCFACE((#481));
#484= IFCPOLYLOOP((#184,#206,#276,#278,#280,#282,#208));
#486= IFCFACEOUTERBOUND(#484,.T.);
#487= IFCFACE((#486));
#489= IFCPOLYLOOP((#222,#218,#216));
#491= IFCFACEOUTERBOUND(#489,.T.);
#492= IFCFACE((#491));
#494= IFCPOLYLOOP((#222,#220,#218));
#496= IFCFACEOUTERBOUND(#494,.T.);
#497= IFCFACE((#496));
#499= IFCPOLYLOOP((#222,#216,#214));
#501= IFCFACEOUTERBOUND(#499,.T.);
#502= IFCFACE((#501));
#504= IFCPOLYLOOP((#210,#208,#222));
#506= IFCFACEOUTERBOUND(#504,.T.);
#507= IFCFACE((#506));
#509= IFCPOLYLOOP((#212,#210,#222));
#511= IFCFACEOUTERBOUND(#509,.T.);
#512= IFCFACE((#511));
#514= IFCPOLYLOOP((#222,#208,#282));
#516= IFCFACEOUTERBOUND(#514,.T.);
#517= IFCFACE((#516));
#519= IFCPOLYLOOP((#222,#214,#212));
#521= IFCFACEOUTERBOUND(#519,.T.);
#522= IFCFACE((#521));
#524= IFCPOLYLOOP((#240,#282,#280,#242));
#526= IFCFACEOUTERBOUND(#524,.T.);
#527= IFCFACE((#526));
#529= IFCPOLYLOOP((#230,#224,#232));
#531= IFCFACEOUTERBOUND(#529,.T.);
#532= IFCFACE((#531));
#534= IFCPOLYLOOP((#224,#228,#226));
#536= IFCFACEOUTERBOUND(#534,.T.);
#537= IFCFACE((#536));
#539= IFCPOLYLOOP((#228,#224,#230));
#541= IFCFACEOUTERBOUND(#539,.T.);
#542= IFCFACE((#541));
#544= IFCPOLYLOOP((#222,#282,#240,#224));
#546= IFCFACEOUTERBOUND(#544,.T.);
#547= IFCFACE((#546));
#549= IFCPOLYLOOP((#232,#224,#234));
#551= IFCFACEOUTERBOUND(#549,.T.);
#552= IFCFACE((#551));
#554= IFCPOLYLOOP((#236,#234,#224));
#556= IFCFACEOUTERBOUND(#554,.T.);
#557= IFCFACE((#556));
#559= IFCPOLYLOOP((#224,#238,#236));
#561= IFCFACEOUTERBOUND(#559,.T.);
#562= IFCFACE((#561));
#564= IFCPOLYLOOP((#224,#240,#238));
#566= IFCFACEOUTERBOUND(#564,.T.);
#567= IFCFACE((#566));
#569= IFCPOLYLOOP((#262,#278,#276));
#571= IFCFACEOUTERBOUND(#569,.T.);
#572= IFCFACE((#571));
#574= IFCPOLYLOOP((#276,#274,#262));
#576= IFCFACEOUTERBOUND(#574,.T.);
#577= IFCFACE((#576));
#579= IFCPOLYLOOP((#272,#262,#274));
#581= IFCFACEOUTERBOUND(#579,.T.);
#582= IFCFACE((#581));
#584= IFCPOLYLOOP((#270,#268,#262));
#586= IFCFACEOUTERBOUND(#584,.T.);
#587= IFCFACE((#586));
#589= IFCPOLYLOOP((#266,#264,#262));
#591= IFCFACEOUTERBOUND(#589,.T.);
#592= IFCFACE((#591));
#594= IFCPOLYLOOP((#266,#262,#268));
#596= IFCFACEOUTERBOUND(#594,.T.);
#597= IFCFACE((#596));
#599= IFCPOLYLOOP((#270,#262,#272));
#601= IFCFACEOUTERBOUND(#599,.T.);
#602= IFCFACE((#601));
#604= IFCPOLYLOOP((#278,#262,#260,#244));
#606= IFCFACEOUTERBOUND(#604,.T.);
#607= IFCFACE((#606));
#609= IFCPOLYLOOP((#260,#250,#248));
#611= IFCFACEOUTERBOUND(#609,.T.);
#612= IFCFACE((#611));
#614= IFCPOLYLOOP((#260,#246,#244));
#616= IFCFACEOUTERBOUND(#614,.T.);
#617= IFCFACE((#616));
#619= IFCPOLYLOOP((#260,#248,#246));
#621= IFCFACEOUTERBOUND(#619,.T.);
#622= IFCFACE((#621));
#624= IFCPOLYLOOP((#244,#242,#280,#278));
#626= IFCFACEOUTERBOUND(#624,.T.);
#627= IFCFACE((#626));
#629= IFCPOLYLOOP((#260,#258,#256));
#631= IFCFACEOUTERBOUND(#629,.T.);
#632= IFCFACE((#631));
#634= IFCPOLYLOOP((#260,#254,#252));
#636= IFCFACEOUTERBOUND(#634,.T.);
#637= IFCFACE((#636));
#639= IFCPOLYLOOP((#254,#260,#256));
#641= IFCFACEOUTERBOUND(#639,.T.);
#642= IFCFACE((#641));
#644= IFCPOLYLOOP((#260,#252,#250));
#646= IFCFACEOUTERBOUND(#644,.T.);
#647= IFCFACE((#646));
#649= IFCCARTESIANPOINT((-36.6999999999906,0.,161.729525655007));
#651= IFCCARTESIANPOINT((-33.5999999999905,0.,161.729525655007));
#653= IFCCARTESIANPOINT((-33.5999999999899,25.6999999999909,161.729525655007));
#655= IFCCARTESIANPOINT((-33.3308140276737,27.7446704563008,161.729525655007));
#657= IFCCARTESIANPOINT((-32.541600689887,29.6499999999909,161.729525655007));
#659= IFCCARTESIANPOINT((-31.2861435713639,31.2861435713646,161.729525655007));
#661= IFCCARTESIANPOINT((-29.64999999999,32.541600689888,161.729525655007));
#663= IFCCARTESIANPOINT((-27.7446704562999,33.3308140276746,161.729525655007));
#665= IFCCARTESIANPOINT((-25.6999999999901,33.5999999999909,161.729525655007));
#667= IFCCARTESIANPOINT((25.7000000000093,33.5999999999903,161.729525655007));
#669= IFCCARTESIANPOINT((27.7446704563194,33.3308140276739,161.729525655007));
#671= IFCCARTESIANPOINT((29.6500000000095,32.5416006898873,161.729525655007));
#673= IFCCARTESIANPOINT((31.2861435713831,31.286143571364,161.729525655007));
#675= IFCCARTESIANPOINT((32.5416006899065,29.6499999999903,161.729525655007));
#677= IFCCARTESIANPOINT((33.3308140276929,27.7446704563002,161.729525655007));
#679= IFCCARTESIANPOINT((33.6000000000094,25.6999999999903,161.729525655007));
#681= IFCCARTESIANPOINT((33.6000000000094,0.,161.729525655007));
#683= IFCCARTESIANPOINT((36.7000000000095,0.,161.729525655007));
#685= IFCCARTESIANPOINT((36.7000000000095,25.6999999999903,161.729525655007));
#687= IFCCARTESIANPOINT((36.3251840891891,28.547009496118,161.729525655007));
#689= IFCCARTESIANPOINT((35.2262794416383,31.1999999999903,161.729525655007));
#691= IFCCARTESIANPOINT((33.4781745930616,33.4781745930423,161.729525655007));
#693= IFCCARTESIANPOINT((31.2000000000094,35.2262794416191,161.729525655007));
#695= IFCCARTESIANPOINT((28.5470094961371,36.32518408917,161.729525655007));
#697= IFCCARTESIANPOINT((25.7000000000096,36.6999999999903,161.729525655007));
#699= IFCCARTESIANPOINT((-25.6999999999898,36.6999999999909,161.729525655007));
#701= IFCCARTESIANPOINT((-28.5470094961176,36.3251840891707,161.729525655007));
#703= IFCCARTESIANPOINT((-31.1999999999899,35.2262794416198,161.729525655007));
#705= IFCCARTESIANPOINT((-33.4781745930421,33.478174593043,161.729525655007));
#707= IFCCARTESIANPOINT((-35.2262794416188,31.199999999991,161.729525655007));
#709= IFCCARTESIANPOINT((-36.3251840891696,28.5470094961187,161.729525655007));
#711= IFCCARTESIANPOINT((-36.69999999999,25.699999999991,161.729525655007));
#713= IFCCARTESIANPOINT((-36.6999999999906,0.,155.729525655007));
#715= IFCCARTESIANPOINT((-36.69999999999,25.699999999991,155.729525655007));
#717= IFCCARTESIANPOINT((-36.3251840891696,28.5470094961187,155.729525655007));
#719= IFCCARTESIANPOINT((-35.2262794416188,31.199999999991,155.729525655007));
#721= IFCCARTESIANPOINT((-33.4781745930421,33.478174593043,155.729525655007));
#723= IFCCARTESIANPOINT((-31.1999999999899,35.2262794416198,155.729525655007));
#725= IFCCARTESIANPOINT((-28.5470094961176,36.3251840891707,155.729525655007));
#727= IFCCARTESIANPOINT((-25.6999999999898,36.699999999991,155.729525655007));
#729= IFCCARTESIANPOINT((25.7000000000096,36.6999999999903,155.729525655007));
#731= IFCCARTESIANPOINT((28.5470094961371,36.32518408917,155.729525655007));
#733= IFCCARTESIANPOINT((31.2000000000094,35.2262794416191,155.729525655007));
#735= IFCCARTESIANPOINT((33.4781745930616,33.4781745930423,155.729525655007));
#737= IFCCARTESIANPOINT((35.2262794416383,31.1999999999903,155.729525655007));
#739= IFCCARTESIANPOINT((36.3251840891891,28.547009496118,155.729525655007));
#741= IFCCARTESIANPOINT((36.7000000000095,25.6999999999903,155.729525655007));
#743= IFCCARTESIANPOINT((36.7000000000095,0.,155.729525655007));
#745= IFCCARTESIANPOINT((33.6000000000094,0.,155.729525655007));
#747= IFCCARTESIANPOINT((33.6000000000094,25.6999999999903,155.729525655007));
#749= IFCCARTESIANPOINT((33.3308140276929,27.7446704563002,155.729525655007));
#751= IFCCARTESIANPOINT((32.5416006899065,29.6499999999903,155.729525655007));
#753= IFCCARTESIANPOINT((31.2861435713831,31.286143571364,155.729525655007));
#755= IFCCARTESIANPOINT((29.6500000000095,32.5416006898873,155.729525655007));
#757= IFCCARTESIANPOINT((27.7446704563194,33.3308140276739,155.729525655007));
#759= IFCCARTESIANPOINT((25.7000000000096,33.5999999999908,155.729525655007));
#761= IFCCARTESIANPOINT((-25.6999999999901,33.5999999999909,155.729525655007));
#763= IFCCARTESIANPOINT((-27.7446704562999,33.3308140276746,155.729525655007));
#765= IFCCARTESIANPOINT((-29.64999999999,32.541600689888,155.729525655007));
#767= IFCCARTESIANPOINT((-31.2861435713639,31.2861435713646,155.729525655007));
#769= IFCCARTESIANPOINT((-32.541600689887,29.6499999999909,155.729525655007));
#771= IFCCARTESIANPOINT((-33.3308140276737,27.7446704563008,155.729525655007));
#773= IFCCARTESIANPOINT((-33.5999999999905,25.699999999991,155.729525655007));
#775= IFCCARTESIANPOINT((-33.5999999999905,0.,155.729525655007));
#777= IFCPOLYLOOP((#655,#657,#659,#661,#663,#665,#667,#669,#671,#673,#675,#677,#679,#681,#683,#685,#687,#689,#691,#693,#695,#697,#699,#701,#703,#705,#707,#709,#711,#649,#651,#653));
#779= IFCFACEOUTERBOUND(#777,.T.);
#780= IFCFACE((#779));
#782= IFCPOLYLOOP((#749,#751,#753,#755,#757,#759,#761,#763,#765,#767,#769,#771,#773,#775,#713,#715,#717,#719,#721,#723,#725,#727,#729,#731,#733,#735,#737,#739,#741,#743,#745,#747));
#784= IFCFACEOUTERBOUND(#782,.T.);
#785= IFCFACE((#784));
#787= IFCPOLYLOOP((#651,#649,#713,#775));
#789= IFCFACEOUTERBOUND(#787,.T.);
#790= IFCFACE((#789));
#792= IFCPOLYLOOP((#683,#681,#745,#743));
#794= IFCFACEOUTERBOUND(#792,.T.);
#795= IFCFACE((#794));
#797= IFCPOLYLOOP((#653,#651,#775,#773));
#799= IFCFACEOUTERBOUND(#797,.T.);
#800= IFCFACE((#799));
#802= IFCPOLYLOOP((#655,#653,#773,#771));
#804= IFCFACEOUTERBOUND(#802,.T.);
#805= IFCFACE((#804));
#807= IFCPOLYLOOP((#657,#655,#771,#769));
#809= IFCFACEOUTERBOUND(#807,.T.);
#810= IFCFACE((#809));
#812= IFCPOLYLOOP((#767,#659,#657,#769));
#814= IFCFACEOUTERBOUND(#812,.T.);
#815= IFCFACE((#814));
#817= IFCPOLYLOOP((#663,#661,#765,#763));
#819= IFCFACEOUTERBOUND(#817,.T.);
#820= IFCFACE((#819));
#822= IFCPOLYLOOP((#665,#663,#763,#761));
#824= IFCFACEOUTERBOUND(#822,.T.);
#825= IFCFACE((#824));
#827= IFCPOLYLOOP((#765,#661,#659,#767));
#829= IFCFACEOUTERBOUND(#827,.T.);
#830= IFCFACE((#829));
#832= IFCPOLYLOOP((#667,#665,#761,#759));
#834= IFCFACEOUTERBOUND(#832,.T.);
#835= IFCFACE((#834));
#837= IFCPOLYLOOP((#669,#667,#759,#757));
#839= IFCFACEOUTERBOUND(#837,.T.);
#840= IFCFACE((#839));
#842= IFCPOLYLOOP((#671,#669,#757,#755));
#844= IFCFACEOUTERBOUND(#842,.T.);
#845= IFCFACE((#844));
#847= IFCPOLYLOOP((#753,#673,#671,#755));
#849= IFCFACEOUTERBOUND(#847,.T.);
#850= IFCFACE((#849));
#852= IFCPOLYLOOP((#677,#675,#751,#749));
#854= IFCFACEOUTERBOUND(#852,.T.);
#855= IFCFACE((#854));
#857= IFCPOLYLOOP((#679,#677,#749,#747));
#859= IFCFACEOUTERBOUND(#857,.T.);
#860= IFCFACE((#859));
#862= IFCPOLYLOOP((#751,#675,#673,#753));
#864= IFCFACEOUTERBOUND(#862,.T.);
#865= IFCFACE((#864));
#867= IFCPOLYLOOP((#681,#679,#747,#745));
#869= IFCFACEOUTERBOUND(#867,.T.);
#870= IFCFACE((#869));
#872= IFCPOLYLOOP((#685,#683,#743,#741));
#874= IFCFACEOUTERBOUND(#872,.T.);
#875= IFCFACE((#874));
#877= IFCPOLYLOOP((#687,#685,#741,#739));
#879= IFCFACEOUTERBOUND(#877,.T.);
#880= IFCFACE((#879));
#882= IFCPOLYLOOP((#689,#687,#739,#737));
#884= IFCFACEOUTERBOUND(#882,.T.);
#885= IFCFACE((#884));
#887= IFCPOLYLOOP((#691,#689,#737,#735));
#889= IFCFACEOUTERBOUND(#887,.T.);
#890= IFCFACE((#889));
#892= IFCPOLYLOOP((#693,#691,#735,#733));
#894= IFCFACEOUTERBOUND(#892,.T.);
#895= IFCFACE((#894));
#897= IFCPOLYLOOP((#695,#693,#733,#731));
#899= IFCFACEOUTERBOUND(#897,.T.);
#900= IFCFACE((#899));
#902= IFCPOLYLOOP((#697,#695,#731,#729));
#904= IFCFACEOUTERBOUND(#902,.T.);
#905= IFCFACE((#904));
#907= IFCPOLYLOOP((#699,#697,#729,#727));
#909= IFCFACEOUTERBOUND(#907,.T.);
#910= IFCFACE((#909));
#912= IFCPOLYLOOP((#701,#699,#727,#725));
#914= IFCFACEOUTERBOUND(#912,.T.);
#915= IFCFACE((#914));
#917= IFCPOLYLOOP((#703,#701,#725,#723));
#919= IFCFACEOUTERBOUND(#917,.T.);
#920= IFCFACE((#919));
#922= IFCPOLYLOOP((#705,#703,#723,#721));
#924= IFCFACEOUTERBOUND(#922,.T.);
#925= IFCFACE((#924));
#927= IFCPOLYLOOP((#707,#705,#721,#719));
#929= IFCFACEOUTERBOUND(#927,.T.);
#930= IFCFACE((#929));
#932= IFCPOLYLOOP((#709,#707,#719,#717));
#934= IFCFACEOUTERBOUND(#932,.T.);
#935= IFCFACE((#934));
#937= IFCPOLYLOOP((#711,#709,#717,#715));
#939= IFCFACEOUTERBOUND(#937,.T.);
#940= IFCFACE((#939));
#942= IFCPOLYLOOP((#649,#711,#715,#713));
#944= IFCFACEOUTERBOUND(#942,.T.);
#945= IFCFACE((#944));
#947= IFCCARTESIANPOINT((12.5000000000072,0.,70.2295256550069));
#949= IFCCARTESIANPOINT((12.0740728286205,3.23523806377219,70.2295256550069));
#951= IFCCARTESIANPOINT((10.8253175473127,6.24999999999068,70.2295256550069));
#953= IFCCARTESIANPOINT((8.83883476483905,8.83883476482254,70.2295256550069));
#955= IFCCARTESIANPOINT((6.25000000000722,10.8253175472962,70.2295256550069));
#957= IFCCARTESIANPOINT((3.23523806378874,12.0740728286041,70.2295256550069));
#959= IFCCARTESIANPOINT((0.,12.4999999999907,70.2295256550069));
#961= IFCCARTESIANPOINT((-3.23523806377428,12.0740728286041,70.2295256550069));
#963= IFCCARTESIANPOINT((-6.24999999999277,10.8253175472962,70.2295256550069));
#965= IFCCARTESIANPOINT((-8.83883476482462,8.83883476482262,70.2295256550069));
#967= IFCCARTESIANPOINT((-10.8253175472983,6.24999999999079,70.2295256550069));
#969= IFCCARTESIANPOINT((-12.0740728286062,3.23523806377231,70.2295256550069));
#971= IFCCARTESIANPOINT((-12.4999999999928,0.,70.2295256550069));
#973= IFCCARTESIANPOINT((-12.0740728286062,-3.23523806379078,70.2295256550069));
#975= IFCCARTESIANPOINT((-10.8253175472983,-6.25000000000927,70.2295256550069));
#977= IFCCARTESIANPOINT((-8.83883476482468,-8.83883476484111,70.2295256550069));
#979= IFCCARTESIANPOINT((-6.24999999999284,-10.8253175473147,70.2295256550069));
#981= IFCCARTESIANPOINT((-3.23523806377435,-12.0740728286226,70.2295256550069));
#983= IFCCARTESIANPOINT((0.,-12.5000000000093,70.2295256550069));
#985= IFCCARTESIANPOINT((3.23523806378866,-12.0740728286226,70.2295256550069));
#987= IFCCARTESIANPOINT((6.25000000000715,-10.8253175473148,70.2295256550069));
#989= IFCCARTESIANPOINT((8.838834764839,-8.83883476484114,70.2295256550069));
#991= IFCCARTESIANPOINT((10.8253175473126,-6.2500000000093,70.2295256550069));
#993= IFCCARTESIANPOINT((12.0740728286205,-3.23523806379082,70.2295256550069));
#995= IFCCARTESIANPOINT((12.5000000000072,0.,60.2295256550069));
#997= IFCCARTESIANPOINT((12.0740728286205,-3.23523806379082,60.2295256550069));
#999= IFCCARTESIANPOINT((10.8253175473126,-6.2500000000093,60.2295256550069));
#1001= IFCCARTESIANPOINT((8.838834764839,-8.83883476484114,60.2295256550069));
#1003= IFCCARTESIANPOINT((6.25000000000715,-10.8253175473148,60.2295256550069));
#1005= IFCCARTESIANPOINT((3.23523806378866,-12.0740728286226,60.2295256550069));
#1007= IFCCARTESIANPOINT((0.,-12.5000000000093,60.2295256550069));
#1009= IFCCARTESIANPOINT((-3.23523806377435,-12.0740728286226,60.2295256550069));
#1011= IFCCARTESIANPOINT((-6.24999999999284,-10.8253175473147,60.2295256550069));
#1013= IFCCARTESIANPOINT((-8.83883476482468,-8.83883476484111,60.2295256550069));
#1015= IFCCARTESIANPOINT((-10.8253175472983,-6.25000000000927,60.2295256550069));
#1017= IFCCARTESIANPOINT((-12.0740728286062,-3.23523806379078,60.2295256550069));
#1019= IFCCARTESIANPOINT((-12.4999999999928,0.,60.2295256550069));
#1021= IFCCARTESIANPOINT((-12.0740728286062,3.23523806377231,60.2295256550069));
#1023= IFCCARTESIANPOINT((-10.8253175472983,6.24999999999079,60.2295256550069));
#1025= IFCCARTESIANPOINT((-8.83883476482462,8.83883476482262,60.2295256550069));
#1027= IFCCARTESIANPOINT((-6.24999999999277,10.8253175472962,60.2295256550069));
#1029= IFCCARTESIANPOINT((-3.23523806377428,12.0740728286041,60.2295256550069));
#1031= IFCCARTESIANPOINT((0.,12.4999999999907,60.2295256550069));
#1033= IFCCARTESIANPOINT((3.23523806378874,12.0740728286041,60.2295256550069));
#1035= IFCCARTESIANPOINT((6.25000000000722,10.8253175472962,60.2295256550069));
#1037= IFCCARTESIANPOINT((8.83883476483905,8.83883476482254,60.2295256550069));
#1039= IFCCARTESIANPOINT((10.8253175473127,6.24999999999068,60.2295256550069));
#1041= IFCCARTESIANPOINT((12.0740728286205,3.23523806377219,60.2295256550069));
#1043= IFCPOLYLOOP((#967,#969,#971,#973,#975,#977,#979,#981,#983,#985,#987,#989,#991,#993,#947,#949,#951,#953,#955,#957,#959,#961,#963,#965));
#1045= IFCFACEOUTERBOUND(#1043,.T.);
#1046= IFCFACE((#1045));
#1048= IFCPOLYLOOP((#1013,#1015,#1017,#1019,#1021,#1023,#1025,#1027,#1029,#1031,#1033,#1035,#1037,#1039,#1041,#995,#997,#999,#1001,#1003,#1005,#1007,#1009,#1011));
#1050= IFCFACEOUTERBOUND(#1048,.T.);
#1051= IFCFACE((#1050));
#1053= IFCPOLYLOOP((#1041,#949,#947,#995));
#1055= IFCFACEOUTERBOUND(#1053,.T.);
#1056= IFCFACE((#1055));
#1058= IFCPOLYLOOP((#1039,#951,#949,#1041));
#1060= IFCFACEOUTERBOUND(#1058,.T.);
#1061= IFCFACE((#1060));
#1063= IFCPOLYLOOP((#955,#953,#1037,#1035));
#1065= IFCFACEOUTERBOUND(#1063,.T.);
#1066= IFCFACE((#1065));
#1068= IFCPOLYLOOP((#1039,#1037,#953,#951));
#1070= IFCFACEOUTERBOUND(#1068,.T.);
#1071= IFCFACE((#1070));
#1073= IFCPOLYLOOP((#957,#955,#1035,#1033));
#1075= IFCFACEOUTERBOUND(#1073,.T.);
#1076= IFCFACE((#1075));
#1078= IFCPOLYLOOP((#959,#957,#1033,#1031));
#1080= IFCFACEOUTERBOUND(#1078,.T.);
#1081= IFCFACE((#1080));
#1083= IFCPOLYLOOP((#1029,#961,#959,#1031));
#1085= IFCFACEOUTERBOUND(#1083,.T.);
#1086= IFCFACE((#1085));
#1088= IFCPOLYLOOP((#1027,#963,#961,#1029));
#1090= IFCFACEOUTERBOUND(#1088,.T.);
#1091= IFCFACE((#1090));
#1093= IFCPOLYLOOP((#967,#965,#1025,#1023));
#1095= IFCFACEOUTERBOUND(#1093,.T.);
#1096= IFCFACE((#1095));
#1098= IFCPOLYLOOP((#1027,#1025,#965,#963));
#1100= IFCFACEOUTERBOUND(#1098,.T.);
#1101= IFCFACE((#1100));
#1103= IFCPOLYLOOP((#969,#967,#1023,#1021));
#1105= IFCFACEOUTERBOUND(#1103,.T.);
#1106= IFCFACE((#1105));
#1108= IFCPOLYLOOP((#971,#969,#1021,#1019));
#1110= IFCFACEOUTERBOUND(#1108,.T.);
#1111= IFCFACE((#1110));
#1113= IFCPOLYLOOP((#1017,#973,#971,#1019));
#1115= IFCFACEOUTERBOUND(#1113,.T.);
#1116= IFCFACE((#1115));
#1118= IFCPOLYLOOP((#1015,#975,#973,#1017));
#1120= IFCFACEOUTERBOUND(#1118,.T.);
#1121= IFCFACE((#1120));
#1123= IFCPOLYLOOP((#979,#977,#1013,#1011));
#1125= IFCFACEOUTERBOUND(#1123,.T.);
#1126= IFCFACE((#1125));
#1128= IFCPOLYLOOP((#1015,#1013,#977,#975));
#1130= IFCFACEOUTERBOUND(#1128,.T.);
#1131= IFCFACE((#1130));
#1133= IFCPOLYLOOP((#981,#979,#1011,#1009));
#1135= IFCFACEOUTERBOUND(#1133,.T.);
#1136= IFCFACE((#1135));
#1138= IFCPOLYLOOP((#983,#981,#1009,#1007));
#1140= IFCFACEOUTERBOUND(#1138,.T.);
#1141= IFCFACE((#1140));
#1143= IFCPOLYLOOP((#1005,#985,#983,#1007));
#1145= IFCFACEOUTERBOUND(#1143,.T.);
#1146= IFCFACE((#1145));
#1148= IFCPOLYLOOP((#1003,#987,#985,#1005));
#1150= IFCFACEOUTERBOUND(#1148,.T.);
#1151= IFCFACE((#1150));
#1153= IFCPOLYLOOP((#991,#989,#1001,#999));
#1155= IFCFACEOUTERBOUND(#1153,.T.);
#1156= IFCFACE((#1155));
#1158= IFCPOLYLOOP((#1003,#1001,#989,#987));
#1160= IFCFACEOUTERBOUND(#1158,.T.);
#1161= IFCFACE((#1160));
#1163= IFCPOLYLOOP((#993,#991,#999,#997));
#1165= IFCFACEOUTERBOUND(#1163,.T.);
#1166= IFCFACE((#1165));
#1168= IFCPOLYLOOP((#947,#993,#997,#995));
#1170= IFCFACEOUTERBOUND(#1168,.T.);
#1171= IFCFACE((#1170));
#1173= IFCCARTESIANPOINT((25.7000000000095,-38.,98.7295256550069));
#1175= IFCCARTESIANPOINT((-25.6999999999903,-38.,98.7295256550069));
#1177= IFCCARTESIANPOINT((-34.3974134085845,-34.3974134086033,98.7295256550069));
#1179= IFCCARTESIANPOINT((-38.,-25.700000000009,98.7295256550069));
#1181= IFCCARTESIANPOINT((-38.,25.6999999999909,98.7295256550069));
#1183= IFCCARTESIANPOINT((-34.3974134085846,34.3974134085851,98.7295256550069));
#1185= IFCCARTESIANPOINT((-25.6999999999903,38.,98.7295256550069));
#1187= IFCCARTESIANPOINT((25.7000000000095,38.,98.7295256550069));
#1189= IFCCARTESIANPOINT((34.3974134086037,34.397413408585,98.7295256550069));
#1191= IFCCARTESIANPOINT((38.,25.6999999999909,98.7295256550069));
#1193= IFCCARTESIANPOINT((38.,-25.700000000009,98.7295256550069));
#1195= IFCCARTESIANPOINT((34.3974134086038,-34.3974134086033,98.7295256550069));
#1197= IFCCARTESIANPOINT((25.7000000000096,-36.7000000000091,155.729525655007));
#1199= IFCCARTESIANPOINT((33.4781745930614,-33.4781745930608,155.729525655007));
#1201= IFCCARTESIANPOINT((36.7000000000096,-25.7000000000091,155.729525655007));
#1203= IFCCARTESIANPOINT((36.7000000000096,25.6999999999909,155.729525655007));
#1205= IFCCARTESIANPOINT((33.4781745930613,33.4781745930426,155.729525655007));
#1207= IFCCARTESIANPOINT((25.7000000000096,36.6999999999908,155.729525655007));
#1209= IFCCARTESIANPOINT((-25.6999999999904,36.6999999999909,155.729525655007));
#1211= IFCCARTESIANPOINT((-33.4781745930422,33.4781745930427,155.729525655007));
#1213= IFCCARTESIANPOINT((-36.6999999999904,25.699999999991,155.729525655007));
#1215= IFCCARTESIANPOINT((-36.6999999999904,-25.7000000000091,155.729525655007));
#1217= IFCCARTESIANPOINT((-33.4781745930421,-33.4781745930608,155.729525655007));
#1219= IFCCARTESIANPOINT((-25.6999999999904,-36.700000000009,155.729525655007));
#1221= IFCPOLYLOOP((#1181,#1183,#1185,#1187,#1189,#1191,#1193,#1195,#1173,#1175,#1177,#1179));
#1223= IFCFACEOUTERBOUND(#1221,.T.);
#1224= IFCFACE((#1223));
#1226= IFCPOLYLOOP((#1215,#1217,#1219,#1197,#1199,#1201,#1203,#1205,#1207,#1209,#1211,#1213));
#1228= IFCFACEOUTERBOUND(#1226,.T.);
#1229= IFCFACE((#1228));
#1231= IFCPOLYLOOP((#1193,#1201,#1199,#1195));
#1233= IFCFACEOUTERBOUND(#1231,.T.);
#1234= IFCFACE((#1233));
#1236= IFCPOLYLOOP((#1197,#1173,#1195,#1199));
#1238= IFCFACEOUTERBOUND(#1236,.T.);
#1239= IFCFACE((#1238));
#1241= IFCPOLYLOOP((#1191,#1203,#1201,#1193));
#1243= IFCFACEOUTERBOUND(#1241,.T.);
#1244= IFCFACE((#1243));
#1246= IFCPOLYLOOP((#1187,#1207,#1205,#1189));
#1248= IFCFACEOUTERBOUND(#1246,.T.);
#1249= IFCFACE((#1248));
#1251= IFCPOLYLOOP((#1203,#1191,#1189,#1205));
#1253= IFCFACEOUTERBOUND(#1251,.T.);
#1254= IFCFACE((#1253));
#1256= IFCPOLYLOOP((#1185,#1209,#1207,#1187));
#1258= IFCFACEOUTERBOUND(#1256,.T.);
#1259= IFCFACE((#1258));
#1261= IFCPOLYLOOP((#1181,#1213,#1211,#1183));
#1263= IFCFACEOUTERBOUND(#1261,.T.);
#1264= IFCFACE((#1263));
#1266= IFCPOLYLOOP((#1209,#1185,#1183,#1211));
#1268= IFCFACEOUTERBOUND(#1266,.T.);
#1269= IFCFACE((#1268));
#1271= IFCPOLYLOOP((#1179,#1215,#1213,#1181));
#1273= IFCFACEOUTERBOUND(#1271,.T.);
#1274= IFCFACE((#1273));
#1276= IFCPOLYLOOP((#1175,#1219,#1217,#1177));
#1278= IFCFACEOUTERBOUND(#1276,.T.);
#1279= IFCFACE((#1278));
#1281= IFCPOLYLOOP((#1215,#1179,#1177,#1217));
#1283= IFCFACEOUTERBOUND(#1281,.T.);
#1284= IFCFACE((#1283));
#1286= IFCPOLYLOOP((#1173,#1197,#1219,#1175));
#1288= IFCFACEOUTERBOUND(#1286,.T.);
#1289= IFCFACE((#1288));
#1291= IFCCARTESIANPOINT((-16.4999999999951,14.,154.729525655007));
#1293= IFCCARTESIANPOINT((-18.6213203435533,13.1213203435498,154.729525655007));
#1295= IFCCARTESIANPOINT((-19.499999999993,11.,154.729525655007));
#1297= IFCCARTESIANPOINT((-20.499999999993,11.,155.729525655007));
#1299= IFCCARTESIANPOINT((-19.499999999993,11.,156.729525655007));
#1301= IFCCARTESIANPOINT((-18.6213203435533,13.1213203435498,156.729525655007));
#1303= IFCCARTESIANPOINT((-16.499999999995,14.,156.729525655007));
#1305= IFCCARTESIANPOINT((-16.4999999999951,15.,155.729525655007));
#1307= IFCCARTESIANPOINT((-20.2006299620305,11.,156.02889569297));
#1309= IFCCARTESIANPOINT((-19.3234718546568,13.8234718532257,155.847705657185));
#1311= IFCCARTESIANPOINT((-16.4999999999951,14.4999999999896,155.229525655007));
#1313= IFCCARTESIANPOINT((-20.,11.,155.229525655007));
#1315= IFCCARTESIANPOINT((-18.499999999993,11.,155.729525655007));
#1317= IFCCARTESIANPOINT((-16.499999999995,13.,155.729525655007));
#1319= IFCCARTESIANPOINT((-18.0159189352319,12.5159189297876,156.246225048288));
#1321= IFCCARTESIANPOINT((-17.9785116533029,12.47851154379,155.312879720561));
#1323= IFCCARTESIANPOINT((16.500000000005,14.,156.729525655007));
#1325= IFCCARTESIANPOINT((16.500000000005,15.,155.729525655007));
#1327= IFCCARTESIANPOINT((16.500000000005,14.,154.729525655007));
#1329= IFCCARTESIANPOINT((-0.958522370346376,14.,156.729525655007));
#1331= IFCCARTESIANPOINT((0.,14.,154.729525655007));
#1333= IFCCARTESIANPOINT((-4.58374078620536,14.9996941006694,155.704792982975));
#1335= IFCCARTESIANPOINT((7.77073881482929,14.,156.729525655007));
#1337= IFCCARTESIANPOINT((5.97602197174721,14.9512289005702,155.421039709298));
#1339= IFCCARTESIANPOINT((16.500000000005,13.,155.729525655007));
#1341= IFCCARTESIANPOINT((-0.958523007912478,14.,154.729525655007));
#1343= IFCCARTESIANPOINT((0.,14.,156.729525655007));
#1345= IFCCARTESIANPOINT((-4.58374033422291,13.000305899146,155.754258320425));
#1347= IFCCARTESIANPOINT((7.77073849604624,14.,154.729525655007));
#1349= IFCCARTESIANPOINT((5.97602236639819,13.0487711088105,156.038011629706));
#1351= IFCCARTESIANPOINT((19.5000000000029,11.,154.729525655007));
#1353= IFCCARTESIANPOINT((18.6213203435632,13.1213203435497,154.729525655007));
#1355= IFCCARTESIANPOINT((18.6213203435632,13.1213203435497,156.729525655007));
#1357= IFCCARTESIANPOINT((19.5000000000029,11.,156.729525655007));
#1359= IFCCARTESIANPOINT((20.5000000000029,11.,155.729525655007));
#1361= IFCCARTESIANPOINT((16.5000000000049,14.7006299620269,156.028895692969));
#1363= IFCCARTESIANPOINT((19.3234718532391,13.8234718546533,155.847705657185));
#1365= IFCCARTESIANPOINT((20.,11.,155.229525655007));
#1367= IFCCARTESIANPOINT((16.5000000000049,14.4999999999895,155.229525655007));
#1369= IFCCARTESIANPOINT((18.5000000000029,11.,155.729525655007));
#1371= IFCCARTESIANPOINT((18.0159189298009,12.5159189352284,156.246225048288));
#1373= IFCCARTESIANPOINT((17.9785115438033,12.4785116532994,155.312879720561));
#1375= IFCCARTESIANPOINT((19.5000000000029,-11.,156.729525655007));
#1377= IFCCARTESIANPOINT((20.5000000000029,-11.,155.729525655007));
#1379= IFCCARTESIANPOINT((19.5000000000029,-11.,154.729525655007));
#1381= IFCCARTESIANPOINT((19.5000000000029,-2.27073867386626,156.729525655007));
#1383= IFCCARTESIANPOINT((19.5000000000029,2.27073886807542,154.729525655007));
#1385= IFCCARTESIANPOINT((20.4983720109114,-1.85058967983043E-8,155.786563605834));
#1387= IFCCARTESIANPOINT((18.5000000000029,-11.,155.729525655007));
#1389= IFCCARTESIANPOINT((19.5000000000029,-2.27073842116055,154.729525655007));
#1391= IFCCARTESIANPOINT((19.5000000000029,2.27073806631435,156.729525655007));
#1393= IFCCARTESIANPOINT((18.5016279912494,-2.49152638220895E-7,155.672487666461));
#1395= IFCCARTESIANPOINT((16.500000000005,-14.,154.729525655007));
#1397= IFCCARTESIANPOINT((18.6213203435632,-13.1213203435674,154.729525655007));
#1399= IFCCARTESIANPOINT((18.6213203435632,-13.1213203435674,156.729525655007));
#1401= IFCCARTESIANPOINT((16.500000000005,-14.,156.729525655007));
#1403= IFCCARTESIANPOINT((16.500000000005,-15.,155.729525655007));
#1405= IFCCARTESIANPOINT((20.2006299620404,-11.,156.028895692969));
#1407= IFCCARTESIANPOINT((19.3234718546668,-13.8234718532433,155.847705657185));
#1409= IFCCARTESIANPOINT((16.500000000005,-14.5000000000072,155.229525655007));
#1411= IFCCARTESIANPOINT((20.,-11.,155.229525655007));
#1413= IFCCARTESIANPOINT((16.500000000005,-13.,155.729525655007));
#1415= IFCCARTESIANPOINT((18.0159189352418,-12.5159189298052,156.246225048288));
#1417= IFCCARTESIANPOINT((17.9785116533128,-12.4785115438076,155.312879720561));
#1419= IFCCARTESIANPOINT((-16.499999999995,-14.,156.729525655007));
#1421= IFCCARTESIANPOINT((-16.499999999995,-15.,155.729525655007));
#1423= IFCCARTESIANPOINT((-16.4999999999951,-14.,154.729525655007));
#1425= IFCCARTESIANPOINT((0.958522751296046,-14.,156.729525655007));
#1427= IFCCARTESIANPOINT((0.,-14.,154.729525655007));
#1429= IFCCARTESIANPOINT((4.58374078621533,-14.9996941006871,155.704792982975));
#1431= IFCCARTESIANPOINT((-7.7707383142147,-14.,156.729525655007));
#1433= IFCCARTESIANPOINT((-5.97602197173728,-14.9512289005879,155.421039709298));
#1435= IFCCARTESIANPOINT((-16.4999999999951,-13.,155.729525655007));
#1437= IFCCARTESIANPOINT((0.958524133832685,-14.,154.729525655007));
#1439= IFCCARTESIANPOINT((0.,-14.,156.729525655007));
#1441= IFCCARTESIANPOINT((4.5837408645053,-13.0003058995322,155.754258335319));
#1443= IFCCARTESIANPOINT((-7.77073926115887,-14.,154.729525655007));
#1445= IFCCARTESIANPOINT((-5.97602188347922,-13.0487710954584,156.03801158848));
#1447= IFCCARTESIANPOINT((-19.4999999999931,-11.,154.729525655007));
#1449= IFCCARTESIANPOINT((-18.6213203435533,-13.1213203435674,154.729525655007));
#1451= IFCCARTESIANPOINT((-18.6213203435533,-13.1213203435674,156.729525655007));
#1453= IFCCARTESIANPOINT((-19.499999999993,-11.,156.729525655007));
#1455= IFCCARTESIANPOINT((-20.499999999993,-11.,155.729525655007));
#1457= IFCCARTESIANPOINT((-16.499999999995,-14.7006299620446,156.02889569297));
#1459= IFCCARTESIANPOINT((-19.3234718532292,-13.823471854671,155.847705657185));
#1461= IFCCARTESIANPOINT((-20.,-11.,155.229525655007));
#1463= IFCCARTESIANPOINT((-16.499999999995,-14.5000000000072,155.229525655007));
#1465= IFCCARTESIANPOINT((-18.499999999993,-11.,155.729525655007));
#1467= IFCCARTESIANPOINT((-18.015918929791,-12.5159189352461,156.246225048288));
#1469= IFCCARTESIANPOINT((-17.9785115437934,-12.4785116533171,155.312879720561));
#1471= IFCCARTESIANPOINT((-19.499999999993,2.2707389400525,156.729525655007));
#1473= IFCCARTESIANPOINT((-19.4999999999931,-2.27073839307663,154.729525655007));
#1475= IFCCARTESIANPOINT((-20.4983720109015,1.84882579079559E-8,155.786563605834));
#1477= IFCCARTESIANPOINT((-19.4999999999931,2.27074064065741,154.729525655007));
#1479= IFCCARTESIANPOINT((-19.499999999993,-2.2707390555434,156.729525655007));
#1481= IFCCARTESIANPOINT((-18.5016279880588,3.61169392726346E-9,155.672487722135));
#1483= IFCPOLYLOOP((#1313,#1311,#1293));
#1485= IFCFACEOUTERBOUND(#1483,.T.);
#1486= IFCFACE((#1485));
#1488= IFCPOLYLOOP((#1309,#1303,#1305));
#1490= IFCFACEOUTERBOUND(#1488,.T.);
#1491= IFCFACE((#1490));
#1493= IFCPOLYLOOP((#1309,#1305,#1311));
#1495= IFCFACEOUTERBOUND(#1493,.T.);
#1496= IFCFACE((#1495));
#1498= IFCPOLYLOOP((#1301,#1303,#1309));
#1500= IFCFACEOUTERBOUND(#1498,.T.);
#1501= IFCFACE((#1500));
#1503= IFCPOLYLOOP((#1297,#1307,#1309));
#1505= IFCFACEOUTERBOUND(#1503,.T.);
#1506= IFCFACE((#1505));
#1508= IFCPOLYLOOP((#1301,#1309,#1307));
#1510= IFCFACEOUTERBOUND(#1508,.T.);
#1511= IFCFACE((#1510));
#1513= IFCPOLYLOOP((#1297,#1309,#1313));
#1515= IFCFACEOUTERBOUND(#1513,.T.);
#1516= IFCFACE((#1515));
#1518= IFCPOLYLOOP((#1313,#1309,#1311));
#1520= IFCFACEOUTERBOUND(#1518,.T.);
#1521= IFCFACE((#1520));
#1523= IFCPOLYLOOP((#1293,#1295,#1313));
#1525= IFCFACEOUTERBOUND(#1523,.T.);
#1526= IFCFACE((#1525));
#1528= IFCPOLYLOOP((#1299,#1301,#1307));
#1530= IFCFACEOUTERBOUND(#1528,.T.);
#1531= IFCFACE((#1530));
#1533= IFCPOLYLOOP((#1291,#1293,#1311));
#1535= IFCFACEOUTERBOUND(#1533,.T.);
#1536= IFCFACE((#1535));
#1538= IFCPOLYLOOP((#1291,#1321,#1293));
#1540= IFCFACEOUTERBOUND(#1538,.T.);
#1541= IFCFACE((#1540));
#1543= IFCPOLYLOOP((#1315,#1321,#1319));
#1545= IFCFACEOUTERBOUND(#1543,.T.);
#1546= IFCFACE((#1545));
#1548= IFCPOLYLOOP((#1303,#1319,#1317));
#1550= IFCFACEOUTERBOUND(#1548,.T.);
#1551= IFCFACE((#1550));
#1553= IFCPOLYLOOP((#1299,#1315,#1319));
#1555= IFCFACEOUTERBOUND(#1553,.T.);
#1556= IFCFACE((#1555));
#1558= IFCPOLYLOOP((#1295,#1293,#1321));
#1560= IFCFACEOUTERBOUND(#1558,.T.);
#1561= IFCFACE((#1560));
#1563= IFCPOLYLOOP((#1291,#1317,#1321));
#1565= IFCFACEOUTERBOUND(#1563,.T.);
#1566= IFCFACE((#1565));
#1568= IFCPOLYLOOP((#1295,#1321,#1315));
#1570= IFCFACEOUTERBOUND(#1568,.T.);
#1571= IFCFACE((#1570));
#1573= IFCPOLYLOOP((#1301,#1319,#1303));
#1575= IFCFACEOUTERBOUND(#1573,.T.);
#1576= IFCFACE((#1575));
#1578= IFCPOLYLOOP((#1299,#1319,#1301));
#1580= IFCFACEOUTERBOUND(#1578,.T.);
#1581= IFCFACE((#1580));
#1583= IFCPOLYLOOP((#1319,#1321,#1317));
#1585= IFCFACEOUTERBOUND(#1583,.T.);
#1586= IFCFACE((#1585));
#1588= IFCPOLYLOOP((#1333,#1291,#1311,#1305));
#1590= IFCFACEOUTERBOUND(#1588,.T.);
#1591= IFCFACE((#1590));
#1593= IFCPOLYLOOP((#1337,#1327,#1347,#1331));
#1595= IFCFACEOUTERBOUND(#1593,.T.);
#1596= IFCFACE((#1595));
#1598= IFCPOLYLOOP((#1333,#1337,#1331));
#1600= IFCFACEOUTERBOUND(#1598,.T.);
#1601= IFCFACE((#1600));
#1603= IFCPOLYLOOP((#1337,#1333,#1329));
#1605= IFCFACEOUTERBOUND(#1603,.T.);
#1606= IFCFACE((#1605));
#1608= IFCPOLYLOOP((#1333,#1303,#1329));
#1610= IFCFACEOUTERBOUND(#1608,.T.);
#1611= IFCFACE((#1610));
#1613= IFCPOLYLOOP((#1333,#1305,#1303));
#1615= IFCFACEOUTERBOUND(#1613,.T.);
#1616= IFCFACE((#1615));
#1618= IFCPOLYLOOP((#1333,#1331,#1341,#1291));
#1620= IFCFACEOUTERBOUND(#1618,.T.);
#1621= IFCFACE((#1620));
#1623= IFCPOLYLOOP((#1337,#1329,#1343,#1335));
#1625= IFCFACEOUTERBOUND(#1623,.T.);
#1626= IFCFACE((#1625));
#1628= IFCPOLYLOOP((#1335,#1323,#1361,#1325));
#1630= IFCFACEOUTERBOUND(#1628,.T.);
#1631= IFCFACE((#1630));
#1633= IFCPOLYLOOP((#1335,#1325,#1337));
#1635= IFCFACEOUTERBOUND(#1633,.T.);
#1636= IFCFACE((#1635));
#1638= IFCPOLYLOOP((#1337,#1325,#1367,#1327));
#1640= IFCFACEOUTERBOUND(#1638,.T.);
#1641= IFCFACE((#1640));
#1643= IFCPOLYLOOP((#1345,#1303,#1317));
#1645= IFCFACEOUTERBOUND(#1643,.T.);
#1646= IFCFACE((#1645));
#1648= IFCPOLYLOOP((#1349,#1345,#1341));
#1650= IFCFACEOUTERBOUND(#1648,.T.);
#1651= IFCFACE((#1650));
#1653= IFCPOLYLOOP((#1345,#1349,#1343));
#1655= IFCFACEOUTERBOUND(#1653,.T.);
#1656= IFCFACE((#1655));
#1658= IFCPOLYLOOP((#1347,#1339,#1349));
#1660= IFCFACEOUTERBOUND(#1658,.T.);
#1661= IFCFACE((#1660));
#1663= IFCPOLYLOOP((#1345,#1291,#1341));
#1665= IFCFACEOUTERBOUND(#1663,.T.);
#1666= IFCFACE((#1665));
#1668= IFCPOLYLOOP((#1345,#1317,#1291));
#1670= IFCFACEOUTERBOUND(#1668,.T.);
#1671= IFCFACE((#1670));
#1673= IFCPOLYLOOP((#1339,#1347,#1327));
#1675= IFCFACEOUTERBOUND(#1673,.T.);
#1676= IFCFACE((#1675));
#1678= IFCPOLYLOOP((#1345,#1343,#1329,#1303));
#1680= IFCFACEOUTERBOUND(#1678,.T.);
#1681= IFCFACE((#1680));
#1683= IFCPOLYLOOP((#1349,#1323,#1335,#1343));
#1685= IFCFACEOUTERBOUND(#1683,.T.);
#1686= IFCFACE((#1685));
#1688= IFCPOLYLOOP((#1349,#1341,#1331,#1347));
#1690= IFCFACEOUTERBOUND(#1688,.T.);
#1691= IFCFACE((#1690));
#1693= IFCPOLYLOOP((#1323,#1349,#1339));
#1695= IFCFACEOUTERBOUND(#1693,.T.);
#1696= IFCFACE((#1695));
#1698= IFCPOLYLOOP((#1367,#1365,#1353));
#1700= IFCFACEOUTERBOUND(#1698,.T.);
#1701= IFCFACE((#1700));
#1703= IFCPOLYLOOP((#1363,#1357,#1359));
#1705= IFCFACEOUTERBOUND(#1703,.T.);
#1706= IFCFACE((#1705));
#1708= IFCPOLYLOOP((#1363,#1359,#1365));
#1710= IFCFACEOUTERBOUND(#1708,.T.);
#1711= IFCFACE((#1710));
#1713= IFCPOLYLOOP((#1355,#1357,#1363));
#1715= IFCFACEOUTERBOUND(#1713,.T.);
#1716= IFCFACE((#1715));
#1718= IFCPOLYLOOP((#1325,#1361,#1363));
#1720= IFCFACEOUTERBOUND(#1718,.T.);
#1721= IFCFACE((#1720));
#1723= IFCPOLYLOOP((#1355,#1363,#1361));
#1725= IFCFACEOUTERBOUND(#1723,.T.);
#1726= IFCFACE((#1725));
#1728= IFCPOLYLOOP((#1325,#1363,#1367));
#1730= IFCFACEOUTERBOUND(#1728,.T.);
#1731= IFCFACE((#1730));
#1733= IFCPOLYLOOP((#1367,#1363,#1365));
#1735= IFCFACEOUTERBOUND(#1733,.T.);
#1736= IFCFACE((#1735));
#1738= IFCPOLYLOOP((#1353,#1327,#1367));
#1740= IFCFACEOUTERBOUND(#1738,.T.);
#1741= IFCFACE((#1740));
#1743= IFCPOLYLOOP((#1323,#1355,#1361));
#1745= IFCFACEOUTERBOUND(#1743,.T.);
#1746= IFCFACE((#1745));
#1748= IFCPOLYLOOP((#1351,#1353,#1365));
#1750= IFCFACEOUTERBOUND(#1748,.T.);
#1751= IFCFACE((#1750));
#1753= IFCPOLYLOOP((#1351,#1373,#1353));
#1755= IFCFACEOUTERBOUND(#1753,.T.);
#1756= IFCFACE((#1755));
#1758= IFCPOLYLOOP((#1339,#1373,#1371));
#1760= IFCFACEOUTERBOUND(#1758,.T.);
#1761= IFCFACE((#1760));
#1763= IFCPOLYLOOP((#1357,#1371,#1369));
#1765= IFCFACEOUTERBOUND(#1763,.T.);
#1766= IFCFACE((#1765));
#1768= IFCPOLYLOOP((#1323,#1339,#1371));
#1770= IFCFACEOUTERBOUND(#1768,.T.);
#1771= IFCFACE((#1770));
#1773= IFCPOLYLOOP((#1327,#1353,#1373));
#1775= IFCFACEOUTERBOUND(#1773,.T.);
#1776= IFCFACE((#1775));
#1778= IFCPOLYLOOP((#1351,#1369,#1373));
#1780= IFCFACEOUTERBOUND(#1778,.T.);
#1781= IFCFACE((#1780));
#1783= IFCPOLYLOOP((#1327,#1373,#1339));
#1785= IFCFACEOUTERBOUND(#1783,.T.);
#1786= IFCFACE((#1785));
#1788= IFCPOLYLOOP((#1355,#1371,#1357));
#1790= IFCFACEOUTERBOUND(#1788,.T.);
#1791= IFCFACE((#1790));
#1793= IFCPOLYLOOP((#1323,#1371,#1355));
#1795= IFCFACEOUTERBOUND(#1793,.T.);
#1796= IFCFACE((#1795));
#1798= IFCPOLYLOOP((#1371,#1373,#1369));
#1800= IFCFACEOUTERBOUND(#1798,.T.);
#1801= IFCFACE((#1800));
#1803= IFCPOLYLOOP((#1385,#1379,#1389,#1383));
#1805= IFCFACEOUTERBOUND(#1803,.T.);
#1806= IFCFACE((#1805));
#1808= IFCPOLYLOOP((#1385,#1381,#1377));
#1810= IFCFACEOUTERBOUND(#1808,.T.);
#1811= IFCFACE((#1810));
#1813= IFCPOLYLOOP((#1385,#1377,#1411,#1379));
#1815= IFCFACEOUTERBOUND(#1813,.T.);
#1816= IFCFACE((#1815));
#1818= IFCPOLYLOOP((#1385,#1357,#1391,#1381));
#1820= IFCFACEOUTERBOUND(#1818,.T.);
#1821= IFCFACE((#1820));
#1823= IFCPOLYLOOP((#1383,#1359,#1385));
#1825= IFCFACEOUTERBOUND(#1823,.T.);
#1826= IFCFACE((#1825));
#1828= IFCPOLYLOOP((#1357,#1385,#1359));
#1830= IFCFACEOUTERBOUND(#1828,.T.);
#1831= IFCFACE((#1830));
#1833= IFCPOLYLOOP((#1383,#1351,#1365,#1359));
#1835= IFCFACEOUTERBOUND(#1833,.T.);
#1836= IFCFACE((#1835));
#1838= IFCPOLYLOOP((#1381,#1375,#1405,#1377));
#1840= IFCFACEOUTERBOUND(#1838,.T.);
#1841= IFCFACE((#1840));
#1843= IFCPOLYLOOP((#1393,#1375,#1381,#1391));
#1845= IFCFACEOUTERBOUND(#1843,.T.);
#1846= IFCFACE((#1845));
#1848= IFCPOLYLOOP((#1393,#1387,#1375));
#1850= IFCFACEOUTERBOUND(#1848,.T.);
#1851= IFCFACE((#1850));
#1853= IFCPOLYLOOP((#1393,#1389,#1387));
#1855= IFCFACEOUTERBOUND(#1853,.T.);
#1856= IFCFACE((#1855));
#1858= IFCPOLYLOOP((#1389,#1379,#1387));
#1860= IFCFACEOUTERBOUND(#1858,.T.);
#1861= IFCFACE((#1860));
#1863= IFCPOLYLOOP((#1393,#1351,#1383,#1389));
#1865= IFCFACEOUTERBOUND(#1863,.T.);
#1866= IFCFACE((#1865));
#1868= IFCPOLYLOOP((#1391,#1369,#1393));
#1870= IFCFACEOUTERBOUND(#1868,.T.);
#1871= IFCFACE((#1870));
#1873= IFCPOLYLOOP((#1351,#1393,#1369));
#1875= IFCFACEOUTERBOUND(#1873,.T.);
#1876= IFCFACE((#1875));
#1878= IFCPOLYLOOP((#1391,#1357,#1369));
#1880= IFCFACEOUTERBOUND(#1878,.T.);
#1881= IFCFACE((#1880));
#1883= IFCPOLYLOOP((#1411,#1409,#1397));
#1885= IFCFACEOUTERBOUND(#1883,.T.);
#1886= IFCFACE((#1885));
#1888= IFCPOLYLOOP((#1407,#1401,#1403));
#1890= IFCFACEOUTERBOUND(#1888,.T.);
#1891= IFCFACE((#1890));
#1893= IFCPOLYLOOP((#1407,#1403,#1409));
#1895= IFCFACEOUTERBOUND(#1893,.T.);
#1896= IFCFACE((#1895));
#1898= IFCPOLYLOOP((#1399,#1401,#1407));
#1900= IFCFACEOUTERBOUND(#1898,.T.);
#1901= IFCFACE((#1900));
#1903= IFCPOLYLOOP((#1377,#1405,#1407));
#1905= IFCFACEOUTERBOUND(#1903,.T.);
#1906= IFCFACE((#1905));
#1908= IFCPOLYLOOP((#1399,#1407,#1405));
#1910= IFCFACEOUTERBOUND(#1908,.T.);
#1911= IFCFACE((#1910));
#1913= IFCPOLYLOOP((#1377,#1407,#1411));
#1915= IFCFACEOUTERBOUND(#1913,.T.);
#1916= IFCFACE((#1915));
#1918= IFCPOLYLOOP((#1411,#1407,#1409));
#1920= IFCFACEOUTERBOUND(#1918,.T.);
#1921= IFCFACE((#1920));
#1923= IFCPOLYLOOP((#1397,#1379,#1411));
#1925= IFCFACEOUTERBOUND(#1923,.T.);
#1926= IFCFACE((#1925));
#1928= IFCPOLYLOOP((#1375,#1399,#1405));
#1930= IFCFACEOUTERBOUND(#1928,.T.);
#1931= IFCFACE((#1930));
#1933= IFCPOLYLOOP((#1395,#1397,#1409));
#1935= IFCFACEOUTERBOUND(#1933,.T.);
#1936= IFCFACE((#1935));
#1938= IFCPOLYLOOP((#1395,#1417,#1397));
#1940= IFCFACEOUTERBOUND(#1938,.T.);
#1941= IFCFACE((#1940));
#1943= IFCPOLYLOOP((#1387,#1417,#1415));
#1945= IFCFACEOUTERBOUND(#1943,.T.);
#1946= IFCFACE((#1945));
#1948= IFCPOLYLOOP((#1401,#1415,#1413));
#1950= IFCFACEOUTERBOUND(#1948,.T.);
#1951= IFCFACE((#1950));
#1953= IFCPOLYLOOP((#1375,#1387,#1415));
#1955= IFCFACEOUTERBOUND(#1953,.T.);
#1956= IFCFACE((#1955));
#1958= IFCPOLYLOOP((#1379,#1397,#1417));
#1960= IFCFACEOUTERBOUND(#1958,.T.);
#1961= IFCFACE((#1960));
#1963= IFCPOLYLOOP((#1395,#1413,#1417));
#1965= IFCFACEOUTERBOUND(#1963,.T.);
#1966= IFCFACE((#1965));
#1968= IFCPOLYLOOP((#1379,#1417,#1387));
#1970= IFCFACEOUTERBOUND(#1968,.T.);
#1971= IFCFACE((#1970));
#1973= IFCPOLYLOOP((#1399,#1415,#1401));
#1975= IFCFACEOUTERBOUND(#1973,.T.);
#1976= IFCFACE((#1975));
#1978= IFCPOLYLOOP((#1375,#1415,#1399));
#1980= IFCFACEOUTERBOUND(#1978,.T.);
#1981= IFCFACE((#1980));
#1983= IFCPOLYLOOP((#1415,#1417,#1413));
#1985= IFCFACEOUTERBOUND(#1983,.T.);
#1986= IFCFACE((#1985));
#1988= IFCPOLYLOOP((#1429,#1395,#1409,#1403));
#1990= IFCFACEOUTERBOUND(#1988,.T.);
#1991= IFCFACE((#1990));
#1993= IFCPOLYLOOP((#1433,#1423,#1443,#1427));
#1995= IFCFACEOUTERBOUND(#1993,.T.);
#1996= IFCFACE((#1995));
#1998= IFCPOLYLOOP((#1429,#1433,#1427));
#2000= IFCFACEOUTERBOUND(#1998,.T.);
#2001= IFCFACE((#2000));
#2003= IFCPOLYLOOP((#1433,#1429,#1425));
#2005= IFCFACEOUTERBOUND(#2003,.T.);
#2006= IFCFACE((#2005));
#2008= IFCPOLYLOOP((#1429,#1401,#1425));
#2010= IFCFACEOUTERBOUND(#2008,.T.);
#2011= IFCFACE((#2010));
#2013= IFCPOLYLOOP((#1429,#1403,#1401));
#2015= IFCFACEOUTERBOUND(#2013,.T.);
#2016= IFCFACE((#2015));
#2018= IFCPOLYLOOP((#1429,#1427,#1437,#1395));
#2020= IFCFACEOUTERBOUND(#2018,.T.);
#2021= IFCFACE((#2020));
#2023= IFCPOLYLOOP((#1433,#1425,#1439,#1431));
#2025= IFCFACEOUTERBOUND(#2023,.T.);
#2026= IFCFACE((#2025));
#2028= IFCPOLYLOOP((#1431,#1419,#1457,#1421));
#2030= IFCFACEOUTERBOUND(#2028,.T.);
#2031= IFCFACE((#2030));
#2033= IFCPOLYLOOP((#1431,#1421,#1433));
#2035= IFCFACEOUTERBOUND(#2033,.T.);
#2036= IFCFACE((#2035));
#2038= IFCPOLYLOOP((#1433,#1421,#1463,#1423));
#2040= IFCFACEOUTERBOUND(#2038,.T.);
#2041= IFCFACE((#2040));
#2043= IFCPOLYLOOP((#1441,#1401,#1413));
#2045= IFCFACEOUTERBOUND(#2043,.T.);
#2046= IFCFACE((#2045));
#2048= IFCPOLYLOOP((#1445,#1419,#1431,#1439));
#2050= IFCFACEOUTERBOUND(#2048,.T.);
#2051= IFCFACE((#2050));
#2053= IFCPOLYLOOP((#1441,#1445,#1439));
#2055= IFCFACEOUTERBOUND(#2053,.T.);
#2056= IFCFACE((#2055));
#2058= IFCPOLYLOOP((#1445,#1441,#1437));
#2060= IFCFACEOUTERBOUND(#2058,.T.);
#2061= IFCFACE((#2060));
#2063= IFCPOLYLOOP((#1441,#1395,#1437));
#2065= IFCFACEOUTERBOUND(#2063,.T.);
#2066= IFCFACE((#2065));
#2068= IFCPOLYLOOP((#1441,#1413,#1395));
#2070= IFCFACEOUTERBOUND(#2068,.T.);
#2071= IFCFACE((#2070));
#2073= IFCPOLYLOOP((#1441,#1439,#1425,#1401));
#2075= IFCFACEOUTERBOUND(#2073,.T.);
#2076= IFCFACE((#2075));
#2078= IFCPOLYLOOP((#1445,#1437,#1427,#1443));
#2080= IFCFACEOUTERBOUND(#2078,.T.);
#2081= IFCFACE((#2080));
#2083= IFCPOLYLOOP((#1435,#1443,#1423));
#2085= IFCFACEOUTERBOUND(#2083,.T.);
#2086= IFCFACE((#2085));
#2088= IFCPOLYLOOP((#1443,#1435,#1445));
#2090= IFCFACEOUTERBOUND(#2088,.T.);
#2091= IFCFACE((#2090));
#2093= IFCPOLYLOOP((#1419,#1445,#1435));
#2095= IFCFACEOUTERBOUND(#2093,.T.);
#2096= IFCFACE((#2095));
#2098= IFCPOLYLOOP((#1463,#1461,#1449));
#2100= IFCFACEOUTERBOUND(#2098,.T.);
#2101= IFCFACE((#2100));
#2103= IFCPOLYLOOP((#1459,#1453,#1455));
#2105= IFCFACEOUTERBOUND(#2103,.T.);
#2106= IFCFACE((#2105));
#2108= IFCPOLYLOOP((#1459,#1455,#1461));
#2110= IFCFACEOUTERBOUND(#2108,.T.);
#2111= IFCFACE((#2110));
#2113= IFCPOLYLOOP((#1451,#1453,#1459));
#2115= IFCFACEOUTERBOUND(#2113,.T.);
#2116= IFCFACE((#2115));
#2118= IFCPOLYLOOP((#1421,#1457,#1459));
#2120= IFCFACEOUTERBOUND(#2118,.T.);
#2121= IFCFACE((#2120));
#2123= IFCPOLYLOOP((#1451,#1459,#1457));
#2125= IFCFACEOUTERBOUND(#2123,.T.);
#2126= IFCFACE((#2125));
#2128= IFCPOLYLOOP((#1421,#1459,#1463));
#2130= IFCFACEOUTERBOUND(#2128,.T.);
#2131= IFCFACE((#2130));
#2133= IFCPOLYLOOP((#1463,#1459,#1461));
#2135= IFCFACEOUTERBOUND(#2133,.T.);
#2136= IFCFACE((#2135));
#2138= IFCPOLYLOOP((#1449,#1423,#1463));
#2140= IFCFACEOUTERBOUND(#2138,.T.);
#2141= IFCFACE((#2140));
#2143= IFCPOLYLOOP((#1419,#1451,#1457));
#2145= IFCFACEOUTERBOUND(#2143,.T.);
#2146= IFCFACE((#2145));
#2148= IFCPOLYLOOP((#1447,#1449,#1461));
#2150= IFCFACEOUTERBOUND(#2148,.T.);
#2151= IFCFACE((#2150));
#2153= IFCPOLYLOOP((#1447,#1469,#1449));
#2155= IFCFACEOUTERBOUND(#2153,.T.);
#2156= IFCFACE((#2155));
#2158= IFCPOLYLOOP((#1435,#1469,#1467));
#2160= IFCFACEOUTERBOUND(#2158,.T.);
#2161= IFCFACE((#2160));
#2163= IFCPOLYLOOP((#1453,#1467,#1465));
#2165= IFCFACEOUTERBOUND(#2163,.T.);
#2166= IFCFACE((#2165));
#2168= IFCPOLYLOOP((#1419,#1435,#1467));
#2170= IFCFACEOUTERBOUND(#2168,.T.);
#2171= IFCFACE((#2170));
#2173= IFCPOLYLOOP((#1423,#1449,#1469));
#2175= IFCFACEOUTERBOUND(#2173,.T.);
#2176= IFCFACE((#2175));
#2178= IFCPOLYLOOP((#1447,#1465,#1469));
#2180= IFCFACEOUTERBOUND(#2178,.T.);
#2181= IFCFACE((#2180));
#2183= IFCPOLYLOOP((#1423,#1469,#1435));
#2185= IFCFACEOUTERBOUND(#2183,.T.);
#2186= IFCFACE((#2185));
#2188= IFCPOLYLOOP((#1451,#1467,#1453));
#2190= IFCFACEOUTERBOUND(#2188,.T.);
#2191= IFCFACE((#2190));
#2193= IFCPOLYLOOP((#1419,#1467,#1451));
#2195= IFCFACEOUTERBOUND(#2193,.T.);
#2196= IFCFACE((#2195));
#2198= IFCPOLYLOOP((#1467,#1469,#1465));
#2200= IFCFACEOUTERBOUND(#2198,.T.);
#2201= IFCFACE((#2200));
#2203= IFCPOLYLOOP((#1475,#1295,#1477,#1473));
#2205= IFCFACEOUTERBOUND(#2203,.T.);
#2206= IFCFACE((#2205));
#2208= IFCPOLYLOOP((#1475,#1471,#1297));
#2210= IFCFACEOUTERBOUND(#2208,.T.);
#2211= IFCFACE((#2210));
#2213= IFCPOLYLOOP((#1475,#1297,#1313,#1295));
#2215= IFCFACEOUTERBOUND(#2213,.T.);
#2216= IFCFACE((#2215));
#2218= IFCPOLYLOOP((#1475,#1453,#1479,#1471));
#2220= IFCFACEOUTERBOUND(#2218,.T.);
#2221= IFCFACE((#2220));
#2223= IFCPOLYLOOP((#1473,#1455,#1475));
#2225= IFCFACEOUTERBOUND(#2223,.T.);
#2226= IFCFACE((#2225));
#2228= IFCPOLYLOOP((#1453,#1475,#1455));
#2230= IFCFACEOUTERBOUND(#2228,.T.);
#2231= IFCFACE((#2230));
#2233= IFCPOLYLOOP((#1473,#1447,#1461,#1455));
#2235= IFCFACEOUTERBOUND(#2233,.T.);
#2236= IFCFACE((#2235));
#2238= IFCPOLYLOOP((#1471,#1299,#1307,#1297));
#2240= IFCFACEOUTERBOUND(#2238,.T.);
#2241= IFCFACE((#2240));
#2243= IFCPOLYLOOP((#1481,#1299,#1471,#1479));
#2245= IFCFACEOUTERBOUND(#2243,.T.);
#2246= IFCFACE((#2245));
#2248= IFCPOLYLOOP((#1481,#1477,#1315));
#2250= IFCFACEOUTERBOUND(#2248,.T.);
#2251= IFCFACE((#2250));
#2253= IFCPOLYLOOP((#1481,#1315,#1299));
#2255= IFCFACEOUTERBOUND(#2253,.T.);
#2256= IFCFACE((#2255));
#2258= IFCPOLYLOOP((#1481,#1447,#1473,#1477));
#2260= IFCFACEOUTERBOUND(#2258,.T.);
#2261= IFCFACE((#2260));
#2263= IFCPOLYLOOP((#1479,#1465,#1481));
#2265= IFCFACEOUTERBOUND(#2263,.T.);
#2266= IFCFACE((#2265));
#2268= IFCPOLYLOOP((#1447,#1481,#1465));
#2270= IFCFACEOUTERBOUND(#2268,.T.);
#2271= IFCFACE((#2270));
#2273= IFCPOLYLOOP((#1479,#1453,#1465));
#2275= IFCFACEOUTERBOUND(#2273,.T.);
#2276= IFCFACE((#2275));
#2278= IFCPOLYLOOP((#1477,#1295,#1315));
#2280= IFCFACEOUTERBOUND(#2278,.T.);
#2281= IFCFACE((#2280));
#2283= IFCCARTESIANPOINT((-17.4999999999816,0.,17.));
#2285= IFCCARTESIANPOINT((-16.9037019600403,-4.52933328931932,17.));
#2287= IFCCARTESIANPOINT((-15.1554445662093,-8.75000000002524,17.));
#2289= IFCCARTESIANPOINT((-12.3743686707462,-12.3743686707899,17.));
#2291= IFCCARTESIANPOINT((-8.74999999998158,-15.155444566253,17.));
#2293= IFCCARTESIANPOINT((-4.52933328927568,-16.903701960084,17.));
#2295= IFCCARTESIANPOINT((0.,-17.5000000000254,17.));
#2297= IFCCARTESIANPOINT((4.52933328931261,-16.9037019600841,17.));
#2299= IFCCARTESIANPOINT((8.75000000001853,-15.1554445662531,17.));
#2301= IFCCARTESIANPOINT((12.3743686707832,-12.37436867079,17.));
#2303= IFCCARTESIANPOINT((15.1554445662463,-8.75000000002539,17.));
#2305= IFCCARTESIANPOINT((16.9037019600773,-4.52933328931948,17.));
#2307= IFCCARTESIANPOINT((17.5000000000187,0.,17.));
#2309= IFCCARTESIANPOINT((16.9037019600774,4.52933328926891,17.));
#2311= IFCCARTESIANPOINT((15.1554445662463,8.74999999997483,17.));
#2313= IFCCARTESIANPOINT((12.3743686707832,12.3743686707394,17.));
#2315= IFCCARTESIANPOINT((8.75000000001863,15.1554445662026,17.));
#2317= IFCCARTESIANPOINT((4.52933328931271,16.9037019600336,17.));
#2319= IFCCARTESIANPOINT((0.,17.4999999999749,17.));
#2321= IFCCARTESIANPOINT((-4.52933328927558,16.9037019600336,17.));
#2323= IFCCARTESIANPOINT((-8.7499999999815,15.1554445662026,17.));
#2325= IFCCARTESIANPOINT((-12.3743686707461,12.3743686707395,17.));
#2327= IFCCARTESIANPOINT((-15.1554445662092,8.74999999997488,17.));
#2329= IFCCARTESIANPOINT((-16.9037019600403,4.52933328926897,17.));
#2331= IFCCARTESIANPOINT((-17.4999999999816,0.,8.49999999999828));
#2333= IFCCARTESIANPOINT((-16.9037019600403,4.52933328926897,8.49999999999828));
#2335= IFCCARTESIANPOINT((-15.1554445662092,8.74999999997488,8.49999999999828));
#2337= IFCCARTESIANPOINT((-12.3743686707461,12.3743686707395,8.49999999999828));
#2339= IFCCARTESIANPOINT((-8.7499999999815,15.1554445662026,8.49999999999828));
#2341= IFCCARTESIANPOINT((-4.52933328927558,16.9037019600336,8.49999999999828));
#2343= IFCCARTESIANPOINT((0.,17.4999999999749,8.49999999999828));
#2345= IFCCARTESIANPOINT((4.52933328931271,16.9037019600336,8.49999999999828));
#2347= IFCCARTESIANPOINT((8.75000000001863,15.1554445662026,8.49999999999828));
#2349= IFCCARTESIANPOINT((12.3743686707832,12.3743686707394,8.49999999999828));
#2351= IFCCARTESIANPOINT((15.1554445662463,8.74999999997483,8.49999999999828));
#2353= IFCCARTESIANPOINT((16.9037019600774,4.52933328926891,8.49999999999828));
#2355= IFCCARTESIANPOINT((17.5000000000187,0.,8.49999999999828));
#2357= IFCCARTESIANPOINT((16.9037019600773,-4.52933328931948,8.49999999999828));
#2359= IFCCARTESIANPOINT((15.1554445662463,-8.75000000002539,8.49999999999828));
#2361= IFCCARTESIANPOINT((12.3743686707832,-12.37436867079,8.49999999999828));
#2363= IFCCARTESIANPOINT((8.75000000001853,-15.1554445662531,8.49999999999828));
#2365= IFCCARTESIANPOINT((4.52933328931261,-16.9037019600841,8.49999999999828));
#2367= IFCCARTESIANPOINT((0.,-17.5000000000254,8.49999999999828));
#2369= IFCCARTESIANPOINT((-4.52933328927568,-16.903701960084,8.49999999999828));
#2371= IFCCARTESIANPOINT((-8.74999999998158,-15.155444566253,8.49999999999828));
#2373= IFCCARTESIANPOINT((-12.3743686707462,-12.3743686707899,8.49999999999828));
#2375= IFCCARTESIANPOINT((-15.1554445662093,-8.75000000002524,8.49999999999828));
#2377= IFCCARTESIANPOINT((-16.9037019600403,-4.52933328931932,8.49999999999828));
#2379= IFCPOLYLOOP((#2299,#2301,#2303,#2305,#2307,#2309,#2311,#2313,#2315,#2317,#2319,#2321,#2323,#2325,#2327,#2329,#2283,#2285,#2287,#2289,#2291,#2293,#2295,#2297));
#2381= IFCFACEOUTERBOUND(#2379,.T.);
#2382= IFCFACE((#2381));
#2384= IFCPOLYLOOP((#2353,#2355,#2357,#2359,#2361,#2363,#2365,#2367,#2369,#2371,#2373,#2375,#2377,#2331,#2333,#2335,#2337,#2339,#2341,#2343,#2345,#2347,#2349,#2351));
#2386= IFCFACEOUTERBOUND(#2384,.T.);
#2387= IFCFACE((#2386));
#2389= IFCPOLYLOOP((#2377,#2285,#2283,#2331));
#2391= IFCFACEOUTERBOUND(#2389,.T.);
#2392= IFCFACE((#2391));
#2394= IFCPOLYLOOP((#2375,#2287,#2285,#2377));
#2396= IFCFACEOUTERBOUND(#2394,.T.);
#2397= IFCFACE((#2396));
#2399= IFCPOLYLOOP((#2291,#2289,#2373,#2371));
#2401= IFCFACEOUTERBOUND(#2399,.T.);
#2402= IFCFACE((#2401));
#2404= IFCPOLYLOOP((#2375,#2373,#2289,#2287));
#2406= IFCFACEOUTERBOUND(#2404,.T.);
#2407= IFCFACE((#2406));
#2409= IFCPOLYLOOP((#2293,#2291,#2371,#2369));
#2411= IFCFACEOUTERBOUND(#2409,.T.);
#2412= IFCFACE((#2411));
#2414= IFCPOLYLOOP((#2295,#2293,#2369,#2367));
#2416= IFCFACEOUTERBOUND(#2414,.T.);
#2417= IFCFACE((#2416));
#2419= IFCPOLYLOOP((#2365,#2297,#2295,#2367));
#2421= IFCFACEOUTERBOUND(#2419,.T.);
#2422= IFCFACE((#2421));
#2424= IFCPOLYLOOP((#2363,#2299,#2297,#2365));
#2426= IFCFACEOUTERBOUND(#2424,.T.);
#2427= IFCFACE((#2426));
#2429= IFCPOLYLOOP((#2303,#2301,#2361,#2359));
#2431= IFCFACEOUTERBOUND(#2429,.T.);
#2432= IFCFACE((#2431));
#2434= IFCPOLYLOOP((#2363,#2361,#2301,#2299));
#2436= IFCFACEOUTERBOUND(#2434,.T.);
#2437= IFCFACE((#2436));
#2439= IFCPOLYLOOP((#2305,#2303,#2359,#2357));
#2441= IFCFACEOUTERBOUND(#2439,.T.);
#2442= IFCFACE((#2441));
#2444= IFCPOLYLOOP((#2307,#2305,#2357,#2355));
#2446= IFCFACEOUTERBOUND(#2444,.T.);
#2447= IFCFACE((#2446));
#2449= IFCPOLYLOOP((#2353,#2309,#2307,#2355));
#2451= IFCFACEOUTERBOUND(#2449,.T.);
#2452= IFCFACE((#2451));
#2454= IFCPOLYLOOP((#2351,#2311,#2309,#2353));
#2456= IFCFACEOUTERBOUND(#2454,.T.);
#2457= IFCFACE((#2456));
#2459= IFCPOLYLOOP((#2315,#2313,#2349,#2347));
#2461= IFCFACEOUTERBOUND(#2459,.T.);
#2462= IFCFACE((#2461));
#2464= IFCPOLYLOOP((#2351,#2349,#2313,#2311));
#2466= IFCFACEOUTERBOUND(#2464,.T.);
#2467= IFCFACE((#2466));
#2469= IFCPOLYLOOP((#2317,#2315,#2347,#2345));
#2471= IFCFACEOUTERBOUND(#2469,.T.);
#2472= IFCFACE((#2471));
#2474= IFCPOLYLOOP((#2319,#2317,#2345,#2343));
#2476= IFCFACEOUTERBOUND(#2474,.T.);
#2477= IFCFACE((#2476));
#2479= IFCPOLYLOOP((#2341,#2321,#2319,#2343));
#2481= IFCFACEOUTERBOUND(#2479,.T.);
#2482= IFCFACE((#2481));
#2484= IFCPOLYLOOP((#2339,#2323,#2321,#2341));
#2486= IFCFACEOUTERBOUND(#2484,.T.);
#2487= IFCFACE((#2486));
#2489= IFCPOLYLOOP((#2327,#2325,#2337,#2335));
#2491= IFCFACEOUTERBOUND(#2489,.T.);
#2492= IFCFACE((#2491));
#2494= IFCPOLYLOOP((#2339,#2337,#2325,#2323));
#2496= IFCFACEOUTERBOUND(#2494,.T.);
#2497= IFCFACE((#2496));
#2499= IFCPOLYLOOP((#2329,#2327,#2335,#2333));
#2501= IFCFACEOUTERBOUND(#2499,.T.);
#2502= IFCFACE((#2501));
#2504= IFCPOLYLOOP((#2283,#2329,#2333,#2331));
#2506= IFCFACEOUTERBOUND(#2504,.T.);
#2507= IFCFACE((#2506));
#2509= IFCCARTESIANPOINT((-35.,0.,8.49999999999812));
#2511= IFCCARTESIANPOINT((-33.8074039200988,-9.05866657861332,8.49999999999812));
#2513= IFCCARTESIANPOINT((-30.3108891324368,-17.5000000000251,8.49999999999812));
#2515= IFCCARTESIANPOINT((-24.7487373415107,-24.7487373415543,8.49999999999812));
#2517= IFCCARTESIANPOINT((-17.4999999999816,-30.3108891324805,8.49999999999812));
#2519= IFCCARTESIANPOINT((-9.05866657856982,-33.8074039201425,8.49999999999812));
#2521= IFCCARTESIANPOINT((0.,-35.,8.49999999999812));
#2523= IFCCARTESIANPOINT((9.05866657860659,-33.8074039201426,8.49999999999812));
#2525= IFCCARTESIANPOINT((17.5000000000184,-30.3108891324806,8.49999999999812));
#2527= IFCCARTESIANPOINT((24.7487373415475,-24.7487373415545,8.49999999999812));
#2529= IFCCARTESIANPOINT((30.3108891324738,-17.5000000000254,8.49999999999812));
#2531= IFCCARTESIANPOINT((33.8074039201358,-9.05866657861365,8.49999999999812));
#2533= IFCCARTESIANPOINT((35.,0.,8.49999999999812));
#2535= IFCCARTESIANPOINT((33.8074039201359,9.05866657856298,8.49999999999812));
#2537= IFCCARTESIANPOINT((30.3108891324739,17.4999999999747,8.49999999999812));
#2539= IFCCARTESIANPOINT((24.7487373415477,24.7487373415039,8.49999999999812));
#2541= IFCCARTESIANPOINT((17.5000000000185,30.3108891324301,8.49999999999812));
#2543= IFCCARTESIANPOINT((9.0586665786068,33.8074039200921,8.49999999999812));
#2545= IFCCARTESIANPOINT((0.,35.,8.49999999999812));
#2547= IFCCARTESIANPOINT((-9.05866657856961,33.8074039200921,8.49999999999812));
#2549= IFCCARTESIANPOINT((-17.4999999999814,30.3108891324301,8.49999999999812));
#2551= IFCCARTESIANPOINT((-24.7487373415105,24.748737341504,8.49999999999812));
#2553= IFCCARTESIANPOINT((-30.3108891324367,17.4999999999748,8.49999999999812));
#2555= IFCCARTESIANPOINT((-33.8074039200988,9.05866657856308,8.49999999999812));
#2557= IFCCARTESIANPOINT((-35.,0.,0.));
#2559= IFCCARTESIANPOINT((-33.8074039200988,9.05866657856308,0.));
#2561= IFCCARTESIANPOINT((-30.3108891324367,17.4999999999748,0.));
#2563= IFCCARTESIANPOINT((-24.7487373415105,24.748737341504,0.));
#2565= IFCCARTESIANPOINT((-17.4999999999814,30.3108891324301,0.));
#2567= IFCCARTESIANPOINT((-9.05866657856961,33.8074039200921,0.));
#2569= IFCCARTESIANPOINT((0.,35.,0.));
#2571= IFCCARTESIANPOINT((9.0586665786068,33.8074039200921,0.));
#2573= IFCCARTESIANPOINT((17.5000000000185,30.3108891324301,0.));
#2575= IFCCARTESIANPOINT((24.7487373415477,24.7487373415039,0.));
#2577= IFCCARTESIANPOINT((30.3108891324739,17.4999999999747,0.));
#2579= IFCCARTESIANPOINT((33.8074039201359,9.05866657856298,0.));
#2581= IFCCARTESIANPOINT((35.,0.,0.));
#2583= IFCCARTESIANPOINT((33.8074039201358,-9.05866657861365,0.));
#2585= IFCCARTESIANPOINT((30.3108891324738,-17.5000000000254,0.));
#2587= IFCCARTESIANPOINT((24.7487373415475,-24.7487373415545,0.));
#2589= IFCCARTESIANPOINT((17.5000000000184,-30.3108891324806,0.));
#2591= IFCCARTESIANPOINT((9.05866657860659,-33.8074039201426,0.));
#2593= IFCCARTESIANPOINT((0.,-35.,0.));
#2595= IFCCARTESIANPOINT((-9.05866657856982,-33.8074039201425,0.));
#2597= IFCCARTESIANPOINT((-17.4999999999816,-30.3108891324805,0.));
#2599= IFCCARTESIANPOINT((-24.7487373415107,-24.7487373415543,0.));
#2601= IFCCARTESIANPOINT((-30.3108891324368,-17.5000000000251,0.));
#2603= IFCCARTESIANPOINT((-33.8074039200988,-9.05866657861332,0.));
#2605= IFCPOLYLOOP((#2523,#2525,#2527,#2529,#2531,#2533,#2535,#2537,#2539,#2541,#2543,#2545,#2547,#2549,#2551,#2553,#2555,#2509,#2511,#2513,#2515,#2517,#2519,#2521));
#2607= IFCFACEOUTERBOUND(#2605,.T.);
#2608= IFCFACE((#2607));
#2610= IFCPOLYLOOP((#2569,#2571,#2573,#2575,#2577,#2579,#2581,#2583,#2585,#2587,#2589,#2591,#2593,#2595,#2597,#2599,#2601,#2603,#2557,#2559,#2561,#2563,#2565,#2567));
#2612= IFCFACEOUTERBOUND(#2610,.T.);
#2613= IFCFACE((#2612));
#2615= IFCPOLYLOOP((#2603,#2511,#2509,#2557));
#2617= IFCFACEOUTERBOUND(#2615,.T.);
#2618= IFCFACE((#2617));
#2620= IFCPOLYLOOP((#2601,#2513,#2511,#2603));
#2622= IFCFACEOUTERBOUND(#2620,.T.);
#2623= IFCFACE((#2622));
#2625= IFCPOLYLOOP((#2517,#2515,#2599,#2597));
#2627= IFCFACEOUTERBOUND(#2625,.T.);
#2628= IFCFACE((#2627));
#2630= IFCPOLYLOOP((#2601,#2599,#2515,#2513));
#2632= IFCFACEOUTERBOUND(#2630,.T.);
#2633= IFCFACE((#2632));
#2635= IFCPOLYLOOP((#2519,#2517,#2597,#2595));
#2637= IFCFACEOUTERBOUND(#2635,.T.);
#2638= IFCFACE((#2637));
#2640= IFCPOLYLOOP((#2521,#2519,#2595,#2593));
#2642= IFCFACEOUTERBOUND(#2640,.T.);
#2643= IFCFACE((#2642));
#2645= IFCPOLYLOOP((#2591,#2523,#2521,#2593));
#2647= IFCFACEOUTERBOUND(#2645,.T.);
#2648= IFCFACE((#2647));
#2650= IFCPOLYLOOP((#2589,#2525,#2523,#2591));
#2652= IFCFACEOUTERBOUND(#2650,.T.);
#2653= IFCFACE((#2652));
#2655= IFCPOLYLOOP((#2529,#2527,#2587,#2585));
#2657= IFCFACEOUTERBOUND(#2655,.T.);
#2658= IFCFACE((#2657));
#2660= IFCPOLYLOOP((#2589,#2587,#2527,#2525));
#2662= IFCFACEOUTERBOUND(#2660,.T.);
#2663= IFCFACE((#2662));
#2665= IFCPOLYLOOP((#2531,#2529,#2585,#2583));
#2667= IFCFACEOUTERBOUND(#2665,.T.);
#2668= IFCFACE((#2667));
#2670= IFCPOLYLOOP((#2533,#2531,#2583,#2581));
#2672= IFCFACEOUTERBOUND(#2670,.T.);
#2673= IFCFACE((#2672));
#2675= IFCPOLYLOOP((#2579,#2535,#2533,#2581));
#2677= IFCFACEOUTERBOUND(#2675,.T.);
#2678= IFCFACE((#2677));
#2680= IFCPOLYLOOP((#2577,#2537,#2535,#2579));
#2682= IFCFACEOUTERBOUND(#2680,.T.);
#2683= IFCFACE((#2682));
#2685= IFCPOLYLOOP((#2541,#2539,#2575,#2573));
#2687= IFCFACEOUTERBOUND(#2685,.T.);
#2688= IFCFACE((#2687));
#2690= IFCPOLYLOOP((#2577,#2575,#2539,#2537));
#2692= IFCFACEOUTERBOUND(#2690,.T.);
#2693= IFCFACE((#2692));
#2695= IFCPOLYLOOP((#2543,#2541,#2573,#2571));
#2697= IFCFACEOUTERBOUND(#2695,.T.);
#2698= IFCFACE((#2697));
#2700= IFCPOLYLOOP((#2545,#2543,#2571,#2569));
#2702= IFCFACEOUTERBOUND(#2700,.T.);
#2703= IFCFACE((#2702));
#2705= IFCPOLYLOOP((#2567,#2547,#2545,#2569));
#2707= IFCFACEOUTERBOUND(#2705,.T.);
#2708= IFCFACE((#2707));
#2710= IFCPOLYLOOP((#2565,#2549,#2547,#2567));
#2712= IFCFACEOUTERBOUND(#2710,.T.);
#2713= IFCFACE((#2712));
#2715= IFCPOLYLOOP((#2553,#2551,#2563,#2561));
#2717= IFCFACEOUTERBOUND(#2715,.T.);
#2718= IFCFACE((#2717));
#2720= IFCPOLYLOOP((#2565,#2563,#2551,#2549));
#2722= IFCFACEOUTERBOUND(#2720,.T.);
#2723= IFCFACE((#2722));
#2725= IFCPOLYLOOP((#2555,#2553,#2561,#2559));
#2727= IFCFACEOUTERBOUND(#2725,.T.);
#2728= IFCFACE((#2727));
#2730= IFCPOLYLOOP((#2509,#2555,#2559,#2557));
#2732= IFCFACEOUTERBOUND(#2730,.T.);
#2733= IFCFACE((#2732));
#2735= IFCCARTESIANPOINT((-7.49999999998132,0.,60.2295256550107));
#2737= IFCCARTESIANPOINT((-7.24444369714934,-1.94114283829417,60.2295256550107));
#2739= IFCCARTESIANPOINT((-6.49519052836462,-3.75000000002526,60.2295256550107));
#2741= IFCCARTESIANPOINT((-5.30330085888045,-5.30330085892438,60.2295256550107));
#2743= IFCCARTESIANPOINT((-3.74999999998135,-6.49519052840856,60.2295256550107));
#2745= IFCCARTESIANPOINT((-1.94114283825026,-7.24444369719329,60.2295256550107));
#2747= IFCCARTESIANPOINT((0.,-7.50000000002529,60.2295256550107));
#2749= IFCCARTESIANPOINT((1.94114283828755,-7.24444369719331,60.2295256550107));
#2751= IFCCARTESIANPOINT((3.75000000001865,-6.4951905284086,60.2295256550107));
#2753= IFCCARTESIANPOINT((5.30330085891776,-5.30330085892443,60.2295256550107));
#2755= IFCCARTESIANPOINT((6.49519052840195,-3.75000000002533,60.2295256550107));
#2757= IFCCARTESIANPOINT((7.24444369718668,-1.94114283829424,60.2295256550107));
#2759= IFCCARTESIANPOINT((7.50000000001868,0.,60.2295256550107));
#2761= IFCCARTESIANPOINT((7.24444369718669,1.94114283824362,60.2295256550107));
#2763= IFCCARTESIANPOINT((6.49519052840197,3.74999999997471,60.2295256550107));
#2765= IFCCARTESIANPOINT((5.30330085891779,5.30330085887381,60.2295256550107));
#2767= IFCCARTESIANPOINT((3.75000000001869,6.495190528358,60.2295256550107));
#2769= IFCCARTESIANPOINT((1.94114283828759,7.24444369714272,60.2295256550107));
#2771= IFCCARTESIANPOINT((0.,7.49999999997471,60.2295256550107));
#2773= IFCCARTESIANPOINT((-1.94114283825021,7.24444369714273,60.2295256550107));
#2775= IFCCARTESIANPOINT((-3.74999999998131,6.49519052835801,60.2295256550107));
#2777= IFCCARTESIANPOINT((-5.30330085888041,5.30330085887383,60.2295256550107));
#2779= IFCCARTESIANPOINT((-6.4951905283646,3.74999999997473,60.2295256550107));
#2781= IFCCARTESIANPOINT((-7.24444369714933,1.94114283824364,60.2295256550107));
#2783= IFCCARTESIANPOINT((-7.49999999998132,0.,48.));
#2785= IFCCARTESIANPOINT((-7.24444369714933,1.94114283824364,48.));
#2787= IFCCARTESIANPOINT((-6.4951905283646,3.74999999997473,48.));
#2789= IFCCARTESIANPOINT((-5.30330085888041,5.30330085887383,48.));
#2791= IFCCARTESIANPOINT((-3.74999999998131,6.49519052835801,48.));
#2793= IFCCARTESIANPOINT((-1.94114283825021,7.24444369714273,48.));
#2795= IFCCARTESIANPOINT((0.,7.49999999997471,48.));
#2797= IFCCARTESIANPOINT((1.94114283828759,7.24444369714272,48.));
#2799= IFCCARTESIANPOINT((3.75000000001869,6.495190528358,48.));
#2801= IFCCARTESIANPOINT((5.30330085891779,5.30330085887381,48.));
#2803= IFCCARTESIANPOINT((6.49519052840197,3.74999999997471,48.));
#2805= IFCCARTESIANPOINT((7.24444369718669,1.94114283824362,48.));
#2807= IFCCARTESIANPOINT((7.50000000001868,0.,48.));
#2809= IFCCARTESIANPOINT((7.24444369718668,-1.94114283829424,48.));
#2811= IFCCARTESIANPOINT((6.49519052840195,-3.75000000002533,48.));
#2813= IFCCARTESIANPOINT((5.30330085891776,-5.30330085892443,48.));
#2815= IFCCARTESIANPOINT((3.75000000001865,-6.4951905284086,48.));
#2817= IFCCARTESIANPOINT((1.94114283828755,-7.24444369719331,48.));
#2819= IFCCARTESIANPOINT((0.,-7.50000000002529,48.));
#2821= IFCCARTESIANPOINT((-1.94114283825026,-7.24444369719329,48.));
#2823= IFCCARTESIANPOINT((-3.74999999998135,-6.49519052840856,48.));
#2825= IFCCARTESIANPOINT((-5.30330085888045,-5.30330085892438,48.));
#2827= IFCCARTESIANPOINT((-6.49519052836462,-3.75000000002526,48.));
#2829= IFCCARTESIANPOINT((-7.24444369714934,-1.94114283829417,48.));
#2831= IFCPOLYLOOP((#2751,#2753,#2755,#2757,#2759,#2761,#2763,#2765,#2767,#2769,#2771,#2773,#2775,#2777,#2779,#2781,#2735,#2737,#2739,#2741,#2743,#2745,#2747,#2749));
#2833= IFCFACEOUTERBOUND(#2831,.T.);
#2834= IFCFACE((#2833));
#2836= IFCPOLYLOOP((#2801,#2803,#2805,#2807,#2809,#2811,#2813,#2815,#2817,#2819,#2821,#2823,#2825,#2827,#2829,#2783,#2785,#2787,#2789,#2791,#2793,#2795,#2797,#2799));
#2838= IFCFACEOUTERBOUND(#2836,.T.);
#2839= IFCFACE((#2838));
#2841= IFCPOLYLOOP((#2829,#2737,#2735,#2783));
#2843= IFCFACEOUTERBOUND(#2841,.T.);
#2844= IFCFACE((#2843));
#2846= IFCPOLYLOOP((#2827,#2739,#2737,#2829));
#2848= IFCFACEOUTERBOUND(#2846,.T.);
#2849= IFCFACE((#2848));
#2851= IFCPOLYLOOP((#2743,#2741,#2825,#2823));
#2853= IFCFACEOUTERBOUND(#2851,.T.);
#2854= IFCFACE((#2853));
#2856= IFCPOLYLOOP((#2827,#2825,#2741,#2739));
#2858= IFCFACEOUTERBOUND(#2856,.T.);
#2859= IFCFACE((#2858));
#2861= IFCPOLYLOOP((#2745,#2743,#2823,#2821));
#2863= IFCFACEOUTERBOUND(#2861,.T.);
#2864= IFCFACE((#2863));
#2866= IFCPOLYLOOP((#2747,#2745,#2821,#2819));
#2868= IFCFACEOUTERBOUND(#2866,.T.);
#2869= IFCFACE((#2868));
#2871= IFCPOLYLOOP((#2817,#2749,#2747,#2819));
#2873= IFCFACEOUTERBOUND(#2871,.T.);
#2874= IFCFACE((#2873));
#2876= IFCPOLYLOOP((#2815,#2751,#2749,#2817));
#2878= IFCFACEOUTERBOUND(#2876,.T.);
#2879= IFCFACE((#2878));
#2881= IFCPOLYLOOP((#2755,#2753,#2813,#2811));
#2883= IFCFACEOUTERBOUND(#2881,.T.);
#2884= IFCFACE((#2883));
#2886= IFCPOLYLOOP((#2815,#2813,#2753,#2751));
#2888= IFCFACEOUTERBOUND(#2886,.T.);
#2889= IFCFACE((#2888));
#2891= IFCPOLYLOOP((#2757,#2755,#2811,#2809));
#2893= IFCFACEOUTERBOUND(#2891,.T.);
#2894= IFCFACE((#2893));
#2896= IFCPOLYLOOP((#2759,#2757,#2809,#2807));
#2898= IFCFACEOUTERBOUND(#2896,.T.);
#2899= IFCFACE((#2898));
#2901= IFCPOLYLOOP((#2805,#2761,#2759,#2807));
#2903= IFCFACEOUTERBOUND(#2901,.T.);
#2904= IFCFACE((#2903));
#2906= IFCPOLYLOOP((#2803,#2763,#2761,#2805));
#2908= IFCFACEOUTERBOUND(#2906,.T.);
#2909= IFCFACE((#2908));
#2911= IFCPOLYLOOP((#2767,#2765,#2801,#2799));
#2913= IFCFACEOUTERBOUND(#2911,.T.);
#2914= IFCFACE((#2913));
#2916= IFCPOLYLOOP((#2803,#2801,#2765,#2763));
#2918= IFCFACEOUTERBOUND(#2916,.T.);
#2919= IFCFACE((#2918));
#2921= IFCPOLYLOOP((#2769,#2767,#2799,#2797));
#2923= IFCFACEOUTERBOUND(#2921,.T.);
#2924= IFCFACE((#2923));
#2926= IFCPOLYLOOP((#2771,#2769,#2797,#2795));
#2928= IFCFACEOUTERBOUND(#2926,.T.);
#2929= IFCFACE((#2928));
#2931= IFCPOLYLOOP((#2793,#2773,#2771,#2795));
#2933= IFCFACEOUTERBOUND(#2931,.T.);
#2934= IFCFACE((#2933));
#2936= IFCPOLYLOOP((#2791,#2775,#2773,#2793));
#2938= IFCFACEOUTERBOUND(#2936,.T.);
#2939= IFCFACE((#2938));
#2941= IFCPOLYLOOP((#2779,#2777,#2789,#2787));
#2943= IFCFACEOUTERBOUND(#2941,.T.);
#2944= IFCFACE((#2943));
#2946= IFCPOLYLOOP((#2791,#2789,#2777,#2775));
#2948= IFCFACEOUTERBOUND(#2946,.T.);
#2949= IFCFACE((#2948));
#2951= IFCPOLYLOOP((#2781,#2779,#2787,#2785));
#2953= IFCFACEOUTERBOUND(#2951,.T.);
#2954= IFCFACE((#2953));
#2956= IFCPOLYLOOP((#2735,#2781,#2785,#2783));
#2958= IFCFACEOUTERBOUND(#2956,.T.);
#2959= IFCFACE((#2958));
#2961= IFCCARTESIANPOINT((-11.,0.,48.));
#2963= IFCCARTESIANPOINT((-10.6251840891794,-2.84700949613544,48.));
#2965= IFCCARTESIANPOINT((-9.52627944162855,-5.50000000000763,48.));
#2967= IFCCARTESIANPOINT((-7.77817459305181,-7.77817459305959,48.));
#2969= IFCCARTESIANPOINT((-5.49999999999987,-9.52627944163635,48.));
#2971= IFCCARTESIANPOINT((-2.84700949612769,-10.6251840891873,48.));
#2973= IFCCARTESIANPOINT((0.,-11.,48.));
#2975= IFCCARTESIANPOINT((2.84700949612759,-10.6251840891873,48.));
#2977= IFCCARTESIANPOINT((5.49999999999978,-9.5262794416364,48.));
#2979= IFCCARTESIANPOINT((7.77817459305174,-7.77817459305967,48.));
#2981= IFCCARTESIANPOINT((9.5262794416285,-5.50000000000773,48.));
#2983= IFCCARTESIANPOINT((10.6251840891794,-2.84700949613555,48.));
#2985= IFCCARTESIANPOINT((11.,0.,48.));
#2987= IFCCARTESIANPOINT((10.6251840891794,2.84700949611979,48.));
#2989= IFCCARTESIANPOINT((9.52627944162853,5.49999999999198,48.));
#2991= IFCCARTESIANPOINT((7.77817459305179,7.77817459304393,48.));
#2993= IFCCARTESIANPOINT((5.49999999999984,9.52627944162068,48.));
#2995= IFCCARTESIANPOINT((2.84700949612765,10.6251840891716,48.));
#2997= IFCCARTESIANPOINT((0.,11.,48.));
#2999= IFCCARTESIANPOINT((-2.84700949612762,10.6251840891716,48.));
#3001= IFCCARTESIANPOINT((-5.49999999999981,9.5262794416207,48.));
#3003= IFCCARTESIANPOINT((-7.77817459305176,7.77817459304396,48.));
#3005= IFCCARTESIANPOINT((-9.52627944162851,5.49999999999201,48.));
#3007= IFCCARTESIANPOINT((-10.6251840891794,2.84700949611983,48.));
#3009= IFCCARTESIANPOINT((-11.,0.,17.));
#3011= IFCCARTESIANPOINT((-10.6251840891794,2.84700949611983,17.));
#3013= IFCCARTESIANPOINT((-9.52627944162851,5.49999999999201,17.));
#3015= IFCCARTESIANPOINT((-7.77817459305176,7.77817459304396,17.));
#3017= IFCCARTESIANPOINT((-5.49999999999981,9.5262794416207,17.));
#3019= IFCCARTESIANPOINT((-2.84700949612762,10.6251840891716,17.));
#3021= IFCCARTESIANPOINT((0.,11.,17.));
#3023= IFCCARTESIANPOINT((2.84700949612765,10.6251840891716,17.));
#3025= IFCCARTESIANPOINT((5.49999999999984,9.52627944162068,17.));
#3027= IFCCARTESIANPOINT((7.77817459305179,7.77817459304393,17.));
#3029= IFCCARTESIANPOINT((9.52627944162853,5.49999999999198,17.));
#3031= IFCCARTESIANPOINT((10.6251840891794,2.84700949611979,17.));
#3033= IFCCARTESIANPOINT((11.,0.,17.));
#3035= IFCCARTESIANPOINT((10.6251840891794,-2.84700949613555,17.));
#3037= IFCCARTESIANPOINT((9.5262794416285,-5.50000000000773,17.));
#3039= IFCCARTESIANPOINT((7.77817459305174,-7.77817459305967,17.));
#3041= IFCCARTESIANPOINT((5.49999999999978,-9.5262794416364,17.));
#3043= IFCCARTESIANPOINT((2.84700949612759,-10.6251840891873,17.));
#3045= IFCCARTESIANPOINT((0.,-11.,17.));
#3047= IFCCARTESIANPOINT((-2.84700949612769,-10.6251840891873,17.));
#3049= IFCCARTESIANPOINT((-5.49999999999987,-9.52627944163635,17.));
#3051= IFCCARTESIANPOINT((-7.77817459305181,-7.77817459305959,17.));
#3053= IFCCARTESIANPOINT((-9.52627944162855,-5.50000000000763,17.));
#3055= IFCCARTESIANPOINT((-10.6251840891794,-2.84700949613544,17.));
#3057= IFCPOLYLOOP((#2977,#2979,#2981,#2983,#2985,#2987,#2989,#2991,#2993,#2995,#2997,#2999,#3001,#3003,#3005,#3007,#2961,#2963,#2965,#2967,#2969,#2971,#2973,#2975));
#3059= IFCFACEOUTERBOUND(#3057,.T.);
#3060= IFCFACE((#3059));
#3062= IFCPOLYLOOP((#3021,#3023,#3025,#3027,#3029,#3031,#3033,#3035,#3037,#3039,#3041,#3043,#3045,#3047,#3049,#3051,#3053,#3055,#3009,#3011,#3013,#3015,#3017,#3019));
#3064= IFCFACEOUTERBOUND(#3062,.T.);
#3065= IFCFACE((#3064));
#3067= IFCPOLYLOOP((#3055,#2963,#2961,#3009));
#3069= IFCFACEOUTERBOUND(#3067,.T.);
#3070= IFCFACE((#3069));
#3072= IFCPOLYLOOP((#3053,#2965,#2963,#3055));
#3074= IFCFACEOUTERBOUND(#3072,.T.);
#3075= IFCFACE((#3074));
#3077= IFCPOLYLOOP((#2969,#2967,#3051,#3049));
#3079= IFCFACEOUTERBOUND(#3077,.T.);
#3080= IFCFACE((#3079));
#3082= IFCPOLYLOOP((#3053,#3051,#2967,#2965));
#3084= IFCFACEOUTERBOUND(#3082,.T.);
#3085= IFCFACE((#3084));
#3087= IFCPOLYLOOP((#2971,#2969,#3049,#3047));
#3089= IFCFACEOUTERBOUND(#3087,.T.);
#3090= IFCFACE((#3089));
#3092= IFCPOLYLOOP((#2973,#2971,#3047,#3045));
#3094= IFCFACEOUTERBOUND(#3092,.T.);
#3095= IFCFACE((#3094));
#3097= IFCPOLYLOOP((#3043,#2975,#2973,#3045));
#3099= IFCFACEOUTERBOUND(#3097,.T.);
#3100= IFCFACE((#3099));
#3102= IFCPOLYLOOP((#3041,#2977,#2975,#3043));
#3104= IFCFACEOUTERBOUND(#3102,.T.);
#3105= IFCFACE((#3104));
#3107= IFCPOLYLOOP((#2981,#2979,#3039,#3037));
#3109= IFCFACEOUTERBOUND(#3107,.T.);
#3110= IFCFACE((#3109));
#3112= IFCPOLYLOOP((#3041,#3039,#2979,#2977));
#3114= IFCFACEOUTERBOUND(#3112,.T.);
#3115= IFCFACE((#3114));
#3117= IFCPOLYLOOP((#2983,#2981,#3037,#3035));
#3119= IFCFACEOUTERBOUND(#3117,.T.);
#3120= IFCFACE((#3119));
#3122= IFCPOLYLOOP((#2985,#2983,#3035,#3033));
#3124= IFCFACEOUTERBOUND(#3122,.T.);
#3125= IFCFACE((#3124));
#3127= IFCPOLYLOOP((#3031,#2987,#2985,#3033));
#3129= IFCFACEOUTERBOUND(#3127,.T.);
#3130= IFCFACE((#3129));
#3132= IFCPOLYLOOP((#3029,#2989,#2987,#3031));
#3134= IFCFACEOUTERBOUND(#3132,.T.);
#3135= IFCFACE((#3134));
#3137= IFCPOLYLOOP((#2993,#2991,#3027,#3025));
#3139= IFCFACEOUTERBOUND(#3137,.T.);
#3140= IFCFACE((#3139));
#3142= IFCPOLYLOOP((#3029,#3027,#2991,#2989));
#3144= IFCFACEOUTERBOUND(#3142,.T.);
#3145= IFCFACE((#3144));
#3147= IFCPOLYLOOP((#2995,#2993,#3025,#3023));
#3149= IFCFACEOUTERBOUND(#3147,.T.);
#3150= IFCFACE((#3149));
#3152= IFCPOLYLOOP((#2997,#2995,#3023,#3021));
#3154= IFCFACEOUTERBOUND(#3152,.T.);
#3155= IFCFACE((#3154));
#3157= IFCPOLYLOOP((#3019,#2999,#2997,#3021));
#3159= IFCFACEOUTERBOUND(#3157,.T.);
#3160= IFCFACE((#3159));
#3162= IFCPOLYLOOP((#3017,#3001,#2999,#3019));
#3164= IFCFACEOUTERBOUND(#3162,.T.);
#3165= IFCFACE((#3164));
#3167= IFCPOLYLOOP((#3005,#3003,#3015,#3013));
#3169= IFCFACEOUTERBOUND(#3167,.T.);
#3170= IFCFACE((#3169));
#3172= IFCPOLYLOOP((#3017,#3015,#3003,#3001));
#3174= IFCFACEOUTERBOUND(#3172,.T.);
#3175= IFCFACE((#3174));
#3177= IFCPOLYLOOP((#3007,#3005,#3013,#3011));
#3179= IFCFACEOUTERBOUND(#3177,.T.);
#3180= IFCFACE((#3179));
#3182= IFCPOLYLOOP((#2961,#3007,#3011,#3009));
#3184= IFCFACEOUTERBOUND(#3182,.T.);
#3185= IFCFACE((#3184));
#3187= IFCCLOSEDSHELL((#287,#292,#297,#302,#307,#312,#317,#322,#327,#332,#337,#342,#347,#352,#357,#362,#367,#372,#377,#382,#387,#392,#397,#402,#407,#412,#417,#422,#427,#432,#437,#442,#447,#452,#457,#462,#467,#472,#477,#482,#487,#492,#497,#502,#507,#512,#517,#522,#527,#532,#537,#542,#547,#552,#557,#562,#567,#572,#577,#582,#587,#592,#597,#602,#607,#612,#617,#622,#627,#632,#637,#642,#647));
#3189= IFCFACETEDBREP(#3187);
#3190= IFCCOLOURRGB($,0.,0.,0.);
#3191= IFCSURFACESTYLERENDERING(#3190,0.,$,$,$,$,IFCNORMALISEDRATIOMEASURE(0.5),IFCSPECULAREXPONENT(64.),.NOTDEFINED.);
#3192= IFCSURFACESTYLE('NBS_Paxton10_Metal_Black',.BOTH.,(#3191));
#3194= IFCPRESENTATIONSTYLEASSIGNMENT((#3192));
#3196= IFCSTYLEDITEM(#3189,(#3194),$);
#3199= IFCCLOSEDSHELL((#780,#785,#790,#795,#800,#805,#810,#815,#820,#825,#830,#835,#840,#845,#850,#855,#860,#865,#870,#875,#880,#885,#890,#895,#900,#905,#910,#915,#920,#925,#930,#935,#940,#945));
#3201= IFCFACETEDBREP(#3199);
#3202= IFCSTYLEDITEM(#3201,(#3194),$);
#3205= IFCCLOSEDSHELL((#1046,#1051,#1056,#1061,#1066,#1071,#1076,#1081,#1086,#1091,#1096,#1101,#1106,#1111,#1116,#1121,#1126,#1131,#1136,#1141,#1146,#1151,#1156,#1161,#1166,#1171));
#3207= IFCFACETEDBREP(#3205);
#3208= IFCCOLOURRGB($,1.,1.,1.);
#3209= IFCSURFACESTYLERENDERING(#3208,0.,$,$,$,$,IFCNORMALISEDRATIOMEASURE(0.5),IFCSPECULAREXPONENT(64.),.NOTDEFINED.);
#3210= IFCSURFACESTYLE('NBS_Paxton10_Metal_White',.BOTH.,(#3209));
#3212= IFCPRESENTATIONSTYLEASSIGNMENT((#3210));
#3214= IFCSTYLEDITEM(#3207,(#3212),$);
#3217= IFCCLOSEDSHELL((#1224,#1229,#1234,#1239,#1244,#1249,#1254,#1259,#1264,#1269,#1274,#1279,#1284,#1289));
#3219= IFCFACETEDBREP(#3217);
#3220= IFCSTYLEDITEM(#3219,(#3212),$);
#3223= IFCCLOSEDSHELL((#1486,#1491,#1496,#1501,#1506,#1511,#1516,#1521,#1526,#1531,#1536,#1541,#1546,#1551,#1556,#1561,#1566,#1571,#1576,#1581,#1586,#1591,#1596,#1601,#1606,#1611,#1616,#1621,#1626,#1631,#1636,#1641,#1646,#1651,#1656,#1661,#1666,#1671,#1676,#1681,#1686,#1691,#1696,#1701,#1706,#1711,#1716,#1721,#1726,#1731,#1736,#1741,#1746,#1751,#1756,#1761,#1766,#1771,#1776,#1781,#1786,#1791,#1796,#1801,#1806,#1811,#1816,#1821,#1826,#1831,#1836,#1841,#1846,#1851,#1856,#1861,#1866,#1871,#1876,#1881,#1886,#1891,#1896,#1901,#1906,#1911,#1916,#1921,#1926,#1931,#1936,#1941,#1946,#1951,#1956,#1961,#1966,#1971,#1976,#1981,#1986,#1991,#1996,#2001,#2006,#2011,#2016,#2021,#2026,#2031,#2036,#2041,#2046,#2051,#2056,#2061,#2066,#2071,#2076,#2081,#2086,#2091,#2096,#2101,#2106,#2111,#2116,#2121,#2126,#2131,#2136,#2141,#2146,#2151,#2156,#2161,#2166,#2171,#2176,#2181,#2186,#2191,#2196,#2201,#2206,#2211,#2216,#2221,#2226,#2231,#2236,#2241,#2246,#2251,#2256,#2261,#2266,#2271,#2276,#2281));
#3225= IFCFACETEDBREP(#3223);
#3226= IFCSTYLEDITEM(#3225,(#3194),$);
#3229= IFCCLOSEDSHELL((#2382,#2387,#2392,#2397,#2402,#2407,#2412,#2417,#2422,#2427,#2432,#2437,#2442,#2447,#2452,#2457,#2462,#2467,#2472,#2477,#2482,#2487,#2492,#2497,#2502,#2507));
#3231= IFCFACETEDBREP(#3229);
#3232= IFCSTYLEDITEM(#3231,(#3212),$);
#3235= IFCCLOSEDSHELL((#2608,#2613,#2618,#2623,#2628,#2633,#2638,#2643,#2648,#2653,#2658,#2663,#2668,#2673,#2678,#2683,#2688,#2693,#2698,#2703,#2708,#2713,#2718,#2723,#2728,#2733));
#3237= IFCFACETEDBREP(#3235);
#3238= IFCSTYLEDITEM(#3237,(#3212),$);
#3241= IFCCLOSEDSHELL((#2834,#2839,#2844,#2849,#2854,#2859,#2864,#2869,#2874,#2879,#2884,#2889,#2894,#2899,#2904,#2909,#2914,#2919,#2924,#2929,#2934,#2939,#2944,#2949,#2954,#2959));
#3243= IFCFACETEDBREP(#3241);
#3244= IFCSTYLEDITEM(#3243,(#3212),$);
#3247= IFCCLOSEDSHELL((#3060,#3065,#3070,#3075,#3080,#3085,#3090,#3095,#3100,#3105,#3110,#3115,#3120,#3125,#3130,#3135,#3140,#3145,#3150,#3155,#3160,#3165,#3170,#3175,#3180,#3185));
#3249= IFCFACETEDBREP(#3247);
#3250= IFCSTYLEDITEM(#3249,(#3212),$);
#3253= IFCSHAPEREPRESENTATION(#117,'Body','Brep',(#3189,#3201,#3207,#3219,#3225,#3231,#3237,#3243,#3249));
#3256= IFCAXIS2PLACEMENT3D(#6,$,$);
#3257= IFCREPRESENTATIONMAP(#3256,#3253);
#3259= IFCBUILDINGELEMENTPROXYTYPE('06SaYjb9DASO$$PeIf$Jq9',#41,'NBS_PaxtonAccessLtd_IPBlltCmrs_Paxton10MiniBulletCameraCORESeries:Paxton10MiniBulletCamera\X2\2013\X0\CORESeries',$,$,(#3414,#3446,#3460,#3482),(#3257),'392108',$,.NOTDEFINED.);
#3262= IFCMATERIAL('NBS_Paxton10_Metal_White');
#3265= IFCPRESENTATIONSTYLEASSIGNMENT((#3210));
#3267= IFCSTYLEDITEM($,(#3265),$);
#3269= IFCSTYLEDREPRESENTATION(#112,'Style','Material',(#3267));
#3272= IFCMATERIALDEFINITIONREPRESENTATION($,$,(#3269),#3262);
#3275= IFCMATERIAL('NBS_Paxton10_Metal_Black');
#3276= IFCPRESENTATIONSTYLEASSIGNMENT((#3192));
#3278= IFCSTYLEDITEM($,(#3276),$);
#3280= IFCSTYLEDREPRESENTATION(#112,'Style','Material',(#3278));
#3282= IFCMATERIALDEFINITIONREPRESENTATION($,$,(#3280),#3275);
#3285= IFCMATERIALLIST((#3262,#3275,#3262,#3275));
#3287= IFCCLASSIFICATION('NBS','Systems v1.35',$,'Uniclass2015');
#3289= IFCCLASSIFICATIONREFERENCE($,'Pr_60_75_86_09',$,#3287);
#3290= IFCRELASSOCIATESCLASSIFICATION('3FpCoivOf3gwOdbs0sgpYp',#41,'Uniclass2015 Classification','',(#3259,#3308),#3289);
#3293= IFCCLASSIFICATION('http://www.csiorg.net/uniformat','1998',$,'Uniformat');
#3294= IFCCARTESIANTRANSFORMATIONOPERATOR3D($,$,#6,1.,$);
#3295= IFCMAPPEDITEM(#3257,#3294);
#3297= IFCSHAPEREPRESENTATION(#117,'Body','MappedRepresentation',(#3295));
#3299= IFCPRODUCTDEFINITIONSHAPE($,$,(#3297));
#3303= IFCCARTESIANPOINT((0.,0.,1219.20000000001));
#3305= IFCAXIS2PLACEMENT3D(#3303,#17,#11);
#3306= IFCLOCALPLACEMENT(#153,#3305);
#3308= IFCBUILDINGELEMENTPROXY('0rs1L0SFb4RgEhLr$G7qy3',#41,'NBS_PaxtonAccessLtd_IPBlltCmrs_Paxton10MiniBulletCameraCORESeries:Paxton10MiniBulletCamera\X2\2013\X0\CORESeries:411946',$,'NBS_PaxtonAccessLtd_IPBlltCmrs_Paxton10MiniBulletCameraCORESeries:Paxton10MiniBulletCamera\X2\2013\X0\CORESeries',#3306,#3299,'411946',$);
#3317= IFCMATERIALLIST((#3275,#3262));
#3319= IFCPROPERTYSINGLEVALUE('IfcExportAs',$,IFCTEXT('IfcAudioVisualApplianceType'),$);
#3320= IFCPROPERTYSINGLEVALUE('IfcExportType',$,IFCTEXT('CAMERA'),$);
#3321= IFCPROPERTYSET('0AVV9yxX955hWrDAhnbCJH',#41,'IFC','',(#3319,#3320));
#3323= IFCPROPERTYSINGLEVALUE('AccessibilityPerformance',$,IFCTEXT('n/a'),$);
#3324= IFCPROPERTYSINGLEVALUE('AssetIdentifier',$,IFCTEXT('n/a'),$);
#3325= IFCPROPERTYSINGLEVALUE('AssetType',$,IFCTEXT('Fixed'),$);
#3326= IFCPROPERTYSINGLEVALUE('BarCode',$,IFCTEXT('n/a'),$);
#3327= IFCPROPERTYSINGLEVALUE('Category',$,IFCTEXT('Pr_60_75_86_09:Internet protocol (IP) bullet cameras'),$);
#3328= IFCPROPERTYSINGLEVALUE('Color',$,IFCTEXT('White'),$);
#3329= IFCPROPERTYSINGLEVALUE('Finish',$,IFCTEXT('n/a'),$);
#3330= IFCPROPERTYSINGLEVALUE('Material',$,IFCTEXT('Metal'),$);
#3331= IFCPROPERTYSINGLEVALUE('Shape',$,IFCTEXT('Other'),$);
#3332= IFCPROPERTYSINGLEVALUE('Size',$,IFCTEXT('73.3 x 72.9 x 191 mm'),$);
#3333= IFCPROPERTYSINGLEVALUE('WarrantyDescription',$,IFCTEXT('Five year'),$);
#3334= IFCPROPERTYSINGLEVALUE('CodePerformance',$,IFCTEXT('n/a'),$);
#3335= IFCPROPERTYSINGLEVALUE('Constituents',$,IFCTEXT('n/a'),$);
#3336= IFCPROPERTYSINGLEVALUE('Description',$,IFCTEXT('IP, PoE, 4MP Camera with built in 64GB SD card,  IP67 rated for external use.'),$);
#3337= IFCPROPERTYSINGLEVALUE('DurationUnit',$,IFCTEXT('year'),$);
#3338= IFCPROPERTYSINGLEVALUE('ExpectedLife',$,IFCTEXT('n/a'),$);
#3339= IFCPROPERTYSINGLEVALUE('Features',$,IFCTEXT('4MP ultra-low light sensor capable of high-resolution recording (2560 \X2\00D7\X0\ 1440), 64GB high performance SD card'),$);
#3340= IFCPROPERTYSINGLEVALUE('Grade',$,IFCTEXT('n/a'),$);
#3341= IFCPROPERTYSINGLEVALUE('InstallationDate',$,IFCTEXT('1900-12-31T23:59:59'),$);
#3342= IFCPROPERTYSINGLEVALUE('Manufacturer',$,IFCTEXT('anthony.searle@paxton.co.uk'),$);
#3343= IFCPROPERTYSINGLEVALUE('ModelNumber',$,IFCTEXT('010-911'),$);
#3344= IFCPROPERTYSINGLEVALUE('ModelReference',$,IFCTEXT('Paxton10 Mini Bullet Camera \X2\2013\X0\ CORE Series'),$);
#3345= IFCPROPERTYSINGLEVALUE('Name',$,IFCTEXT('InternetProtocolIPBulletCameras_Paxton10MiniBulletCamera\X2\2013\X0\CORESeries_PaxtonAccessLtd'),$);
#3346= IFCPROPERTYSINGLEVALUE('NominalHeight',$,IFCLENGTHMEASURE(73.3),$);
#3347= IFCPROPERTYSINGLEVALUE('NominalLength',$,IFCLENGTHMEASURE(191.),$);
#3348= IFCPROPERTYSINGLEVALUE('NominalWidth',$,IFCLENGTHMEASURE(72.9),$);
#3349= IFCPROPERTYSINGLEVALUE('ReplacementCost',$,IFCTEXT('n/a'),$);
#3350= IFCPROPERTYSINGLEVALUE('SerialNumber',$,IFCTEXT('n/a'),$);
#3351= IFCPROPERTYSINGLEVALUE('SustainabilityPerformance',$,IFCTEXT('n/a'),$);
#3352= IFCPROPERTYSINGLEVALUE('TagNumber',$,IFCTEXT('n/a'),$);
#3353= IFCPROPERTYSINGLEVALUE('WarrantyDurationLabor',$,IFCTEXT('n/a'),$);
#3354= IFCPROPERTYSINGLEVALUE('WarrantyDurationParts',$,IFCTEXT('n/a'),$);
#3355= IFCPROPERTYSINGLEVALUE('WarrantyDurationUnit',$,IFCTEXT('year'),$);
#3356= IFCPROPERTYSINGLEVALUE('WarrantyGuarantorLabor',$,IFCTEXT('n/a'),$);
#3357= IFCPROPERTYSINGLEVALUE('WarrantyGuarantorParts',$,IFCTEXT('n/a'),$);
#3358= IFCPROPERTYSINGLEVALUE('WarrantyStartDate',$,IFCTEXT('1900-12-31T23:59:59'),$);
#3359= IFCPROPERTYSET('05x9Lv94vCzA7pMnDYvPJ0',#41,'COBie','',(#3323,#3324,#3325,#3326,#3327,#3328,#3329,#3330,#3331,#3332,#3333,#3334,#3335,#3336,#3337,#3338,#3339,#3340,#3341,#3342,#3343,#3344,#3345,#3346,#3347,#3348,#3349,#3350,#3351,#3352,#3353,#3354,#3355,#3356,#3357,#3358));
#3361= IFCPROPERTYSINGLEVALUE('Author',$,IFCTEXT('NBS'),$);
#3362= IFCPROPERTYSINGLEVALUE('BIMObjectName',$,IFCTEXT('NBS_PaxtonAccessLtd_InternetProtocolIPBulletCameras_Paxton10MiniBulletCamera\X2\2013\X0\CORESeries'),$);
#3363= IFCPROPERTYSINGLEVALUE('ManufacturerName',$,IFCTEXT('Paxton Access Ltd'),$);
#3364= IFCPROPERTYSINGLEVALUE('ManufacturerURL',$,IFCTEXT('https://www.paxton-access.com/specify-paxton/'),$);
#3365= IFCPROPERTYSINGLEVALUE('NBSInstanceId',$,IFCTEXT('089236e2-f7f4-41c5-b380-cf0edcb7b1f2'),$);
#3366= IFCPROPERTYSINGLEVALUE('NBSObjectId',$,IFCTEXT('7f1286a1-d4cd-4ae7-9b6b-1b77e83c91f7'),$);
#3367= IFCPROPERTYSINGLEVALUE('NBSVariantId',$,IFCTEXT('00000000-0000-0000-0000-000000000000'),$);
#3368= IFCPROPERTYSINGLEVALUE('ProductInformation',$,IFCTEXT('https://source.thenbs.com/product/-/7f1286a1-d4cd-4ae7-9b6b-1b77e83c91f7/089236e2-f7f4-41c5-b380-cf0edcb7b1f2'),$);
#3369= IFCPROPERTYSINGLEVALUE('Uniclass2015Code',$,IFCTEXT('Pr_60_75_86_09'),$);
#3370= IFCPROPERTYSINGLEVALUE('Uniclass2015Title',$,IFCTEXT('Internet protocol (IP) bullet cameras'),$);
#3371= IFCPROPERTYSINGLEVALUE('Uniclass2015Version',$,IFCTEXT('Products v1.35'),$);
#3372= IFCPROPERTYSINGLEVALUE('Version',$,IFCTEXT('6'),$);
#3373= IFCPROPERTYSET('0DjdpRb$P8JO5OFgKDRx5s',#41,'BOS_General','',(#3361,#3362,#3363,#3364,#3365,#3366,#3367,#3368,#3369,#3370,#3371,#3372));
#3375= IFCPROPERTYSINGLEVALUE('CountryOfProductManufacture',$,IFCTEXT('China'),$);
#3376= IFCPROPERTYSINGLEVALUE('Material',$,IFCTEXT('Metal'),$);
#3377= IFCPROPERTYSINGLEVALUE('Mounting',$,IFCTEXT('Wall,Ceiling'),$);
#3378= IFCPROPERTYSINGLEVALUE('OperatingTemperature',$,IFCTEXT('-30 to 60\X2\00B0\X0\C'),$);
#3379= IFCPROPERTYSINGLEVALUE('Recyclability',$,IFCTEXT('WEE'),$);
#3380= IFCPROPERTYSINGLEVALUE('Weight',$,IFCTEXT('590 g'),$);
#3381= IFCPROPERTYSINGLEVALUE('Type',$,IFCTEXT('NBS_PaxtonAccessLtd_IPBlltCmrs_Paxton10MiniBulletCameraCORESeries: Paxton10MiniBulletCamera\X2\2013\X0\CORESeries'),$);
#3382= IFCPROPERTYSINGLEVALUE('PowerSupply',$,IFCTEXT('12 V d.c,Power over Ethernet (PoE)'),$);
#3383= IFCPROPERTYSINGLEVALUE('VideoSystem',$,IFCTEXT('PAL,NTSC'),$);
#3384= IFCPROPERTYSINGLEVALUE('ResolutionMinimum',$,IFCTEXT('4 MP'),$);
#3385= IFCPROPERTYSINGLEVALUE('MinimumIllumination',$,IFCTEXT('0.003 lux at f1.4'),$);
#3386= IFCPROPERTYSINGLEVALUE('IntegratedIllumination',$,IFCTEXT('Infrared with 40 m range'),$);
#3387= IFCPROPERTYSINGLEVALUE('CameraFunctionsWideDynamicRange',$,IFCTEXT('120 dB wide dynamic range'),$);
#3388= IFCPROPERTYSINGLEVALUE('CameraFunctionsDayNightModeSwitching',$,IFCTEXT('Automatic'),$);
#3389= IFCPROPERTYSINGLEVALUE('LensFocalLength',$,IFCTEXT('2.8 mm'),$);
#3390= IFCPROPERTYSINGLEVALUE('LensApertureRange',$,IFCTEXT('f1.4'),$);
#3391= IFCPROPERTYSINGLEVALUE('LensAngleOfView',$,IFCTEXT('Horizontal field of view: 103\X2\00B0\X0\; Vertical field of view: 55\X2\00B0\X0\; Diagonal field of view: 123\X2\00B0\X0\'),$);
#3392= IFCPROPERTYSINGLEVALUE('NetworkProtocols',$,IFCTEXT('IP'),$);
#3393= IFCPROPERTYSINGLEVALUE('VideoCompressionFormats',$,IFCTEXT('H.264'),$);
#3394= IFCPROPERTYSINGLEVALUE('IntegralMemoryStorageMinimum',$,IFCTEXT('64 GB'),$);
#3395= IFCPROPERTYSINGLEVALUE('CameraHousingIngressProtectionMinimum',$,IFCTEXT('IP67'),$);
#3396= IFCPROPERTYSET('1Qbx49LyTF0BZb3pBz$RAd',#41,'NBS_Data','',(#3375,#3376,#3377,#3378,#3379,#3380,#3381,#3382,#3383,#3384,#3385,#3386,#3387,#3388,#3389,#3390,#3391,#3392,#3393,#3394,#3395));
#3398= IFCRELDEFINESBYPROPERTIES('3GkL_a5Oz5vODrqU8qk7Ov',#41,$,$,(#3308),#3321);
#3402= IFCRELDEFINESBYPROPERTIES('3xDvBDHAH1m82W665vVBhC',#41,$,$,(#3308),#3359);
#3405= IFCRELDEFINESBYPROPERTIES('2d$Sggeav9temNiPZ_9k4i',#41,$,$,(#3308),#3373);
#3408= IFCRELDEFINESBYPROPERTIES('34ZGReoRX08uO9szsgIF8z',#41,$,$,(#3308),#3396);
#3412= IFCPROPERTYSINGLEVALUE('IfcExportAs',$,IFCTEXT('IfcAudioVisualApplianceType'),$);
#3413= IFCPROPERTYSINGLEVALUE('IfcExportType',$,IFCTEXT('CAMERA'),$);
#3414= IFCPROPERTYSET('1s6uPMZGv3OuBmeHPlQttf',#41,'IFC',$,(#3412,#3413));
#3416= IFCPROPERTYSINGLEVALUE('AccessibilityPerformance',$,IFCTEXT('n/a'),$);
#3417= IFCPROPERTYSINGLEVALUE('AssetType',$,IFCTEXT('Fixed'),$);
#3418= IFCPROPERTYSINGLEVALUE('Category',$,IFCTEXT('Pr_60_75_86_09:Internet protocol (IP) bullet cameras'),$);
#3419= IFCPROPERTYSINGLEVALUE('Color',$,IFCTEXT('White'),$);
#3420= IFCPROPERTYSINGLEVALUE('Finish',$,IFCTEXT('n/a'),$);
#3421= IFCPROPERTYSINGLEVALUE('Material',$,IFCTEXT('Metal'),$);
#3422= IFCPROPERTYSINGLEVALUE('Shape',$,IFCTEXT('Other'),$);
#3423= IFCPROPERTYSINGLEVALUE('Size',$,IFCTEXT('73.3 x 72.9 x 191 mm'),$);
#3424= IFCPROPERTYSINGLEVALUE('WarrantyDescription',$,IFCTEXT('Five year'),$);
#3425= IFCPROPERTYSINGLEVALUE('CodePerformance',$,IFCTEXT('n/a'),$);
#3426= IFCPROPERTYSINGLEVALUE('Constituents',$,IFCTEXT('n/a'),$);
#3427= IFCPROPERTYSINGLEVALUE('Description',$,IFCTEXT('IP, PoE, 4MP Camera with built in 64GB SD card,  IP67 rated for external use.'),$);
#3428= IFCPROPERTYSINGLEVALUE('DurationUnit',$,IFCTEXT('year'),$);
#3429= IFCPROPERTYSINGLEVALUE('ExpectedLife',$,IFCTEXT('n/a'),$);
#3430= IFCPROPERTYSINGLEVALUE('Features',$,IFCTEXT('4MP ultra-low light sensor capable of high-resolution recording (2560 \X2\00D7\X0\ 1440), 64GB high performance SD card'),$);
#3431= IFCPROPERTYSINGLEVALUE('Grade',$,IFCTEXT('n/a'),$);
#3432= IFCPROPERTYSINGLEVALUE('Manufacturer',$,IFCTEXT('anthony.searle@paxton.co.uk'),$);
#3433= IFCPROPERTYSINGLEVALUE('ModelNumber',$,IFCTEXT('010-911'),$);
#3434= IFCPROPERTYSINGLEVALUE('ModelReference',$,IFCTEXT('Paxton10 Mini Bullet Camera \X2\2013\X0\ CORE Series'),$);
#3435= IFCPROPERTYSINGLEVALUE('Name',$,IFCTEXT('InternetProtocolIPBulletCameras_Paxton10MiniBulletCamera\X2\2013\X0\CORESeries_PaxtonAccessLtd'),$);
#3436= IFCPROPERTYSINGLEVALUE('NominalHeight',$,IFCLENGTHMEASURE(73.3),$);
#3437= IFCPROPERTYSINGLEVALUE('NominalLength',$,IFCLENGTHMEASURE(191.),$);
#3438= IFCPROPERTYSINGLEVALUE('NominalWidth',$,IFCLENGTHMEASURE(72.9),$);
#3439= IFCPROPERTYSINGLEVALUE('ReplacementCost',$,IFCTEXT('n/a'),$);
#3440= IFCPROPERTYSINGLEVALUE('SustainabilityPerformance',$,IFCTEXT('n/a'),$);
#3441= IFCPROPERTYSINGLEVALUE('WarrantyDurationLabor',$,IFCTEXT('n/a'),$);
#3442= IFCPROPERTYSINGLEVALUE('WarrantyDurationParts',$,IFCTEXT('n/a'),$);
#3443= IFCPROPERTYSINGLEVALUE('WarrantyDurationUnit',$,IFCTEXT('year'),$);
#3444= IFCPROPERTYSINGLEVALUE('WarrantyGuarantorLabor',$,IFCTEXT('n/a'),$);
#3445= IFCPROPERTYSINGLEVALUE('WarrantyGuarantorParts',$,IFCTEXT('n/a'),$);
#3446= IFCPROPERTYSET('195aT9LNrDGR9CsVN9GzP9',#41,'COBie',$,(#3416,#3417,#3418,#3419,#3420,#3421,#3422,#3423,#3424,#3425,#3426,#3427,#3428,#3429,#3430,#3431,#3432,#3433,#3434,#3435,#3436,#3437,#3438,#3439,#3440,#3441,#3442,#3443,#3444,#3445));
#3448= IFCPROPERTYSINGLEVALUE('Author',$,IFCTEXT('NBS'),$);
#3449= IFCPROPERTYSINGLEVALUE('BIMObjectName',$,IFCTEXT('NBS_PaxtonAccessLtd_InternetProtocolIPBulletCameras_Paxton10MiniBulletCamera\X2\2013\X0\CORESeries'),$);
#3450= IFCPROPERTYSINGLEVALUE('ManufacturerName',$,IFCTEXT('Paxton Access Ltd'),$);
#3451= IFCPROPERTYSINGLEVALUE('ManufacturerURL',$,IFCTEXT('https://www.paxton-access.com/specify-paxton/'),$);
#3452= IFCPROPERTYSINGLEVALUE('NBSInstanceId',$,IFCTEXT('089236e2-f7f4-41c5-b380-cf0edcb7b1f2'),$);
#3453= IFCPROPERTYSINGLEVALUE('NBSObjectId',$,IFCTEXT('7f1286a1-d4cd-4ae7-9b6b-1b77e83c91f7'),$);
#3454= IFCPROPERTYSINGLEVALUE('NBSVariantId',$,IFCTEXT('00000000-0000-0000-0000-000000000000'),$);
#3455= IFCPROPERTYSINGLEVALUE('ProductInformation',$,IFCTEXT('https://source.thenbs.com/product/-/7f1286a1-d4cd-4ae7-9b6b-1b77e83c91f7/089236e2-f7f4-41c5-b380-cf0edcb7b1f2'),$);
#3456= IFCPROPERTYSINGLEVALUE('Uniclass2015Code',$,IFCTEXT('Pr_60_75_86_09'),$);
#3457= IFCPROPERTYSINGLEVALUE('Uniclass2015Title',$,IFCTEXT('Internet protocol (IP) bullet cameras'),$);
#3458= IFCPROPERTYSINGLEVALUE('Uniclass2015Version',$,IFCTEXT('Products v1.35'),$);
#3459= IFCPROPERTYSINGLEVALUE('Version',$,IFCTEXT('6'),$);
#3460= IFCPROPERTYSET('3Q$lmjMx53buI4SgDpIrkJ',#41,'BOS_General',$,(#3448,#3449,#3450,#3451,#3452,#3453,#3454,#3455,#3456,#3457,#3458,#3459));
#3462= IFCPROPERTYSINGLEVALUE('CountryOfProductManufacture',$,IFCTEXT('China'),$);
#3463= IFCPROPERTYSINGLEVALUE('Material',$,IFCTEXT('Metal'),$);
#3464= IFCPROPERTYSINGLEVALUE('Mounting',$,IFCTEXT('Wall,Ceiling'),$);
#3465= IFCPROPERTYSINGLEVALUE('OperatingTemperature',$,IFCTEXT('-30 to 60\X2\00B0\X0\C'),$);
#3466= IFCPROPERTYSINGLEVALUE('Recyclability',$,IFCTEXT('WEE'),$);
#3467= IFCPROPERTYSINGLEVALUE('Weight',$,IFCTEXT('590 g'),$);
#3468= IFCPROPERTYSINGLEVALUE('PowerSupply',$,IFCTEXT('12 V d.c,Power over Ethernet (PoE)'),$);
#3469= IFCPROPERTYSINGLEVALUE('VideoSystem',$,IFCTEXT('PAL,NTSC'),$);
#3470= IFCPROPERTYSINGLEVALUE('ResolutionMinimum',$,IFCTEXT('4 MP'),$);
#3471= IFCPROPERTYSINGLEVALUE('MinimumIllumination',$,IFCTEXT('0.003 lux at f1.4'),$);
#3472= IFCPROPERTYSINGLEVALUE('IntegratedIllumination',$,IFCTEXT('Infrared with 40 m range'),$);
#3473= IFCPROPERTYSINGLEVALUE('CameraFunctionsWideDynamicRange',$,IFCTEXT('120 dB wide dynamic range'),$);
#3474= IFCPROPERTYSINGLEVALUE('CameraFunctionsDayNightModeSwitching',$,IFCTEXT('Automatic'),$);
#3475= IFCPROPERTYSINGLEVALUE('LensFocalLength',$,IFCTEXT('2.8 mm'),$);
#3476= IFCPROPERTYSINGLEVALUE('LensApertureRange',$,IFCTEXT('f1.4'),$);
#3477= IFCPROPERTYSINGLEVALUE('LensAngleOfView',$,IFCTEXT('Horizontal field of view: 103\X2\00B0\X0\; Vertical field of view: 55\X2\00B0\X0\; Diagonal field of view: 123\X2\00B0\X0\'),$);
#3478= IFCPROPERTYSINGLEVALUE('NetworkProtocols',$,IFCTEXT('IP'),$);
#3479= IFCPROPERTYSINGLEVALUE('VideoCompressionFormats',$,IFCTEXT('H.264'),$);
#3480= IFCPROPERTYSINGLEVALUE('IntegralMemoryStorageMinimum',$,IFCTEXT('64 GB'),$);
#3481= IFCPROPERTYSINGLEVALUE('CameraHousingIngressProtectionMinimum',$,IFCTEXT('IP67'),$);
#3482= IFCPROPERTYSET('3i8jmzO955I9AI4LNqhBJt',#41,'NBS_Data',$,(#3462,#3463,#3464,#3465,#3466,#3467,#3468,#3469,#3470,#3471,#3472,#3473,#3474,#3475,#3476,#3477,#3478,#3479,#3480,#3481));
#3490= IFCPROPERTYSINGLEVALUE('Category',$,IFCTEXT('Levels'),$);
#3491= IFCPROPERTYSINGLEVALUE('Name',$,IFCTEXT('Level 1'),$);
#3492= IFCPROPERTYSET('1gWK0y71nCBwE8KS6ynIKI',#41,'COBie','',(#3490,#3491));
#3494= IFCPROPERTYSINGLEVALUE('Type',$,IFCTEXT('Level: 8mm Head'),$);
#3495= IFCPROPERTYSET('2VY4z_pPv2sPkaX2OKLTCY',#41,'NBS_Data','',(#3494));
#3497= IFCRELDEFINESBYPROPERTIES('0mwFIzcp91I9TjPpTfYPAA',#41,$,$,(#155),#3492);
#3501= IFCRELDEFINESBYPROPERTIES('0VHNn357DFrhcqKffcBr$M',#41,$,$,(#155),#3495);
#3508= IFCRELAGGREGATES('2XyQMETJ16ze5WQMwgzFuL',#41,$,$,#120,(#165));
#3512= IFCRELAGGREGATES('0eQv8nJdX2aPGX9MlmEGf6',#41,$,$,#165,(#146));
#3516= IFCRELAGGREGATES('27PCKGLxT4mxtV9cw6mgBW',#41,$,$,#146,(#155));
#3520= IFCPROPERTYSINGLEVALUE('Category',$,IFCTEXT('Project Information'),$);
#3521= IFCPROPERTYSET('0Q8hzSJuP1B81qMWXLMD19',#41,'COBie','',(#3520));
#3523= IFCPROPERTYSINGLEVALUE('Author',$,$,$);
#3524= IFCPROPERTYSET('0KrdCAGJX8U8Qy0Y8wnCJI',#41,'BOS_General','',(#3523));
#3526= IFCRELDEFINESBYPROPERTIES('1STa1jgXH6wgQlDvhBkkyw',#41,$,$,(#146),#3521);
#3530= IFCRELDEFINESBYPROPERTIES('11eAPHbGH8rQQ_am$2k$wj',#41,$,$,(#146),#3524);
#3533= IFCRELASSOCIATESMATERIAL('3uhkHtJEbDeOTvk3ssVoHZ',#41,$,$,(#3259),#3285);
#3540= IFCPRESENTATIONLAYERASSIGNMENT('E-680-M_FSP_SEC',$,(#3253,#3297),$);
ENDSEC;

END-ISO-10303-21;
